002302201,https://minedbuildings.z5.web.core.windows.net/global-buildings/2026-02-03/global-buildings.geojsonl/RegionName=UnitedStates/quadkey=002302201/part-00090-4feead82-d499-422b-94cb-c036c212127a.c000.csv.gz
002302203,https://minedbuildings.z5.web.core.windows.net/global-buildings/2026-02-03/global-buildings.geojsonl/RegionName=UnitedStates/quadkey=002302203/part-00176-4feead82-d499-422b-94cb-c036c212127a.c000.csv.gz
020101301,https://minedbuildings.z5.web.core.windows.net/global-buildings/2026-02-03/global-buildings.geojsonl/RegionName=UnitedStates/quadkey=020101301/part-00005-4feead82-d499-422b-94cb-c036c212127a.c000.csv.gz
020101303,https://minedbuildings.z5.web.core.windows.net/global-buildings/2026-02-03/global-buildings.geojsonl/RegionName=UnitedStates/quadkey=020101303/part-00191-4feead82-d499-422b-94cb-c036c212127a.c000.csv.gz
020101310,https://minedbuildings.z5.web.core.windows.net/global-buildings/2026-02-03/global-buildings.geojsonl/RegionName=UnitedStates/quadkey=020101310/part-00059-4feead82-d499-422b-94cb-c036c212127a.c000.csv.gz
020101312,https://minedbuildings.z5.web.core.windows.net/global-buildings/2026-02-03/global-buildings.geojsonl/RegionName=UnitedStates/quadkey=020101312/part-00149-4feead82-d499-422b-94cb-c036c212127a.c000.csv.gz
020101321,https://minedbuildings.z5.web.core.windows.net/global-buildings/2026-02-03/global-buildings.geojsonl/RegionName=UnitedStates/quadkey=020101321/part-00127-4feead82-d499-422b-94cb-c036c212127a.c000.csv.gz
020101330,https://minedbuildings.z5.web.core.windows.net/global-buildings/2026-02-03/global-buildings.geojsonl/RegionName=UnitedStates/quadkey=020101330/part-00036-4feead82-d499-422b-94cb-c036c212127a.c000.csv.gz
020121010,https://minedbuildings.z5.web.core.windows.net/global-buildings/2026-02-03/global-buildings.geojsonl/RegionName=UnitedStates/quadkey=020121010/part-00135-4feead82-d499-422b-94cb-c036c212127a.c000.csv.gz
020121011,https://minedbuildings.z5.web.core.windows.net/global-buildings/2026-02-03/global-buildings.geojsonl/RegionName=UnitedStates/quadkey=020121011/part-00174-4feead82-d499-422b-94cb-c036c212127a.c000.csv.gz
020121012,https://minedbuildings.z5.web.core.windows.net/global-buildings/2026-02-03/global-buildings.geojsonl/RegionName=UnitedStates/quadkey=020121012/part-00091-4feead82-d499-422b-94cb-c036c212127a.c000.csv.gz
020121013,https://minedbuildings.z5.web.core.windows.net/global-buildings/2026-02-03/global-buildings.geojsonl/RegionName=UnitedStates/quadkey=020121013/part-00159-4feead82-d499-422b-94cb-c036c212127a.c000.csv.gz
020122131,https://minedbuildings.z5.web.core.windows.net/global-buildings/2026-02-03/global-buildings.geojsonl/RegionName=UnitedStates/quadkey=020122131/part-00166-4feead82-d499-422b-94cb-c036c212127a.c000.csv.gz
021022000,https://minedbuildings.z5.web.core.windows.net/global-buildings/2026-02-03/global-buildings.geojsonl/RegionName=UnitedStates/quadkey=021022000/part-00115-4feead82-d499-422b-94cb-c036c212127a.c000.csv.gz
021022001,https://minedbuildings.z5.web.core.windows.net/global-buildings/2026-02-03/global-buildings.geojsonl/RegionName=UnitedStates/quadkey=021022001/part-00115-4feead82-d499-422b-94cb-c036c212127a.c000.csv.gz
021022002,https://minedbuildings.z5.web.core.windows.net/global-buildings/2026-02-03/global-buildings.geojsonl/RegionName=UnitedStates/quadkey=021022002/part-00094-4feead82-d499-422b-94cb-c036c212127a.c000.csv.gz
021022003,https://minedbuildings.z5.web.core.windows.net/global-buildings/2026-02-03/global-buildings.geojsonl/RegionName=UnitedStates/quadkey=021022003/part-00019-4feead82-d499-422b-94cb-c036c212127a.c000.csv.gz
021212222,https://minedbuildings.z5.web.core.windows.net/global-buildings/2026-02-03/global-buildings.geojsonl/RegionName=UnitedStates/quadkey=021212222/part-00079-4feead82-d499-422b-94cb-c036c212127a.c000.csv.gz
021212223,https://minedbuildings.z5.web.core.windows.net/global-buildings/2026-02-03/global-buildings.geojsonl/RegionName=UnitedStates/quadkey=021212223/part-00104-4feead82-d499-422b-94cb-c036c212127a.c000.csv.gz
021212232,https://minedbuildings.z5.web.core.windows.net/global-buildings/2026-02-03/global-buildings.geojsonl/RegionName=UnitedStates/quadkey=021212232/part-00048-4feead82-d499-422b-94cb-c036c212127a.c000.csv.gz
021212233,https://minedbuildings.z5.web.core.windows.net/global-buildings/2026-02-03/global-buildings.geojsonl/RegionName=UnitedStates/quadkey=021212233/part-00129-4feead82-d499-422b-94cb-c036c212127a.c000.csv.gz
021212322,https://minedbuildings.z5.web.core.windows.net/global-buildings/2026-02-03/global-buildings.geojsonl/RegionName=UnitedStates/quadkey=021212322/part-00103-4feead82-d499-422b-94cb-c036c212127a.c000.csv.gz
021212323,https://minedbuildings.z5.web.core.windows.net/global-buildings/2026-02-03/global-buildings.geojsonl/RegionName=UnitedStates/quadkey=021212323/part-00039-4feead82-d499-422b-94cb-c036c212127a.c000.csv.gz
021212332,https://minedbuildings.z5.web.core.windows.net/global-buildings/2026-02-03/global-buildings.geojsonl/RegionName=UnitedStates/quadkey=021212332/part-00164-4feead82-d499-422b-94cb-c036c212127a.c000.csv.gz
021212333,https://minedbuildings.z5.web.core.windows.net/global-buildings/2026-02-03/global-buildings.geojsonl/RegionName=UnitedStates/quadkey=021212333/part-00128-4feead82-d499-422b-94cb-c036c212127a.c000.csv.gz
021213222,https://minedbuildings.z5.web.core.windows.net/global-buildings/2026-02-03/global-buildings.geojsonl/RegionName=UnitedStates/quadkey=021213222/part-00091-4feead82-d499-422b-94cb-c036c212127a.c000.csv.gz
021213223,https://minedbuildings.z5.web.core.windows.net/global-buildings/2026-02-03/global-buildings.geojsonl/RegionName=UnitedStates/quadkey=021213223/part-00025-4feead82-d499-422b-94cb-c036c212127a.c000.csv.gz
021213232,https://minedbuildings.z5.web.core.windows.net/global-buildings/2026-02-03/global-buildings.geojsonl/RegionName=UnitedStates/quadkey=021213232/part-00072-4feead82-d499-422b-94cb-c036c212127a.c000.csv.gz
021213233,https://minedbuildings.z5.web.core.windows.net/global-buildings/2026-02-03/global-buildings.geojsonl/RegionName=UnitedStates/quadkey=021213233/part-00118-4feead82-d499-422b-94cb-c036c212127a.c000.csv.gz
021213322,https://minedbuildings.z5.web.core.windows.net/global-buildings/2026-02-03/global-buildings.geojsonl/RegionName=UnitedStates/quadkey=021213322/part-00128-4feead82-d499-422b-94cb-c036c212127a.c000.csv.gz
021213323,https://minedbuildings.z5.web.core.windows.net/global-buildings/2026-02-03/global-buildings.geojsonl/RegionName=UnitedStates/quadkey=021213323/part-00118-4feead82-d499-422b-94cb-c036c212127a.c000.csv.gz
021213332,https://minedbuildings.z5.web.core.windows.net/global-buildings/2026-02-03/global-buildings.geojsonl/RegionName=UnitedStates/quadkey=021213332/part-00034-4feead82-d499-422b-94cb-c036c212127a.c000.csv.gz
021213333,https://minedbuildings.z5.web.core.windows.net/global-buildings/2026-02-03/global-buildings.geojsonl/RegionName=UnitedStates/quadkey=021213333/part-00111-4feead82-d499-422b-94cb-c036c212127a.c000.csv.gz
021221112,https://minedbuildings.z5.web.core.windows.net/global-buildings/2026-02-03/global-buildings.geojsonl/RegionName=UnitedStates/quadkey=021221112/part-00106-4feead82-d499-422b-94cb-c036c212127a.c000.csv.gz
021221113,https://minedbuildings.z5.web.core.windows.net/global-buildings/2026-02-03/global-buildings.geojsonl/RegionName=UnitedStates/quadkey=021221113/part-00088-4feead82-d499-422b-94cb-c036c212127a.c000.csv.gz
021221130,https://minedbuildings.z5.web.core.windows.net/global-buildings/2026-02-03/global-buildings.geojsonl/RegionName=UnitedStates/quadkey=021221130/part-00094-4feead82-d499-422b-94cb-c036c212127a.c000.csv.gz
021221131,https://minedbuildings.z5.web.core.windows.net/global-buildings/2026-02-03/global-buildings.geojsonl/RegionName=UnitedStates/quadkey=021221131/part-00048-4feead82-d499-422b-94cb-c036c212127a.c000.csv.gz
021221133,https://minedbuildings.z5.web.core.windows.net/global-buildings/2026-02-03/global-buildings.geojsonl/RegionName=UnitedStates/quadkey=021221133/part-00042-4feead82-d499-422b-94cb-c036c212127a.c000.csv.gz
021221311,https://minedbuildings.z5.web.core.windows.net/global-buildings/2026-02-03/global-buildings.geojsonl/RegionName=UnitedStates/quadkey=021221311/part-00011-4feead82-d499-422b-94cb-c036c212127a.c000.csv.gz
021221313,https://minedbuildings.z5.web.core.windows.net/global-buildings/2026-02-03/global-buildings.geojsonl/RegionName=UnitedStates/quadkey=021221313/part-00078-4feead82-d499-422b-94cb-c036c212127a.c000.csv.gz
021221331,https://minedbuildings.z5.web.core.windows.net/global-buildings/2026-02-03/global-buildings.geojsonl/RegionName=UnitedStates/quadkey=021221331/part-00116-4feead82-d499-422b-94cb-c036c212127a.c000.csv.gz
021221333,https://minedbuildings.z5.web.core.windows.net/global-buildings/2026-02-03/global-buildings.geojsonl/RegionName=UnitedStates/quadkey=021221333/part-00189-4feead82-d499-422b-94cb-c036c212127a.c000.csv.gz
021223111,https://minedbuildings.z5.web.core.windows.net/global-buildings/2026-02-03/global-buildings.geojsonl/RegionName=UnitedStates/quadkey=021223111/part-00075-4feead82-d499-422b-94cb-c036c212127a.c000.csv.gz
021223113,https://minedbuildings.z5.web.core.windows.net/global-buildings/2026-02-03/global-buildings.geojsonl/RegionName=UnitedStates/quadkey=021223113/part-00117-4feead82-d499-422b-94cb-c036c212127a.c000.csv.gz
021223131,https://minedbuildings.z5.web.core.windows.net/global-buildings/2026-02-03/global-buildings.geojsonl/RegionName=UnitedStates/quadkey=021223131/part-00150-4feead82-d499-422b-94cb-c036c212127a.c000.csv.gz
021223133,https://minedbuildings.z5.web.core.windows.net/global-buildings/2026-02-03/global-buildings.geojsonl/RegionName=UnitedStates/quadkey=021223133/part-00095-4feead82-d499-422b-94cb-c036c212127a.c000.csv.gz
021223310,https://minedbuildings.z5.web.core.windows.net/global-buildings/2026-02-03/global-buildings.geojsonl/RegionName=UnitedStates/quadkey=021223310/part-00003-4feead82-d499-422b-94cb-c036c212127a.c000.csv.gz
021223311,https://minedbuildings.z5.web.core.windows.net/global-buildings/2026-02-03/global-buildings.geojsonl/RegionName=UnitedStates/quadkey=021223311/part-00084-4feead82-d499-422b-94cb-c036c212127a.c000.csv.gz
021223313,https://minedbuildings.z5.web.core.windows.net/global-buildings/2026-02-03/global-buildings.geojsonl/RegionName=UnitedStates/quadkey=021223313/part-00018-4feead82-d499-422b-94cb-c036c212127a.c000.csv.gz
021223331,https://minedbuildings.z5.web.core.windows.net/global-buildings/2026-02-03/global-buildings.geojsonl/RegionName=UnitedStates/quadkey=021223331/part-00115-4feead82-d499-422b-94cb-c036c212127a.c000.csv.gz
021223333,https://minedbuildings.z5.web.core.windows.net/global-buildings/2026-02-03/global-buildings.geojsonl/RegionName=UnitedStates/quadkey=021223333/part-00054-4feead82-d499-422b-94cb-c036c212127a.c000.csv.gz
021230000,https://minedbuildings.z5.web.core.windows.net/global-buildings/2026-02-03/global-buildings.geojsonl/RegionName=UnitedStates/quadkey=021230000/part-00040-4feead82-d499-422b-94cb-c036c212127a.c000.csv.gz
021230001,https://minedbuildings.z5.web.core.windows.net/global-buildings/2026-02-03/global-buildings.geojsonl/RegionName=UnitedStates/quadkey=021230001/part-00051-4feead82-d499-422b-94cb-c036c212127a.c000.csv.gz
021230002,https://minedbuildings.z5.web.core.windows.net/global-buildings/2026-02-03/global-buildings.geojsonl/RegionName=UnitedStates/quadkey=021230002/part-00017-4feead82-d499-422b-94cb-c036c212127a.c000.csv.gz
021230003,https://minedbuildings.z5.web.core.windows.net/global-buildings/2026-02-03/global-buildings.geojsonl/RegionName=UnitedStates/quadkey=021230003/part-00081-4feead82-d499-422b-94cb-c036c212127a.c000.csv.gz
021230010,https://minedbuildings.z5.web.core.windows.net/global-buildings/2026-02-03/global-buildings.geojsonl/RegionName=UnitedStates/quadkey=021230010/part-00031-4feead82-d499-422b-94cb-c036c212127a.c000.csv.gz
021230011,https://minedbuildings.z5.web.core.windows.net/global-buildings/2026-02-03/global-buildings.geojsonl/RegionName=UnitedStates/quadkey=021230011/part-00150-4feead82-d499-422b-94cb-c036c212127a.c000.csv.gz
021230012,https://minedbuildings.z5.web.core.windows.net/global-buildings/2026-02-03/global-buildings.geojsonl/RegionName=UnitedStates/quadkey=021230012/part-00142-4feead82-d499-422b-94cb-c036c212127a.c000.csv.gz
021230013,https://minedbuildings.z5.web.core.windows.net/global-buildings/2026-02-03/global-buildings.geojsonl/RegionName=UnitedStates/quadkey=021230013/part-00011-4feead82-d499-422b-94cb-c036c212127a.c000.csv.gz
021230020,https://minedbuildings.z5.web.core.windows.net/global-buildings/2026-02-03/global-buildings.geojsonl/RegionName=UnitedStates/quadkey=021230020/part-00029-4feead82-d499-422b-94cb-c036c212127a.c000.csv.gz
021230021,https://minedbuildings.z5.web.core.windows.net/global-buildings/2026-02-03/global-buildings.geojsonl/RegionName=UnitedStates/quadkey=021230021/part-00115-4feead82-d499-422b-94cb-c036c212127a.c000.csv.gz
021230022,https://minedbuildings.z5.web.core.windows.net/global-buildings/2026-02-03/global-buildings.geojsonl/RegionName=UnitedStates/quadkey=021230022/part-00078-4feead82-d499-422b-94cb-c036c212127a.c000.csv.gz
021230023,https://minedbuildings.z5.web.core.windows.net/global-buildings/2026-02-03/global-buildings.geojsonl/RegionName=UnitedStates/quadkey=021230023/part-00141-4feead82-d499-422b-94cb-c036c212127a.c000.csv.gz
021230030,https://minedbuildings.z5.web.core.windows.net/global-buildings/2026-02-03/global-buildings.geojsonl/RegionName=UnitedStates/quadkey=021230030/part-00131-4feead82-d499-422b-94cb-c036c212127a.c000.csv.gz
021230031,https://minedbuildings.z5.web.core.windows.net/global-buildings/2026-02-03/global-buildings.geojsonl/RegionName=UnitedStates/quadkey=021230031/part-00052-4feead82-d499-422b-94cb-c036c212127a.c000.csv.gz
021230032,https://minedbuildings.z5.web.core.windows.net/global-buildings/2026-02-03/global-buildings.geojsonl/RegionName=UnitedStates/quadkey=021230032/part-00087-4feead82-d499-422b-94cb-c036c212127a.c000.csv.gz
021230033,https://minedbuildings.z5.web.core.windows.net/global-buildings/2026-02-03/global-buildings.geojsonl/RegionName=UnitedStates/quadkey=021230033/part-00155-4feead82-d499-422b-94cb-c036c212127a.c000.csv.gz
021230100,https://minedbuildings.z5.web.core.windows.net/global-buildings/2026-02-03/global-buildings.geojsonl/RegionName=UnitedStates/quadkey=021230100/part-00103-4feead82-d499-422b-94cb-c036c212127a.c000.csv.gz
021230101,https://minedbuildings.z5.web.core.windows.net/global-buildings/2026-02-03/global-buildings.geojsonl/RegionName=UnitedStates/quadkey=021230101/part-00027-4feead82-d499-422b-94cb-c036c212127a.c000.csv.gz
021230102,https://minedbuildings.z5.web.core.windows.net/global-buildings/2026-02-03/global-buildings.geojsonl/RegionName=UnitedStates/quadkey=021230102/part-00095-4feead82-d499-422b-94cb-c036c212127a.c000.csv.gz
021230103,https://minedbuildings.z5.web.core.windows.net/global-buildings/2026-02-03/global-buildings.geojsonl/RegionName=UnitedStates/quadkey=021230103/part-00110-4feead82-d499-422b-94cb-c036c212127a.c000.csv.gz
021230110,https://minedbuildings.z5.web.core.windows.net/global-buildings/2026-02-03/global-buildings.geojsonl/RegionName=UnitedStates/quadkey=021230110/part-00067-4feead82-d499-422b-94cb-c036c212127a.c000.csv.gz
021230111,https://minedbuildings.z5.web.core.windows.net/global-buildings/2026-02-03/global-buildings.geojsonl/RegionName=UnitedStates/quadkey=021230111/part-00181-4feead82-d499-422b-94cb-c036c212127a.c000.csv.gz
021230112,https://minedbuildings.z5.web.core.windows.net/global-buildings/2026-02-03/global-buildings.geojsonl/RegionName=UnitedStates/quadkey=021230112/part-00113-4feead82-d499-422b-94cb-c036c212127a.c000.csv.gz
021230113,https://minedbuildings.z5.web.core.windows.net/global-buildings/2026-02-03/global-buildings.geojsonl/RegionName=UnitedStates/quadkey=021230113/part-00171-4feead82-d499-422b-94cb-c036c212127a.c000.csv.gz
021230120,https://minedbuildings.z5.web.core.windows.net/global-buildings/2026-02-03/global-buildings.geojsonl/RegionName=UnitedStates/quadkey=021230120/part-00020-4feead82-d499-422b-94cb-c036c212127a.c000.csv.gz
021230121,https://minedbuildings.z5.web.core.windows.net/global-buildings/2026-02-03/global-buildings.geojsonl/RegionName=UnitedStates/quadkey=021230121/part-00174-4feead82-d499-422b-94cb-c036c212127a.c000.csv.gz
021230122,https://minedbuildings.z5.web.core.windows.net/global-buildings/2026-02-03/global-buildings.geojsonl/RegionName=UnitedStates/quadkey=021230122/part-00093-4feead82-d499-422b-94cb-c036c212127a.c000.csv.gz
021230123,https://minedbuildings.z5.web.core.windows.net/global-buildings/2026-02-03/global-buildings.geojsonl/RegionName=UnitedStates/quadkey=021230123/part-00081-4feead82-d499-422b-94cb-c036c212127a.c000.csv.gz
021230130,https://minedbuildings.z5.web.core.windows.net/global-buildings/2026-02-03/global-buildings.geojsonl/RegionName=UnitedStates/quadkey=021230130/part-00137-4feead82-d499-422b-94cb-c036c212127a.c000.csv.gz
021230131,https://minedbuildings.z5.web.core.windows.net/global-buildings/2026-02-03/global-buildings.geojsonl/RegionName=UnitedStates/quadkey=021230131/part-00095-4feead82-d499-422b-94cb-c036c212127a.c000.csv.gz
021230132,https://minedbuildings.z5.web.core.windows.net/global-buildings/2026-02-03/global-buildings.geojsonl/RegionName=UnitedStates/quadkey=021230132/part-00165-4feead82-d499-422b-94cb-c036c212127a.c000.csv.gz
021230133,https://minedbuildings.z5.web.core.windows.net/global-buildings/2026-02-03/global-buildings.geojsonl/RegionName=UnitedStates/quadkey=021230133/part-00124-4feead82-d499-422b-94cb-c036c212127a.c000.csv.gz
021230200,https://minedbuildings.z5.web.core.windows.net/global-buildings/2026-02-03/global-buildings.geojsonl/RegionName=UnitedStates/quadkey=021230200/part-00051-4feead82-d499-422b-94cb-c036c212127a.c000.csv.gz
021230201,https://minedbuildings.z5.web.core.windows.net/global-buildings/2026-02-03/global-buildings.geojsonl/RegionName=UnitedStates/quadkey=021230201/part-00049-4feead82-d499-422b-94cb-c036c212127a.c000.csv.gz
021230202,https://minedbuildings.z5.web.core.windows.net/global-buildings/2026-02-03/global-buildings.geojsonl/RegionName=UnitedStates/quadkey=021230202/part-00056-4feead82-d499-422b-94cb-c036c212127a.c000.csv.gz
021230203,https://minedbuildings.z5.web.core.windows.net/global-buildings/2026-02-03/global-buildings.geojsonl/RegionName=UnitedStates/quadkey=021230203/part-00074-4feead82-d499-422b-94cb-c036c212127a.c000.csv.gz
021230210,https://minedbuildings.z5.web.core.windows.net/global-buildings/2026-02-03/global-buildings.geojsonl/RegionName=UnitedStates/quadkey=021230210/part-00147-4feead82-d499-422b-94cb-c036c212127a.c000.csv.gz
021230211,https://minedbuildings.z5.web.core.windows.net/global-buildings/2026-02-03/global-buildings.geojsonl/RegionName=UnitedStates/quadkey=021230211/part-00084-4feead82-d499-422b-94cb-c036c212127a.c000.csv.gz
021230212,https://minedbuildings.z5.web.core.windows.net/global-buildings/2026-02-03/global-buildings.geojsonl/RegionName=UnitedStates/quadkey=021230212/part-00071-4feead82-d499-422b-94cb-c036c212127a.c000.csv.gz
021230213,https://minedbuildings.z5.web.core.windows.net/global-buildings/2026-02-03/global-buildings.geojsonl/RegionName=UnitedStates/quadkey=021230213/part-00084-4feead82-d499-422b-94cb-c036c212127a.c000.csv.gz
021230220,https://minedbuildings.z5.web.core.windows.net/global-buildings/2026-02-03/global-buildings.geojsonl/RegionName=UnitedStates/quadkey=021230220/part-00111-4feead82-d499-422b-94cb-c036c212127a.c000.csv.gz
021230221,https://minedbuildings.z5.web.core.windows.net/global-buildings/2026-02-03/global-buildings.geojsonl/RegionName=UnitedStates/quadkey=021230221/part-00093-4feead82-d499-422b-94cb-c036c212127a.c000.csv.gz
021230222,https://minedbuildings.z5.web.core.windows.net/global-buildings/2026-02-03/global-buildings.geojsonl/RegionName=UnitedStates/quadkey=021230222/part-00180-4feead82-d499-422b-94cb-c036c212127a.c000.csv.gz
021230223,https://minedbuildings.z5.web.core.windows.net/global-buildings/2026-02-03/global-buildings.geojsonl/RegionName=UnitedStates/quadkey=021230223/part-00092-4feead82-d499-422b-94cb-c036c212127a.c000.csv.gz
021230230,https://minedbuildings.z5.web.core.windows.net/global-buildings/2026-02-03/global-buildings.geojsonl/RegionName=UnitedStates/quadkey=021230230/part-00197-4feead82-d499-422b-94cb-c036c212127a.c000.csv.gz
021230231,https://minedbuildings.z5.web.core.windows.net/global-buildings/2026-02-03/global-buildings.geojsonl/RegionName=UnitedStates/quadkey=021230231/part-00133-4feead82-d499-422b-94cb-c036c212127a.c000.csv.gz
021230232,https://minedbuildings.z5.web.core.windows.net/global-buildings/2026-02-03/global-buildings.geojsonl/RegionName=UnitedStates/quadkey=021230232/part-00058-4feead82-d499-422b-94cb-c036c212127a.c000.csv.gz
021230233,https://minedbuildings.z5.web.core.windows.net/global-buildings/2026-02-03/global-buildings.geojsonl/RegionName=UnitedStates/quadkey=021230233/part-00104-4feead82-d499-422b-94cb-c036c212127a.c000.csv.gz
021230300,https://minedbuildings.z5.web.core.windows.net/global-buildings/2026-02-03/global-buildings.geojsonl/RegionName=UnitedStates/quadkey=021230300/part-00123-4feead82-d499-422b-94cb-c036c212127a.c000.csv.gz
021230301,https://minedbuildings.z5.web.core.windows.net/global-buildings/2026-02-03/global-buildings.geojsonl/RegionName=UnitedStates/quadkey=021230301/part-00101-4feead82-d499-422b-94cb-c036c212127a.c000.csv.gz
021230302,https://minedbuildings.z5.web.core.windows.net/global-buildings/2026-02-03/global-buildings.geojsonl/RegionName=UnitedStates/quadkey=021230302/part-00163-4feead82-d499-422b-94cb-c036c212127a.c000.csv.gz
021230303,https://minedbuildings.z5.web.core.windows.net/global-buildings/2026-02-03/global-buildings.geojsonl/RegionName=UnitedStates/quadkey=021230303/part-00124-4feead82-d499-422b-94cb-c036c212127a.c000.csv.gz
021230310,https://minedbuildings.z5.web.core.windows.net/global-buildings/2026-02-03/global-buildings.geojsonl/RegionName=UnitedStates/quadkey=021230310/part-00064-4feead82-d499-422b-94cb-c036c212127a.c000.csv.gz
021230311,https://minedbuildings.z5.web.core.windows.net/global-buildings/2026-02-03/global-buildings.geojsonl/RegionName=UnitedStates/quadkey=021230311/part-00079-4feead82-d499-422b-94cb-c036c212127a.c000.csv.gz
021230312,https://minedbuildings.z5.web.core.windows.net/global-buildings/2026-02-03/global-buildings.geojsonl/RegionName=UnitedStates/quadkey=021230312/part-00027-4feead82-d499-422b-94cb-c036c212127a.c000.csv.gz
021230313,https://minedbuildings.z5.web.core.windows.net/global-buildings/2026-02-03/global-buildings.geojsonl/RegionName=UnitedStates/quadkey=021230313/part-00152-4feead82-d499-422b-94cb-c036c212127a.c000.csv.gz
021230320,https://minedbuildings.z5.web.core.windows.net/global-buildings/2026-02-03/global-buildings.geojsonl/RegionName=UnitedStates/quadkey=021230320/part-00083-4feead82-d499-422b-94cb-c036c212127a.c000.csv.gz
021230321,https://minedbuildings.z5.web.core.windows.net/global-buildings/2026-02-03/global-buildings.geojsonl/RegionName=UnitedStates/quadkey=021230321/part-00095-4feead82-d499-422b-94cb-c036c212127a.c000.csv.gz
021230322,https://minedbuildings.z5.web.core.windows.net/global-buildings/2026-02-03/global-buildings.geojsonl/RegionName=UnitedStates/quadkey=021230322/part-00003-4feead82-d499-422b-94cb-c036c212127a.c000.csv.gz
021230323,https://minedbuildings.z5.web.core.windows.net/global-buildings/2026-02-03/global-buildings.geojsonl/RegionName=UnitedStates/quadkey=021230323/part-00107-4feead82-d499-422b-94cb-c036c212127a.c000.csv.gz
021230330,https://minedbuildings.z5.web.core.windows.net/global-buildings/2026-02-03/global-buildings.geojsonl/RegionName=UnitedStates/quadkey=021230330/part-00040-4feead82-d499-422b-94cb-c036c212127a.c000.csv.gz
021230331,https://minedbuildings.z5.web.core.windows.net/global-buildings/2026-02-03/global-buildings.geojsonl/RegionName=UnitedStates/quadkey=021230331/part-00109-4feead82-d499-422b-94cb-c036c212127a.c000.csv.gz
021230332,https://minedbuildings.z5.web.core.windows.net/global-buildings/2026-02-03/global-buildings.geojsonl/RegionName=UnitedStates/quadkey=021230332/part-00168-4feead82-d499-422b-94cb-c036c212127a.c000.csv.gz
021230333,https://minedbuildings.z5.web.core.windows.net/global-buildings/2026-02-03/global-buildings.geojsonl/RegionName=UnitedStates/quadkey=021230333/part-00037-4feead82-d499-422b-94cb-c036c212127a.c000.csv.gz
021231000,https://minedbuildings.z5.web.core.windows.net/global-buildings/2026-02-03/global-buildings.geojsonl/RegionName=UnitedStates/quadkey=021231000/part-00188-4feead82-d499-422b-94cb-c036c212127a.c000.csv.gz
021231001,https://minedbuildings.z5.web.core.windows.net/global-buildings/2026-02-03/global-buildings.geojsonl/RegionName=UnitedStates/quadkey=021231001/part-00163-4feead82-d499-422b-94cb-c036c212127a.c000.csv.gz
021231002,https://minedbuildings.z5.web.core.windows.net/global-buildings/2026-02-03/global-buildings.geojsonl/RegionName=UnitedStates/quadkey=021231002/part-00138-4feead82-d499-422b-94cb-c036c212127a.c000.csv.gz
021231003,https://minedbuildings.z5.web.core.windows.net/global-buildings/2026-02-03/global-buildings.geojsonl/RegionName=UnitedStates/quadkey=021231003/part-00030-4feead82-d499-422b-94cb-c036c212127a.c000.csv.gz
021231010,https://minedbuildings.z5.web.core.windows.net/global-buildings/2026-02-03/global-buildings.geojsonl/RegionName=UnitedStates/quadkey=021231010/part-00116-4feead82-d499-422b-94cb-c036c212127a.c000.csv.gz
021231011,https://minedbuildings.z5.web.core.windows.net/global-buildings/2026-02-03/global-buildings.geojsonl/RegionName=UnitedStates/quadkey=021231011/part-00184-4feead82-d499-422b-94cb-c036c212127a.c000.csv.gz
021231012,https://minedbuildings.z5.web.core.windows.net/global-buildings/2026-02-03/global-buildings.geojsonl/RegionName=UnitedStates/quadkey=021231012/part-00037-4feead82-d499-422b-94cb-c036c212127a.c000.csv.gz
021231013,https://minedbuildings.z5.web.core.windows.net/global-buildings/2026-02-03/global-buildings.geojsonl/RegionName=UnitedStates/quadkey=021231013/part-00146-4feead82-d499-422b-94cb-c036c212127a.c000.csv.gz
021231020,https://minedbuildings.z5.web.core.windows.net/global-buildings/2026-02-03/global-buildings.geojsonl/RegionName=UnitedStates/quadkey=021231020/part-00049-4feead82-d499-422b-94cb-c036c212127a.c000.csv.gz
021231021,https://minedbuildings.z5.web.core.windows.net/global-buildings/2026-02-03/global-buildings.geojsonl/RegionName=UnitedStates/quadkey=021231021/part-00138-4feead82-d499-422b-94cb-c036c212127a.c000.csv.gz
021231022,https://minedbuildings.z5.web.core.windows.net/global-buildings/2026-02-03/global-buildings.geojsonl/RegionName=UnitedStates/quadkey=021231022/part-00154-4feead82-d499-422b-94cb-c036c212127a.c000.csv.gz
021231023,https://minedbuildings.z5.web.core.windows.net/global-buildings/2026-02-03/global-buildings.geojsonl/RegionName=UnitedStates/quadkey=021231023/part-00089-4feead82-d499-422b-94cb-c036c212127a.c000.csv.gz
021231030,https://minedbuildings.z5.web.core.windows.net/global-buildings/2026-02-03/global-buildings.geojsonl/RegionName=UnitedStates/quadkey=021231030/part-00062-4feead82-d499-422b-94cb-c036c212127a.c000.csv.gz
021231031,https://minedbuildings.z5.web.core.windows.net/global-buildings/2026-02-03/global-buildings.geojsonl/RegionName=UnitedStates/quadkey=021231031/part-00172-4feead82-d499-422b-94cb-c036c212127a.c000.csv.gz
021231032,https://minedbuildings.z5.web.core.windows.net/global-buildings/2026-02-03/global-buildings.geojsonl/RegionName=UnitedStates/quadkey=021231032/part-00053-4feead82-d499-422b-94cb-c036c212127a.c000.csv.gz
021231033,https://minedbuildings.z5.web.core.windows.net/global-buildings/2026-02-03/global-buildings.geojsonl/RegionName=UnitedStates/quadkey=021231033/part-00042-4feead82-d499-422b-94cb-c036c212127a.c000.csv.gz
021231100,https://minedbuildings.z5.web.core.windows.net/global-buildings/2026-02-03/global-buildings.geojsonl/RegionName=UnitedStates/quadkey=021231100/part-00013-4feead82-d499-422b-94cb-c036c212127a.c000.csv.gz
021231101,https://minedbuildings.z5.web.core.windows.net/global-buildings/2026-02-03/global-buildings.geojsonl/RegionName=UnitedStates/quadkey=021231101/part-00122-4feead82-d499-422b-94cb-c036c212127a.c000.csv.gz
021231102,https://minedbuildings.z5.web.core.windows.net/global-buildings/2026-02-03/global-buildings.geojsonl/RegionName=UnitedStates/quadkey=021231102/part-00000-4feead82-d499-422b-94cb-c036c212127a.c000.csv.gz
021231103,https://minedbuildings.z5.web.core.windows.net/global-buildings/2026-02-03/global-buildings.geojsonl/RegionName=UnitedStates/quadkey=021231103/part-00036-4feead82-d499-422b-94cb-c036c212127a.c000.csv.gz
021231110,https://minedbuildings.z5.web.core.windows.net/global-buildings/2026-02-03/global-buildings.geojsonl/RegionName=UnitedStates/quadkey=021231110/part-00096-4feead82-d499-422b-94cb-c036c212127a.c000.csv.gz
021231111,https://minedbuildings.z5.web.core.windows.net/global-buildings/2026-02-03/global-buildings.geojsonl/RegionName=UnitedStates/quadkey=021231111/part-00102-4feead82-d499-422b-94cb-c036c212127a.c000.csv.gz
021231112,https://minedbuildings.z5.web.core.windows.net/global-buildings/2026-02-03/global-buildings.geojsonl/RegionName=UnitedStates/quadkey=021231112/part-00006-4feead82-d499-422b-94cb-c036c212127a.c000.csv.gz
021231113,https://minedbuildings.z5.web.core.windows.net/global-buildings/2026-02-03/global-buildings.geojsonl/RegionName=UnitedStates/quadkey=021231113/part-00046-4feead82-d499-422b-94cb-c036c212127a.c000.csv.gz
021231120,https://minedbuildings.z5.web.core.windows.net/global-buildings/2026-02-03/global-buildings.geojsonl/RegionName=UnitedStates/quadkey=021231120/part-00160-4feead82-d499-422b-94cb-c036c212127a.c000.csv.gz
021231121,https://minedbuildings.z5.web.core.windows.net/global-buildings/2026-02-03/global-buildings.geojsonl/RegionName=UnitedStates/quadkey=021231121/part-00192-4feead82-d499-422b-94cb-c036c212127a.c000.csv.gz
021231122,https://minedbuildings.z5.web.core.windows.net/global-buildings/2026-02-03/global-buildings.geojsonl/RegionName=UnitedStates/quadkey=021231122/part-00083-4feead82-d499-422b-94cb-c036c212127a.c000.csv.gz
021231123,https://minedbuildings.z5.web.core.windows.net/global-buildings/2026-02-03/global-buildings.geojsonl/RegionName=UnitedStates/quadkey=021231123/part-00006-4feead82-d499-422b-94cb-c036c212127a.c000.csv.gz
021231130,https://minedbuildings.z5.web.core.windows.net/global-buildings/2026-02-03/global-buildings.geojsonl/RegionName=UnitedStates/quadkey=021231130/part-00064-4feead82-d499-422b-94cb-c036c212127a.c000.csv.gz
021231131,https://minedbuildings.z5.web.core.windows.net/global-buildings/2026-02-03/global-buildings.geojsonl/RegionName=UnitedStates/quadkey=021231131/part-00180-4feead82-d499-422b-94cb-c036c212127a.c000.csv.gz
021231132,https://minedbuildings.z5.web.core.windows.net/global-buildings/2026-02-03/global-buildings.geojsonl/RegionName=UnitedStates/quadkey=021231132/part-00016-4feead82-d499-422b-94cb-c036c212127a.c000.csv.gz
021231133,https://minedbuildings.z5.web.core.windows.net/global-buildings/2026-02-03/global-buildings.geojsonl/RegionName=UnitedStates/quadkey=021231133/part-00082-4feead82-d499-422b-94cb-c036c212127a.c000.csv.gz
021231200,https://minedbuildings.z5.web.core.windows.net/global-buildings/2026-02-03/global-buildings.geojsonl/RegionName=UnitedStates/quadkey=021231200/part-00107-4feead82-d499-422b-94cb-c036c212127a.c000.csv.gz
021231201,https://minedbuildings.z5.web.core.windows.net/global-buildings/2026-02-03/global-buildings.geojsonl/RegionName=UnitedStates/quadkey=021231201/part-00014-4feead82-d499-422b-94cb-c036c212127a.c000.csv.gz
021231202,https://minedbuildings.z5.web.core.windows.net/global-buildings/2026-02-03/global-buildings.geojsonl/RegionName=UnitedStates/quadkey=021231202/part-00073-4feead82-d499-422b-94cb-c036c212127a.c000.csv.gz
021231203,https://minedbuildings.z5.web.core.windows.net/global-buildings/2026-02-03/global-buildings.geojsonl/RegionName=UnitedStates/quadkey=021231203/part-00189-4feead82-d499-422b-94cb-c036c212127a.c000.csv.gz
021231210,https://minedbuildings.z5.web.core.windows.net/global-buildings/2026-02-03/global-buildings.geojsonl/RegionName=UnitedStates/quadkey=021231210/part-00126-4feead82-d499-422b-94cb-c036c212127a.c000.csv.gz
021231211,https://minedbuildings.z5.web.core.windows.net/global-buildings/2026-02-03/global-buildings.geojsonl/RegionName=UnitedStates/quadkey=021231211/part-00063-4feead82-d499-422b-94cb-c036c212127a.c000.csv.gz
021231212,https://minedbuildings.z5.web.core.windows.net/global-buildings/2026-02-03/global-buildings.geojsonl/RegionName=UnitedStates/quadkey=021231212/part-00167-4feead82-d499-422b-94cb-c036c212127a.c000.csv.gz
021231213,https://minedbuildings.z5.web.core.windows.net/global-buildings/2026-02-03/global-buildings.geojsonl/RegionName=UnitedStates/quadkey=021231213/part-00061-4feead82-d499-422b-94cb-c036c212127a.c000.csv.gz
021231220,https://minedbuildings.z5.web.core.windows.net/global-buildings/2026-02-03/global-buildings.geojsonl/RegionName=UnitedStates/quadkey=021231220/part-00004-4feead82-d499-422b-94cb-c036c212127a.c000.csv.gz
021231221,https://minedbuildings.z5.web.core.windows.net/global-buildings/2026-02-03/global-buildings.geojsonl/RegionName=UnitedStates/quadkey=021231221/part-00005-4feead82-d499-422b-94cb-c036c212127a.c000.csv.gz
021231222,https://minedbuildings.z5.web.core.windows.net/global-buildings/2026-02-03/global-buildings.geojsonl/RegionName=UnitedStates/quadkey=021231222/part-00119-4feead82-d499-422b-94cb-c036c212127a.c000.csv.gz
021231223,https://minedbuildings.z5.web.core.windows.net/global-buildings/2026-02-03/global-buildings.geojsonl/RegionName=UnitedStates/quadkey=021231223/part-00122-4feead82-d499-422b-94cb-c036c212127a.c000.csv.gz
021231230,https://minedbuildings.z5.web.core.windows.net/global-buildings/2026-02-03/global-buildings.geojsonl/RegionName=UnitedStates/quadkey=021231230/part-00039-4feead82-d499-422b-94cb-c036c212127a.c000.csv.gz
021231231,https://minedbuildings.z5.web.core.windows.net/global-buildings/2026-02-03/global-buildings.geojsonl/RegionName=UnitedStates/quadkey=021231231/part-00161-4feead82-d499-422b-94cb-c036c212127a.c000.csv.gz
021231232,https://minedbuildings.z5.web.core.windows.net/global-buildings/2026-02-03/global-buildings.geojsonl/RegionName=UnitedStates/quadkey=021231232/part-00159-4feead82-d499-422b-94cb-c036c212127a.c000.csv.gz
021231233,https://minedbuildings.z5.web.core.windows.net/global-buildings/2026-02-03/global-buildings.geojsonl/RegionName=UnitedStates/quadkey=021231233/part-00075-4feead82-d499-422b-94cb-c036c212127a.c000.csv.gz
021231300,https://minedbuildings.z5.web.core.windows.net/global-buildings/2026-02-03/global-buildings.geojsonl/RegionName=UnitedStates/quadkey=021231300/part-00118-4feead82-d499-422b-94cb-c036c212127a.c000.csv.gz
021231301,https://minedbuildings.z5.web.core.windows.net/global-buildings/2026-02-03/global-buildings.geojsonl/RegionName=UnitedStates/quadkey=021231301/part-00028-4feead82-d499-422b-94cb-c036c212127a.c000.csv.gz
021231302,https://minedbuildings.z5.web.core.windows.net/global-buildings/2026-02-03/global-buildings.geojsonl/RegionName=UnitedStates/quadkey=021231302/part-00103-4feead82-d499-422b-94cb-c036c212127a.c000.csv.gz
021231303,https://minedbuildings.z5.web.core.windows.net/global-buildings/2026-02-03/global-buildings.geojsonl/RegionName=UnitedStates/quadkey=021231303/part-00194-4feead82-d499-422b-94cb-c036c212127a.c000.csv.gz
021231310,https://minedbuildings.z5.web.core.windows.net/global-buildings/2026-02-03/global-buildings.geojsonl/RegionName=UnitedStates/quadkey=021231310/part-00000-4feead82-d499-422b-94cb-c036c212127a.c000.csv.gz
021231311,https://minedbuildings.z5.web.core.windows.net/global-buildings/2026-02-03/global-buildings.geojsonl/RegionName=UnitedStates/quadkey=021231311/part-00168-4feead82-d499-422b-94cb-c036c212127a.c000.csv.gz
021231312,https://minedbuildings.z5.web.core.windows.net/global-buildings/2026-02-03/global-buildings.geojsonl/RegionName=UnitedStates/quadkey=021231312/part-00191-4feead82-d499-422b-94cb-c036c212127a.c000.csv.gz
021231313,https://minedbuildings.z5.web.core.windows.net/global-buildings/2026-02-03/global-buildings.geojsonl/RegionName=UnitedStates/quadkey=021231313/part-00153-4feead82-d499-422b-94cb-c036c212127a.c000.csv.gz
021231320,https://minedbuildings.z5.web.core.windows.net/global-buildings/2026-02-03/global-buildings.geojsonl/RegionName=UnitedStates/quadkey=021231320/part-00073-4feead82-d499-422b-94cb-c036c212127a.c000.csv.gz
021231321,https://minedbuildings.z5.web.core.windows.net/global-buildings/2026-02-03/global-buildings.geojsonl/RegionName=UnitedStates/quadkey=021231321/part-00048-4feead82-d499-422b-94cb-c036c212127a.c000.csv.gz
021231322,https://minedbuildings.z5.web.core.windows.net/global-buildings/2026-02-03/global-buildings.geojsonl/RegionName=UnitedStates/quadkey=021231322/part-00028-4feead82-d499-422b-94cb-c036c212127a.c000.csv.gz
021231323,https://minedbuildings.z5.web.core.windows.net/global-buildings/2026-02-03/global-buildings.geojsonl/RegionName=UnitedStates/quadkey=021231323/part-00177-4feead82-d499-422b-94cb-c036c212127a.c000.csv.gz
021231330,https://minedbuildings.z5.web.core.windows.net/global-buildings/2026-02-03/global-buildings.geojsonl/RegionName=UnitedStates/quadkey=021231330/part-00073-4feead82-d499-422b-94cb-c036c212127a.c000.csv.gz
021231331,https://minedbuildings.z5.web.core.windows.net/global-buildings/2026-02-03/global-buildings.geojsonl/RegionName=UnitedStates/quadkey=021231331/part-00117-4feead82-d499-422b-94cb-c036c212127a.c000.csv.gz
021231332,https://minedbuildings.z5.web.core.windows.net/global-buildings/2026-02-03/global-buildings.geojsonl/RegionName=UnitedStates/quadkey=021231332/part-00174-4feead82-d499-422b-94cb-c036c212127a.c000.csv.gz
021231333,https://minedbuildings.z5.web.core.windows.net/global-buildings/2026-02-03/global-buildings.geojsonl/RegionName=UnitedStates/quadkey=021231333/part-00073-4feead82-d499-422b-94cb-c036c212127a.c000.csv.gz
021232000,https://minedbuildings.z5.web.core.windows.net/global-buildings/2026-02-03/global-buildings.geojsonl/RegionName=UnitedStates/quadkey=021232000/part-00001-4feead82-d499-422b-94cb-c036c212127a.c000.csv.gz
021232001,https://minedbuildings.z5.web.core.windows.net/global-buildings/2026-02-03/global-buildings.geojsonl/RegionName=UnitedStates/quadkey=021232001/part-00075-4feead82-d499-422b-94cb-c036c212127a.c000.csv.gz
021232002,https://minedbuildings.z5.web.core.windows.net/global-buildings/2026-02-03/global-buildings.geojsonl/RegionName=UnitedStates/quadkey=021232002/part-00156-4feead82-d499-422b-94cb-c036c212127a.c000.csv.gz
021232003,https://minedbuildings.z5.web.core.windows.net/global-buildings/2026-02-03/global-buildings.geojsonl/RegionName=UnitedStates/quadkey=021232003/part-00092-4feead82-d499-422b-94cb-c036c212127a.c000.csv.gz
021232010,https://minedbuildings.z5.web.core.windows.net/global-buildings/2026-02-03/global-buildings.geojsonl/RegionName=UnitedStates/quadkey=021232010/part-00065-4feead82-d499-422b-94cb-c036c212127a.c000.csv.gz
021232011,https://minedbuildings.z5.web.core.windows.net/global-buildings/2026-02-03/global-buildings.geojsonl/RegionName=UnitedStates/quadkey=021232011/part-00088-4feead82-d499-422b-94cb-c036c212127a.c000.csv.gz
021232012,https://minedbuildings.z5.web.core.windows.net/global-buildings/2026-02-03/global-buildings.geojsonl/RegionName=UnitedStates/quadkey=021232012/part-00156-4feead82-d499-422b-94cb-c036c212127a.c000.csv.gz
021232013,https://minedbuildings.z5.web.core.windows.net/global-buildings/2026-02-03/global-buildings.geojsonl/RegionName=UnitedStates/quadkey=021232013/part-00094-4feead82-d499-422b-94cb-c036c212127a.c000.csv.gz
021232020,https://minedbuildings.z5.web.core.windows.net/global-buildings/2026-02-03/global-buildings.geojsonl/RegionName=UnitedStates/quadkey=021232020/part-00085-4feead82-d499-422b-94cb-c036c212127a.c000.csv.gz
021232021,https://minedbuildings.z5.web.core.windows.net/global-buildings/2026-02-03/global-buildings.geojsonl/RegionName=UnitedStates/quadkey=021232021/part-00142-4feead82-d499-422b-94cb-c036c212127a.c000.csv.gz
021232022,https://minedbuildings.z5.web.core.windows.net/global-buildings/2026-02-03/global-buildings.geojsonl/RegionName=UnitedStates/quadkey=021232022/part-00011-4feead82-d499-422b-94cb-c036c212127a.c000.csv.gz
021232023,https://minedbuildings.z5.web.core.windows.net/global-buildings/2026-02-03/global-buildings.geojsonl/RegionName=UnitedStates/quadkey=021232023/part-00067-4feead82-d499-422b-94cb-c036c212127a.c000.csv.gz
021232030,https://minedbuildings.z5.web.core.windows.net/global-buildings/2026-02-03/global-buildings.geojsonl/RegionName=UnitedStates/quadkey=021232030/part-00008-4feead82-d499-422b-94cb-c036c212127a.c000.csv.gz
021232031,https://minedbuildings.z5.web.core.windows.net/global-buildings/2026-02-03/global-buildings.geojsonl/RegionName=UnitedStates/quadkey=021232031/part-00112-4feead82-d499-422b-94cb-c036c212127a.c000.csv.gz
021232032,https://minedbuildings.z5.web.core.windows.net/global-buildings/2026-02-03/global-buildings.geojsonl/RegionName=UnitedStates/quadkey=021232032/part-00111-4feead82-d499-422b-94cb-c036c212127a.c000.csv.gz
021232033,https://minedbuildings.z5.web.core.windows.net/global-buildings/2026-02-03/global-buildings.geojsonl/RegionName=UnitedStates/quadkey=021232033/part-00142-4feead82-d499-422b-94cb-c036c212127a.c000.csv.gz
021232100,https://minedbuildings.z5.web.core.windows.net/global-buildings/2026-02-03/global-buildings.geojsonl/RegionName=UnitedStates/quadkey=021232100/part-00139-4feead82-d499-422b-94cb-c036c212127a.c000.csv.gz
021232101,https://minedbuildings.z5.web.core.windows.net/global-buildings/2026-02-03/global-buildings.geojsonl/RegionName=UnitedStates/quadkey=021232101/part-00030-4feead82-d499-422b-94cb-c036c212127a.c000.csv.gz
021232102,https://minedbuildings.z5.web.core.windows.net/global-buildings/2026-02-03/global-buildings.geojsonl/RegionName=UnitedStates/quadkey=021232102/part-00127-4feead82-d499-422b-94cb-c036c212127a.c000.csv.gz
021232103,https://minedbuildings.z5.web.core.windows.net/global-buildings/2026-02-03/global-buildings.geojsonl/RegionName=UnitedStates/quadkey=021232103/part-00153-4feead82-d499-422b-94cb-c036c212127a.c000.csv.gz
021232110,https://minedbuildings.z5.web.core.windows.net/global-buildings/2026-02-03/global-buildings.geojsonl/RegionName=UnitedStates/quadkey=021232110/part-00127-4feead82-d499-422b-94cb-c036c212127a.c000.csv.gz
021232111,https://minedbuildings.z5.web.core.windows.net/global-buildings/2026-02-03/global-buildings.geojsonl/RegionName=UnitedStates/quadkey=021232111/part-00004-4feead82-d499-422b-94cb-c036c212127a.c000.csv.gz
021232112,https://minedbuildings.z5.web.core.windows.net/global-buildings/2026-02-03/global-buildings.geojsonl/RegionName=UnitedStates/quadkey=021232112/part-00091-4feead82-d499-422b-94cb-c036c212127a.c000.csv.gz
021232113,https://minedbuildings.z5.web.core.windows.net/global-buildings/2026-02-03/global-buildings.geojsonl/RegionName=UnitedStates/quadkey=021232113/part-00142-4feead82-d499-422b-94cb-c036c212127a.c000.csv.gz
021232120,https://minedbuildings.z5.web.core.windows.net/global-buildings/2026-02-03/global-buildings.geojsonl/RegionName=UnitedStates/quadkey=021232120/part-00133-4feead82-d499-422b-94cb-c036c212127a.c000.csv.gz
021232121,https://minedbuildings.z5.web.core.windows.net/global-buildings/2026-02-03/global-buildings.geojsonl/RegionName=UnitedStates/quadkey=021232121/part-00068-4feead82-d499-422b-94cb-c036c212127a.c000.csv.gz
021232122,https://minedbuildings.z5.web.core.windows.net/global-buildings/2026-02-03/global-buildings.geojsonl/RegionName=UnitedStates/quadkey=021232122/part-00145-4feead82-d499-422b-94cb-c036c212127a.c000.csv.gz
021232123,https://minedbuildings.z5.web.core.windows.net/global-buildings/2026-02-03/global-buildings.geojsonl/RegionName=UnitedStates/quadkey=021232123/part-00056-4feead82-d499-422b-94cb-c036c212127a.c000.csv.gz
021232130,https://minedbuildings.z5.web.core.windows.net/global-buildings/2026-02-03/global-buildings.geojsonl/RegionName=UnitedStates/quadkey=021232130/part-00079-4feead82-d499-422b-94cb-c036c212127a.c000.csv.gz
021232131,https://minedbuildings.z5.web.core.windows.net/global-buildings/2026-02-03/global-buildings.geojsonl/RegionName=UnitedStates/quadkey=021232131/part-00079-4feead82-d499-422b-94cb-c036c212127a.c000.csv.gz
021232132,https://minedbuildings.z5.web.core.windows.net/global-buildings/2026-02-03/global-buildings.geojsonl/RegionName=UnitedStates/quadkey=021232132/part-00103-4feead82-d499-422b-94cb-c036c212127a.c000.csv.gz
021232133,https://minedbuildings.z5.web.core.windows.net/global-buildings/2026-02-03/global-buildings.geojsonl/RegionName=UnitedStates/quadkey=021232133/part-00026-4feead82-d499-422b-94cb-c036c212127a.c000.csv.gz
021232200,https://minedbuildings.z5.web.core.windows.net/global-buildings/2026-02-03/global-buildings.geojsonl/RegionName=UnitedStates/quadkey=021232200/part-00054-4feead82-d499-422b-94cb-c036c212127a.c000.csv.gz
021232201,https://minedbuildings.z5.web.core.windows.net/global-buildings/2026-02-03/global-buildings.geojsonl/RegionName=UnitedStates/quadkey=021232201/part-00019-4feead82-d499-422b-94cb-c036c212127a.c000.csv.gz
021232202,https://minedbuildings.z5.web.core.windows.net/global-buildings/2026-02-03/global-buildings.geojsonl/RegionName=UnitedStates/quadkey=021232202/part-00084-4feead82-d499-422b-94cb-c036c212127a.c000.csv.gz
021232203,https://minedbuildings.z5.web.core.windows.net/global-buildings/2026-02-03/global-buildings.geojsonl/RegionName=UnitedStates/quadkey=021232203/part-00186-4feead82-d499-422b-94cb-c036c212127a.c000.csv.gz
021232210,https://minedbuildings.z5.web.core.windows.net/global-buildings/2026-02-03/global-buildings.geojsonl/RegionName=UnitedStates/quadkey=021232210/part-00002-4feead82-d499-422b-94cb-c036c212127a.c000.csv.gz
021232211,https://minedbuildings.z5.web.core.windows.net/global-buildings/2026-02-03/global-buildings.geojsonl/RegionName=UnitedStates/quadkey=021232211/part-00057-4feead82-d499-422b-94cb-c036c212127a.c000.csv.gz
021232212,https://minedbuildings.z5.web.core.windows.net/global-buildings/2026-02-03/global-buildings.geojsonl/RegionName=UnitedStates/quadkey=021232212/part-00134-4feead82-d499-422b-94cb-c036c212127a.c000.csv.gz
021232213,https://minedbuildings.z5.web.core.windows.net/global-buildings/2026-02-03/global-buildings.geojsonl/RegionName=UnitedStates/quadkey=021232213/part-00124-4feead82-d499-422b-94cb-c036c212127a.c000.csv.gz
021232220,https://minedbuildings.z5.web.core.windows.net/global-buildings/2026-02-03/global-buildings.geojsonl/RegionName=UnitedStates/quadkey=021232220/part-00061-4feead82-d499-422b-94cb-c036c212127a.c000.csv.gz
021232221,https://minedbuildings.z5.web.core.windows.net/global-buildings/2026-02-03/global-buildings.geojsonl/RegionName=UnitedStates/quadkey=021232221/part-00129-4feead82-d499-422b-94cb-c036c212127a.c000.csv.gz
021232222,https://minedbuildings.z5.web.core.windows.net/global-buildings/2026-02-03/global-buildings.geojsonl/RegionName=UnitedStates/quadkey=021232222/part-00010-4feead82-d499-422b-94cb-c036c212127a.c000.csv.gz
021232223,https://minedbuildings.z5.web.core.windows.net/global-buildings/2026-02-03/global-buildings.geojsonl/RegionName=UnitedStates/quadkey=021232223/part-00179-4feead82-d499-422b-94cb-c036c212127a.c000.csv.gz
021232230,https://minedbuildings.z5.web.core.windows.net/global-buildings/2026-02-03/global-buildings.geojsonl/RegionName=UnitedStates/quadkey=021232230/part-00033-4feead82-d499-422b-94cb-c036c212127a.c000.csv.gz
021232231,https://minedbuildings.z5.web.core.windows.net/global-buildings/2026-02-03/global-buildings.geojsonl/RegionName=UnitedStates/quadkey=021232231/part-00180-4feead82-d499-422b-94cb-c036c212127a.c000.csv.gz
021232232,https://minedbuildings.z5.web.core.windows.net/global-buildings/2026-02-03/global-buildings.geojsonl/RegionName=UnitedStates/quadkey=021232232/part-00053-4feead82-d499-422b-94cb-c036c212127a.c000.csv.gz
021232233,https://minedbuildings.z5.web.core.windows.net/global-buildings/2026-02-03/global-buildings.geojsonl/RegionName=UnitedStates/quadkey=021232233/part-00104-4feead82-d499-422b-94cb-c036c212127a.c000.csv.gz
021232300,https://minedbuildings.z5.web.core.windows.net/global-buildings/2026-02-03/global-buildings.geojsonl/RegionName=UnitedStates/quadkey=021232300/part-00164-4feead82-d499-422b-94cb-c036c212127a.c000.csv.gz
021232301,https://minedbuildings.z5.web.core.windows.net/global-buildings/2026-02-03/global-buildings.geojsonl/RegionName=UnitedStates/quadkey=021232301/part-00162-4feead82-d499-422b-94cb-c036c212127a.c000.csv.gz
021232302,https://minedbuildings.z5.web.core.windows.net/global-buildings/2026-02-03/global-buildings.geojsonl/RegionName=UnitedStates/quadkey=021232302/part-00005-4feead82-d499-422b-94cb-c036c212127a.c000.csv.gz
021232303,https://minedbuildings.z5.web.core.windows.net/global-buildings/2026-02-03/global-buildings.geojsonl/RegionName=UnitedStates/quadkey=021232303/part-00085-4feead82-d499-422b-94cb-c036c212127a.c000.csv.gz
021232310,https://minedbuildings.z5.web.core.windows.net/global-buildings/2026-02-03/global-buildings.geojsonl/RegionName=UnitedStates/quadkey=021232310/part-00085-4feead82-d499-422b-94cb-c036c212127a.c000.csv.gz
021232311,https://minedbuildings.z5.web.core.windows.net/global-buildings/2026-02-03/global-buildings.geojsonl/RegionName=UnitedStates/quadkey=021232311/part-00070-4feead82-d499-422b-94cb-c036c212127a.c000.csv.gz
021232312,https://minedbuildings.z5.web.core.windows.net/global-buildings/2026-02-03/global-buildings.geojsonl/RegionName=UnitedStates/quadkey=021232312/part-00039-4feead82-d499-422b-94cb-c036c212127a.c000.csv.gz
021232313,https://minedbuildings.z5.web.core.windows.net/global-buildings/2026-02-03/global-buildings.geojsonl/RegionName=UnitedStates/quadkey=021232313/part-00094-4feead82-d499-422b-94cb-c036c212127a.c000.csv.gz
021232320,https://minedbuildings.z5.web.core.windows.net/global-buildings/2026-02-03/global-buildings.geojsonl/RegionName=UnitedStates/quadkey=021232320/part-00196-4feead82-d499-422b-94cb-c036c212127a.c000.csv.gz
021232321,https://minedbuildings.z5.web.core.windows.net/global-buildings/2026-02-03/global-buildings.geojsonl/RegionName=UnitedStates/quadkey=021232321/part-00087-4feead82-d499-422b-94cb-c036c212127a.c000.csv.gz
021232322,https://minedbuildings.z5.web.core.windows.net/global-buildings/2026-02-03/global-buildings.geojsonl/RegionName=UnitedStates/quadkey=021232322/part-00025-4feead82-d499-422b-94cb-c036c212127a.c000.csv.gz
021232323,https://minedbuildings.z5.web.core.windows.net/global-buildings/2026-02-03/global-buildings.geojsonl/RegionName=UnitedStates/quadkey=021232323/part-00052-4feead82-d499-422b-94cb-c036c212127a.c000.csv.gz
021232330,https://minedbuildings.z5.web.core.windows.net/global-buildings/2026-02-03/global-buildings.geojsonl/RegionName=UnitedStates/quadkey=021232330/part-00080-4feead82-d499-422b-94cb-c036c212127a.c000.csv.gz
021232331,https://minedbuildings.z5.web.core.windows.net/global-buildings/2026-02-03/global-buildings.geojsonl/RegionName=UnitedStates/quadkey=021232331/part-00113-4feead82-d499-422b-94cb-c036c212127a.c000.csv.gz
021232332,https://minedbuildings.z5.web.core.windows.net/global-buildings/2026-02-03/global-buildings.geojsonl/RegionName=UnitedStates/quadkey=021232332/part-00157-4feead82-d499-422b-94cb-c036c212127a.c000.csv.gz
021232333,https://minedbuildings.z5.web.core.windows.net/global-buildings/2026-02-03/global-buildings.geojsonl/RegionName=UnitedStates/quadkey=021232333/part-00020-4feead82-d499-422b-94cb-c036c212127a.c000.csv.gz
021233000,https://minedbuildings.z5.web.core.windows.net/global-buildings/2026-02-03/global-buildings.geojsonl/RegionName=UnitedStates/quadkey=021233000/part-00145-4feead82-d499-422b-94cb-c036c212127a.c000.csv.gz
021233001,https://minedbuildings.z5.web.core.windows.net/global-buildings/2026-02-03/global-buildings.geojsonl/RegionName=UnitedStates/quadkey=021233001/part-00100-4feead82-d499-422b-94cb-c036c212127a.c000.csv.gz
021233002,https://minedbuildings.z5.web.core.windows.net/global-buildings/2026-02-03/global-buildings.geojsonl/RegionName=UnitedStates/quadkey=021233002/part-00180-4feead82-d499-422b-94cb-c036c212127a.c000.csv.gz
021233003,https://minedbuildings.z5.web.core.windows.net/global-buildings/2026-02-03/global-buildings.geojsonl/RegionName=UnitedStates/quadkey=021233003/part-00061-4feead82-d499-422b-94cb-c036c212127a.c000.csv.gz
021233010,https://minedbuildings.z5.web.core.windows.net/global-buildings/2026-02-03/global-buildings.geojsonl/RegionName=UnitedStates/quadkey=021233010/part-00162-4feead82-d499-422b-94cb-c036c212127a.c000.csv.gz
021233011,https://minedbuildings.z5.web.core.windows.net/global-buildings/2026-02-03/global-buildings.geojsonl/RegionName=UnitedStates/quadkey=021233011/part-00185-4feead82-d499-422b-94cb-c036c212127a.c000.csv.gz
021233012,https://minedbuildings.z5.web.core.windows.net/global-buildings/2026-02-03/global-buildings.geojsonl/RegionName=UnitedStates/quadkey=021233012/part-00025-4feead82-d499-422b-94cb-c036c212127a.c000.csv.gz
021233013,https://minedbuildings.z5.web.core.windows.net/global-buildings/2026-02-03/global-buildings.geojsonl/RegionName=UnitedStates/quadkey=021233013/part-00138-4feead82-d499-422b-94cb-c036c212127a.c000.csv.gz
021233020,https://minedbuildings.z5.web.core.windows.net/global-buildings/2026-02-03/global-buildings.geojsonl/RegionName=UnitedStates/quadkey=021233020/part-00062-4feead82-d499-422b-94cb-c036c212127a.c000.csv.gz
021233021,https://minedbuildings.z5.web.core.windows.net/global-buildings/2026-02-03/global-buildings.geojsonl/RegionName=UnitedStates/quadkey=021233021/part-00146-4feead82-d499-422b-94cb-c036c212127a.c000.csv.gz
021233022,https://minedbuildings.z5.web.core.windows.net/global-buildings/2026-02-03/global-buildings.geojsonl/RegionName=UnitedStates/quadkey=021233022/part-00164-4feead82-d499-422b-94cb-c036c212127a.c000.csv.gz
021233023,https://minedbuildings.z5.web.core.windows.net/global-buildings/2026-02-03/global-buildings.geojsonl/RegionName=UnitedStates/quadkey=021233023/part-00196-4feead82-d499-422b-94cb-c036c212127a.c000.csv.gz
021233030,https://minedbuildings.z5.web.core.windows.net/global-buildings/2026-02-03/global-buildings.geojsonl/RegionName=UnitedStates/quadkey=021233030/part-00017-4feead82-d499-422b-94cb-c036c212127a.c000.csv.gz
021233031,https://minedbuildings.z5.web.core.windows.net/global-buildings/2026-02-03/global-buildings.geojsonl/RegionName=UnitedStates/quadkey=021233031/part-00085-4feead82-d499-422b-94cb-c036c212127a.c000.csv.gz
021233032,https://minedbuildings.z5.web.core.windows.net/global-buildings/2026-02-03/global-buildings.geojsonl/RegionName=UnitedStates/quadkey=021233032/part-00033-4feead82-d499-422b-94cb-c036c212127a.c000.csv.gz
021233033,https://minedbuildings.z5.web.core.windows.net/global-buildings/2026-02-03/global-buildings.geojsonl/RegionName=UnitedStates/quadkey=021233033/part-00024-4feead82-d499-422b-94cb-c036c212127a.c000.csv.gz
021233100,https://minedbuildings.z5.web.core.windows.net/global-buildings/2026-02-03/global-buildings.geojsonl/RegionName=UnitedStates/quadkey=021233100/part-00108-4feead82-d499-422b-94cb-c036c212127a.c000.csv.gz
021233101,https://minedbuildings.z5.web.core.windows.net/global-buildings/2026-02-03/global-buildings.geojsonl/RegionName=UnitedStates/quadkey=021233101/part-00112-4feead82-d499-422b-94cb-c036c212127a.c000.csv.gz
021233102,https://minedbuildings.z5.web.core.windows.net/global-buildings/2026-02-03/global-buildings.geojsonl/RegionName=UnitedStates/quadkey=021233102/part-00022-4feead82-d499-422b-94cb-c036c212127a.c000.csv.gz
021233103,https://minedbuildings.z5.web.core.windows.net/global-buildings/2026-02-03/global-buildings.geojsonl/RegionName=UnitedStates/quadkey=021233103/part-00107-4feead82-d499-422b-94cb-c036c212127a.c000.csv.gz
021233110,https://minedbuildings.z5.web.core.windows.net/global-buildings/2026-02-03/global-buildings.geojsonl/RegionName=UnitedStates/quadkey=021233110/part-00187-4feead82-d499-422b-94cb-c036c212127a.c000.csv.gz
021233111,https://minedbuildings.z5.web.core.windows.net/global-buildings/2026-02-03/global-buildings.geojsonl/RegionName=UnitedStates/quadkey=021233111/part-00040-4feead82-d499-422b-94cb-c036c212127a.c000.csv.gz
021233112,https://minedbuildings.z5.web.core.windows.net/global-buildings/2026-02-03/global-buildings.geojsonl/RegionName=UnitedStates/quadkey=021233112/part-00054-4feead82-d499-422b-94cb-c036c212127a.c000.csv.gz
021233113,https://minedbuildings.z5.web.core.windows.net/global-buildings/2026-02-03/global-buildings.geojsonl/RegionName=UnitedStates/quadkey=021233113/part-00028-4feead82-d499-422b-94cb-c036c212127a.c000.csv.gz
021233120,https://minedbuildings.z5.web.core.windows.net/global-buildings/2026-02-03/global-buildings.geojsonl/RegionName=UnitedStates/quadkey=021233120/part-00129-4feead82-d499-422b-94cb-c036c212127a.c000.csv.gz
021233121,https://minedbuildings.z5.web.core.windows.net/global-buildings/2026-02-03/global-buildings.geojsonl/RegionName=UnitedStates/quadkey=021233121/part-00092-4feead82-d499-422b-94cb-c036c212127a.c000.csv.gz
021233122,https://minedbuildings.z5.web.core.windows.net/global-buildings/2026-02-03/global-buildings.geojsonl/RegionName=UnitedStates/quadkey=021233122/part-00087-4feead82-d499-422b-94cb-c036c212127a.c000.csv.gz
021233123,https://minedbuildings.z5.web.core.windows.net/global-buildings/2026-02-03/global-buildings.geojsonl/RegionName=UnitedStates/quadkey=021233123/part-00033-4feead82-d499-422b-94cb-c036c212127a.c000.csv.gz
021233130,https://minedbuildings.z5.web.core.windows.net/global-buildings/2026-02-03/global-buildings.geojsonl/RegionName=UnitedStates/quadkey=021233130/part-00056-4feead82-d499-422b-94cb-c036c212127a.c000.csv.gz
021233131,https://minedbuildings.z5.web.core.windows.net/global-buildings/2026-02-03/global-buildings.geojsonl/RegionName=UnitedStates/quadkey=021233131/part-00098-4feead82-d499-422b-94cb-c036c212127a.c000.csv.gz
021233132,https://minedbuildings.z5.web.core.windows.net/global-buildings/2026-02-03/global-buildings.geojsonl/RegionName=UnitedStates/quadkey=021233132/part-00060-4feead82-d499-422b-94cb-c036c212127a.c000.csv.gz
021233133,https://minedbuildings.z5.web.core.windows.net/global-buildings/2026-02-03/global-buildings.geojsonl/RegionName=UnitedStates/quadkey=021233133/part-00195-4feead82-d499-422b-94cb-c036c212127a.c000.csv.gz
021233200,https://minedbuildings.z5.web.core.windows.net/global-buildings/2026-02-03/global-buildings.geojsonl/RegionName=UnitedStates/quadkey=021233200/part-00140-4feead82-d499-422b-94cb-c036c212127a.c000.csv.gz
021233201,https://minedbuildings.z5.web.core.windows.net/global-buildings/2026-02-03/global-buildings.geojsonl/RegionName=UnitedStates/quadkey=021233201/part-00035-4feead82-d499-422b-94cb-c036c212127a.c000.csv.gz
021233202,https://minedbuildings.z5.web.core.windows.net/global-buildings/2026-02-03/global-buildings.geojsonl/RegionName=UnitedStates/quadkey=021233202/part-00159-4feead82-d499-422b-94cb-c036c212127a.c000.csv.gz
021233203,https://minedbuildings.z5.web.core.windows.net/global-buildings/2026-02-03/global-buildings.geojsonl/RegionName=UnitedStates/quadkey=021233203/part-00134-4feead82-d499-422b-94cb-c036c212127a.c000.csv.gz
021233210,https://minedbuildings.z5.web.core.windows.net/global-buildings/2026-02-03/global-buildings.geojsonl/RegionName=UnitedStates/quadkey=021233210/part-00092-4feead82-d499-422b-94cb-c036c212127a.c000.csv.gz
021233211,https://minedbuildings.z5.web.core.windows.net/global-buildings/2026-02-03/global-buildings.geojsonl/RegionName=UnitedStates/quadkey=021233211/part-00034-4feead82-d499-422b-94cb-c036c212127a.c000.csv.gz
021233212,https://minedbuildings.z5.web.core.windows.net/global-buildings/2026-02-03/global-buildings.geojsonl/RegionName=UnitedStates/quadkey=021233212/part-00142-4feead82-d499-422b-94cb-c036c212127a.c000.csv.gz
021233213,https://minedbuildings.z5.web.core.windows.net/global-buildings/2026-02-03/global-buildings.geojsonl/RegionName=UnitedStates/quadkey=021233213/part-00120-4feead82-d499-422b-94cb-c036c212127a.c000.csv.gz
021233220,https://minedbuildings.z5.web.core.windows.net/global-buildings/2026-02-03/global-buildings.geojsonl/RegionName=UnitedStates/quadkey=021233220/part-00104-4feead82-d499-422b-94cb-c036c212127a.c000.csv.gz
021233221,https://minedbuildings.z5.web.core.windows.net/global-buildings/2026-02-03/global-buildings.geojsonl/RegionName=UnitedStates/quadkey=021233221/part-00039-4feead82-d499-422b-94cb-c036c212127a.c000.csv.gz
021233222,https://minedbuildings.z5.web.core.windows.net/global-buildings/2026-02-03/global-buildings.geojsonl/RegionName=UnitedStates/quadkey=021233222/part-00192-4feead82-d499-422b-94cb-c036c212127a.c000.csv.gz
021233223,https://minedbuildings.z5.web.core.windows.net/global-buildings/2026-02-03/global-buildings.geojsonl/RegionName=UnitedStates/quadkey=021233223/part-00080-4feead82-d499-422b-94cb-c036c212127a.c000.csv.gz
021233230,https://minedbuildings.z5.web.core.windows.net/global-buildings/2026-02-03/global-buildings.geojsonl/RegionName=UnitedStates/quadkey=021233230/part-00152-4feead82-d499-422b-94cb-c036c212127a.c000.csv.gz
021233231,https://minedbuildings.z5.web.core.windows.net/global-buildings/2026-02-03/global-buildings.geojsonl/RegionName=UnitedStates/quadkey=021233231/part-00125-4feead82-d499-422b-94cb-c036c212127a.c000.csv.gz
021233232,https://minedbuildings.z5.web.core.windows.net/global-buildings/2026-02-03/global-buildings.geojsonl/RegionName=UnitedStates/quadkey=021233232/part-00095-4feead82-d499-422b-94cb-c036c212127a.c000.csv.gz
021233233,https://minedbuildings.z5.web.core.windows.net/global-buildings/2026-02-03/global-buildings.geojsonl/RegionName=UnitedStates/quadkey=021233233/part-00081-4feead82-d499-422b-94cb-c036c212127a.c000.csv.gz
021233300,https://minedbuildings.z5.web.core.windows.net/global-buildings/2026-02-03/global-buildings.geojsonl/RegionName=UnitedStates/quadkey=021233300/part-00139-4feead82-d499-422b-94cb-c036c212127a.c000.csv.gz
021233301,https://minedbuildings.z5.web.core.windows.net/global-buildings/2026-02-03/global-buildings.geojsonl/RegionName=UnitedStates/quadkey=021233301/part-00042-4feead82-d499-422b-94cb-c036c212127a.c000.csv.gz
021233302,https://minedbuildings.z5.web.core.windows.net/global-buildings/2026-02-03/global-buildings.geojsonl/RegionName=UnitedStates/quadkey=021233302/part-00097-4feead82-d499-422b-94cb-c036c212127a.c000.csv.gz
021233303,https://minedbuildings.z5.web.core.windows.net/global-buildings/2026-02-03/global-buildings.geojsonl/RegionName=UnitedStates/quadkey=021233303/part-00050-4feead82-d499-422b-94cb-c036c212127a.c000.csv.gz
021233310,https://minedbuildings.z5.web.core.windows.net/global-buildings/2026-02-03/global-buildings.geojsonl/RegionName=UnitedStates/quadkey=021233310/part-00188-4feead82-d499-422b-94cb-c036c212127a.c000.csv.gz
021233311,https://minedbuildings.z5.web.core.windows.net/global-buildings/2026-02-03/global-buildings.geojsonl/RegionName=UnitedStates/quadkey=021233311/part-00041-4feead82-d499-422b-94cb-c036c212127a.c000.csv.gz
021233312,https://minedbuildings.z5.web.core.windows.net/global-buildings/2026-02-03/global-buildings.geojsonl/RegionName=UnitedStates/quadkey=021233312/part-00159-4feead82-d499-422b-94cb-c036c212127a.c000.csv.gz
021233313,https://minedbuildings.z5.web.core.windows.net/global-buildings/2026-02-03/global-buildings.geojsonl/RegionName=UnitedStates/quadkey=021233313/part-00182-4feead82-d499-422b-94cb-c036c212127a.c000.csv.gz
021233320,https://minedbuildings.z5.web.core.windows.net/global-buildings/2026-02-03/global-buildings.geojsonl/RegionName=UnitedStates/quadkey=021233320/part-00114-4feead82-d499-422b-94cb-c036c212127a.c000.csv.gz
021233321,https://minedbuildings.z5.web.core.windows.net/global-buildings/2026-02-03/global-buildings.geojsonl/RegionName=UnitedStates/quadkey=021233321/part-00120-4feead82-d499-422b-94cb-c036c212127a.c000.csv.gz
021233322,https://minedbuildings.z5.web.core.windows.net/global-buildings/2026-02-03/global-buildings.geojsonl/RegionName=UnitedStates/quadkey=021233322/part-00091-4feead82-d499-422b-94cb-c036c212127a.c000.csv.gz
021233323,https://minedbuildings.z5.web.core.windows.net/global-buildings/2026-02-03/global-buildings.geojsonl/RegionName=UnitedStates/quadkey=021233323/part-00163-4feead82-d499-422b-94cb-c036c212127a.c000.csv.gz
021233330,https://minedbuildings.z5.web.core.windows.net/global-buildings/2026-02-03/global-buildings.geojsonl/RegionName=UnitedStates/quadkey=021233330/part-00150-4feead82-d499-422b-94cb-c036c212127a.c000.csv.gz
021233331,https://minedbuildings.z5.web.core.windows.net/global-buildings/2026-02-03/global-buildings.geojsonl/RegionName=UnitedStates/quadkey=021233331/part-00120-4feead82-d499-422b-94cb-c036c212127a.c000.csv.gz
021233332,https://minedbuildings.z5.web.core.windows.net/global-buildings/2026-02-03/global-buildings.geojsonl/RegionName=UnitedStates/quadkey=021233332/part-00063-4feead82-d499-422b-94cb-c036c212127a.c000.csv.gz
021233333,https://minedbuildings.z5.web.core.windows.net/global-buildings/2026-02-03/global-buildings.geojsonl/RegionName=UnitedStates/quadkey=021233333/part-00098-4feead82-d499-422b-94cb-c036c212127a.c000.csv.gz
021302222,https://minedbuildings.z5.web.core.windows.net/global-buildings/2026-02-03/global-buildings.geojsonl/RegionName=UnitedStates/quadkey=021302222/part-00161-4feead82-d499-422b-94cb-c036c212127a.c000.csv.gz
021302223,https://minedbuildings.z5.web.core.windows.net/global-buildings/2026-02-03/global-buildings.geojsonl/RegionName=UnitedStates/quadkey=021302223/part-00184-4feead82-d499-422b-94cb-c036c212127a.c000.csv.gz
021302232,https://minedbuildings.z5.web.core.windows.net/global-buildings/2026-02-03/global-buildings.geojsonl/RegionName=UnitedStates/quadkey=021302232/part-00157-4feead82-d499-422b-94cb-c036c212127a.c000.csv.gz
021302233,https://minedbuildings.z5.web.core.windows.net/global-buildings/2026-02-03/global-buildings.geojsonl/RegionName=UnitedStates/quadkey=021302233/part-00074-4feead82-d499-422b-94cb-c036c212127a.c000.csv.gz
021302322,https://minedbuildings.z5.web.core.windows.net/global-buildings/2026-02-03/global-buildings.geojsonl/RegionName=UnitedStates/quadkey=021302322/part-00007-4feead82-d499-422b-94cb-c036c212127a.c000.csv.gz
021302323,https://minedbuildings.z5.web.core.windows.net/global-buildings/2026-02-03/global-buildings.geojsonl/RegionName=UnitedStates/quadkey=021302323/part-00116-4feead82-d499-422b-94cb-c036c212127a.c000.csv.gz
021302332,https://minedbuildings.z5.web.core.windows.net/global-buildings/2026-02-03/global-buildings.geojsonl/RegionName=UnitedStates/quadkey=021302332/part-00162-4feead82-d499-422b-94cb-c036c212127a.c000.csv.gz
021302333,https://minedbuildings.z5.web.core.windows.net/global-buildings/2026-02-03/global-buildings.geojsonl/RegionName=UnitedStates/quadkey=021302333/part-00079-4feead82-d499-422b-94cb-c036c212127a.c000.csv.gz
021303222,https://minedbuildings.z5.web.core.windows.net/global-buildings/2026-02-03/global-buildings.geojsonl/RegionName=UnitedStates/quadkey=021303222/part-00129-4feead82-d499-422b-94cb-c036c212127a.c000.csv.gz
021303223,https://minedbuildings.z5.web.core.windows.net/global-buildings/2026-02-03/global-buildings.geojsonl/RegionName=UnitedStates/quadkey=021303223/part-00147-4feead82-d499-422b-94cb-c036c212127a.c000.csv.gz
021303232,https://minedbuildings.z5.web.core.windows.net/global-buildings/2026-02-03/global-buildings.geojsonl/RegionName=UnitedStates/quadkey=021303232/part-00024-4feead82-d499-422b-94cb-c036c212127a.c000.csv.gz
021303233,https://minedbuildings.z5.web.core.windows.net/global-buildings/2026-02-03/global-buildings.geojsonl/RegionName=UnitedStates/quadkey=021303233/part-00139-4feead82-d499-422b-94cb-c036c212127a.c000.csv.gz
021303322,https://minedbuildings.z5.web.core.windows.net/global-buildings/2026-02-03/global-buildings.geojsonl/RegionName=UnitedStates/quadkey=021303322/part-00147-4feead82-d499-422b-94cb-c036c212127a.c000.csv.gz
021303323,https://minedbuildings.z5.web.core.windows.net/global-buildings/2026-02-03/global-buildings.geojsonl/RegionName=UnitedStates/quadkey=021303323/part-00045-4feead82-d499-422b-94cb-c036c212127a.c000.csv.gz
021303332,https://minedbuildings.z5.web.core.windows.net/global-buildings/2026-02-03/global-buildings.geojsonl/RegionName=UnitedStates/quadkey=021303332/part-00133-4feead82-d499-422b-94cb-c036c212127a.c000.csv.gz
021303333,https://minedbuildings.z5.web.core.windows.net/global-buildings/2026-02-03/global-buildings.geojsonl/RegionName=UnitedStates/quadkey=021303333/part-00174-4feead82-d499-422b-94cb-c036c212127a.c000.csv.gz
021312222,https://minedbuildings.z5.web.core.windows.net/global-buildings/2026-02-03/global-buildings.geojsonl/RegionName=UnitedStates/quadkey=021312222/part-00199-4feead82-d499-422b-94cb-c036c212127a.c000.csv.gz
021312223,https://minedbuildings.z5.web.core.windows.net/global-buildings/2026-02-03/global-buildings.geojsonl/RegionName=UnitedStates/quadkey=021312223/part-00001-4feead82-d499-422b-94cb-c036c212127a.c000.csv.gz
021312232,https://minedbuildings.z5.web.core.windows.net/global-buildings/2026-02-03/global-buildings.geojsonl/RegionName=UnitedStates/quadkey=021312232/part-00007-4feead82-d499-422b-94cb-c036c212127a.c000.csv.gz
021312233,https://minedbuildings.z5.web.core.windows.net/global-buildings/2026-02-03/global-buildings.geojsonl/RegionName=UnitedStates/quadkey=021312233/part-00094-4feead82-d499-422b-94cb-c036c212127a.c000.csv.gz
021312322,https://minedbuildings.z5.web.core.windows.net/global-buildings/2026-02-03/global-buildings.geojsonl/RegionName=UnitedStates/quadkey=021312322/part-00159-4feead82-d499-422b-94cb-c036c212127a.c000.csv.gz
021312323,https://minedbuildings.z5.web.core.windows.net/global-buildings/2026-02-03/global-buildings.geojsonl/RegionName=UnitedStates/quadkey=021312323/part-00095-4feead82-d499-422b-94cb-c036c212127a.c000.csv.gz
021312332,https://minedbuildings.z5.web.core.windows.net/global-buildings/2026-02-03/global-buildings.geojsonl/RegionName=UnitedStates/quadkey=021312332/part-00003-4feead82-d499-422b-94cb-c036c212127a.c000.csv.gz
021312333,https://minedbuildings.z5.web.core.windows.net/global-buildings/2026-02-03/global-buildings.geojsonl/RegionName=UnitedStates/quadkey=021312333/part-00129-4feead82-d499-422b-94cb-c036c212127a.c000.csv.gz
021313222,https://minedbuildings.z5.web.core.windows.net/global-buildings/2026-02-03/global-buildings.geojsonl/RegionName=UnitedStates/quadkey=021313222/part-00160-4feead82-d499-422b-94cb-c036c212127a.c000.csv.gz
021313223,https://minedbuildings.z5.web.core.windows.net/global-buildings/2026-02-03/global-buildings.geojsonl/RegionName=UnitedStates/quadkey=021313223/part-00155-4feead82-d499-422b-94cb-c036c212127a.c000.csv.gz
021320000,https://minedbuildings.z5.web.core.windows.net/global-buildings/2026-02-03/global-buildings.geojsonl/RegionName=UnitedStates/quadkey=021320000/part-00021-4feead82-d499-422b-94cb-c036c212127a.c000.csv.gz
021320001,https://minedbuildings.z5.web.core.windows.net/global-buildings/2026-02-03/global-buildings.geojsonl/RegionName=UnitedStates/quadkey=021320001/part-00091-4feead82-d499-422b-94cb-c036c212127a.c000.csv.gz
021320002,https://minedbuildings.z5.web.core.windows.net/global-buildings/2026-02-03/global-buildings.geojsonl/RegionName=UnitedStates/quadkey=021320002/part-00006-4feead82-d499-422b-94cb-c036c212127a.c000.csv.gz
021320003,https://minedbuildings.z5.web.core.windows.net/global-buildings/2026-02-03/global-buildings.geojsonl/RegionName=UnitedStates/quadkey=021320003/part-00036-4feead82-d499-422b-94cb-c036c212127a.c000.csv.gz
021320010,https://minedbuildings.z5.web.core.windows.net/global-buildings/2026-02-03/global-buildings.geojsonl/RegionName=UnitedStates/quadkey=021320010/part-00030-4feead82-d499-422b-94cb-c036c212127a.c000.csv.gz
021320011,https://minedbuildings.z5.web.core.windows.net/global-buildings/2026-02-03/global-buildings.geojsonl/RegionName=UnitedStates/quadkey=021320011/part-00123-4feead82-d499-422b-94cb-c036c212127a.c000.csv.gz
021320012,https://minedbuildings.z5.web.core.windows.net/global-buildings/2026-02-03/global-buildings.geojsonl/RegionName=UnitedStates/quadkey=021320012/part-00137-4feead82-d499-422b-94cb-c036c212127a.c000.csv.gz
021320013,https://minedbuildings.z5.web.core.windows.net/global-buildings/2026-02-03/global-buildings.geojsonl/RegionName=UnitedStates/quadkey=021320013/part-00015-4feead82-d499-422b-94cb-c036c212127a.c000.csv.gz
021320020,https://minedbuildings.z5.web.core.windows.net/global-buildings/2026-02-03/global-buildings.geojsonl/RegionName=UnitedStates/quadkey=021320020/part-00142-4feead82-d499-422b-94cb-c036c212127a.c000.csv.gz
021320021,https://minedbuildings.z5.web.core.windows.net/global-buildings/2026-02-03/global-buildings.geojsonl/RegionName=UnitedStates/quadkey=021320021/part-00075-4feead82-d499-422b-94cb-c036c212127a.c000.csv.gz
021320022,https://minedbuildings.z5.web.core.windows.net/global-buildings/2026-02-03/global-buildings.geojsonl/RegionName=UnitedStates/quadkey=021320022/part-00065-4feead82-d499-422b-94cb-c036c212127a.c000.csv.gz
021320023,https://minedbuildings.z5.web.core.windows.net/global-buildings/2026-02-03/global-buildings.geojsonl/RegionName=UnitedStates/quadkey=021320023/part-00073-4feead82-d499-422b-94cb-c036c212127a.c000.csv.gz
021320030,https://minedbuildings.z5.web.core.windows.net/global-buildings/2026-02-03/global-buildings.geojsonl/RegionName=UnitedStates/quadkey=021320030/part-00047-4feead82-d499-422b-94cb-c036c212127a.c000.csv.gz
021320031,https://minedbuildings.z5.web.core.windows.net/global-buildings/2026-02-03/global-buildings.geojsonl/RegionName=UnitedStates/quadkey=021320031/part-00108-4feead82-d499-422b-94cb-c036c212127a.c000.csv.gz
021320032,https://minedbuildings.z5.web.core.windows.net/global-buildings/2026-02-03/global-buildings.geojsonl/RegionName=UnitedStates/quadkey=021320032/part-00000-4feead82-d499-422b-94cb-c036c212127a.c000.csv.gz
021320033,https://minedbuildings.z5.web.core.windows.net/global-buildings/2026-02-03/global-buildings.geojsonl/RegionName=UnitedStates/quadkey=021320033/part-00160-4feead82-d499-422b-94cb-c036c212127a.c000.csv.gz
021320100,https://minedbuildings.z5.web.core.windows.net/global-buildings/2026-02-03/global-buildings.geojsonl/RegionName=UnitedStates/quadkey=021320100/part-00134-4feead82-d499-422b-94cb-c036c212127a.c000.csv.gz
021320101,https://minedbuildings.z5.web.core.windows.net/global-buildings/2026-02-03/global-buildings.geojsonl/RegionName=UnitedStates/quadkey=021320101/part-00184-4feead82-d499-422b-94cb-c036c212127a.c000.csv.gz
021320102,https://minedbuildings.z5.web.core.windows.net/global-buildings/2026-02-03/global-buildings.geojsonl/RegionName=UnitedStates/quadkey=021320102/part-00036-4feead82-d499-422b-94cb-c036c212127a.c000.csv.gz
021320103,https://minedbuildings.z5.web.core.windows.net/global-buildings/2026-02-03/global-buildings.geojsonl/RegionName=UnitedStates/quadkey=021320103/part-00103-4feead82-d499-422b-94cb-c036c212127a.c000.csv.gz
021320110,https://minedbuildings.z5.web.core.windows.net/global-buildings/2026-02-03/global-buildings.geojsonl/RegionName=UnitedStates/quadkey=021320110/part-00149-4feead82-d499-422b-94cb-c036c212127a.c000.csv.gz
021320111,https://minedbuildings.z5.web.core.windows.net/global-buildings/2026-02-03/global-buildings.geojsonl/RegionName=UnitedStates/quadkey=021320111/part-00146-4feead82-d499-422b-94cb-c036c212127a.c000.csv.gz
021320112,https://minedbuildings.z5.web.core.windows.net/global-buildings/2026-02-03/global-buildings.geojsonl/RegionName=UnitedStates/quadkey=021320112/part-00139-4feead82-d499-422b-94cb-c036c212127a.c000.csv.gz
021320113,https://minedbuildings.z5.web.core.windows.net/global-buildings/2026-02-03/global-buildings.geojsonl/RegionName=UnitedStates/quadkey=021320113/part-00081-4feead82-d499-422b-94cb-c036c212127a.c000.csv.gz
021320120,https://minedbuildings.z5.web.core.windows.net/global-buildings/2026-02-03/global-buildings.geojsonl/RegionName=UnitedStates/quadkey=021320120/part-00138-4feead82-d499-422b-94cb-c036c212127a.c000.csv.gz
021320121,https://minedbuildings.z5.web.core.windows.net/global-buildings/2026-02-03/global-buildings.geojsonl/RegionName=UnitedStates/quadkey=021320121/part-00168-4feead82-d499-422b-94cb-c036c212127a.c000.csv.gz
021320122,https://minedbuildings.z5.web.core.windows.net/global-buildings/2026-02-03/global-buildings.geojsonl/RegionName=UnitedStates/quadkey=021320122/part-00040-4feead82-d499-422b-94cb-c036c212127a.c000.csv.gz
021320123,https://minedbuildings.z5.web.core.windows.net/global-buildings/2026-02-03/global-buildings.geojsonl/RegionName=UnitedStates/quadkey=021320123/part-00112-4feead82-d499-422b-94cb-c036c212127a.c000.csv.gz
021320130,https://minedbuildings.z5.web.core.windows.net/global-buildings/2026-02-03/global-buildings.geojsonl/RegionName=UnitedStates/quadkey=021320130/part-00093-4feead82-d499-422b-94cb-c036c212127a.c000.csv.gz
021320131,https://minedbuildings.z5.web.core.windows.net/global-buildings/2026-02-03/global-buildings.geojsonl/RegionName=UnitedStates/quadkey=021320131/part-00095-4feead82-d499-422b-94cb-c036c212127a.c000.csv.gz
021320132,https://minedbuildings.z5.web.core.windows.net/global-buildings/2026-02-03/global-buildings.geojsonl/RegionName=UnitedStates/quadkey=021320132/part-00058-4feead82-d499-422b-94cb-c036c212127a.c000.csv.gz
021320133,https://minedbuildings.z5.web.core.windows.net/global-buildings/2026-02-03/global-buildings.geojsonl/RegionName=UnitedStates/quadkey=021320133/part-00185-4feead82-d499-422b-94cb-c036c212127a.c000.csv.gz
021320200,https://minedbuildings.z5.web.core.windows.net/global-buildings/2026-02-03/global-buildings.geojsonl/RegionName=UnitedStates/quadkey=021320200/part-00012-4feead82-d499-422b-94cb-c036c212127a.c000.csv.gz
021320201,https://minedbuildings.z5.web.core.windows.net/global-buildings/2026-02-03/global-buildings.geojsonl/RegionName=UnitedStates/quadkey=021320201/part-00188-4feead82-d499-422b-94cb-c036c212127a.c000.csv.gz
021320202,https://minedbuildings.z5.web.core.windows.net/global-buildings/2026-02-03/global-buildings.geojsonl/RegionName=UnitedStates/quadkey=021320202/part-00062-4feead82-d499-422b-94cb-c036c212127a.c000.csv.gz
021320203,https://minedbuildings.z5.web.core.windows.net/global-buildings/2026-02-03/global-buildings.geojsonl/RegionName=UnitedStates/quadkey=021320203/part-00073-4feead82-d499-422b-94cb-c036c212127a.c000.csv.gz
021320210,https://minedbuildings.z5.web.core.windows.net/global-buildings/2026-02-03/global-buildings.geojsonl/RegionName=UnitedStates/quadkey=021320210/part-00143-4feead82-d499-422b-94cb-c036c212127a.c000.csv.gz
021320211,https://minedbuildings.z5.web.core.windows.net/global-buildings/2026-02-03/global-buildings.geojsonl/RegionName=UnitedStates/quadkey=021320211/part-00064-4feead82-d499-422b-94cb-c036c212127a.c000.csv.gz
021320212,https://minedbuildings.z5.web.core.windows.net/global-buildings/2026-02-03/global-buildings.geojsonl/RegionName=UnitedStates/quadkey=021320212/part-00049-4feead82-d499-422b-94cb-c036c212127a.c000.csv.gz
021320213,https://minedbuildings.z5.web.core.windows.net/global-buildings/2026-02-03/global-buildings.geojsonl/RegionName=UnitedStates/quadkey=021320213/part-00176-4feead82-d499-422b-94cb-c036c212127a.c000.csv.gz
021320220,https://minedbuildings.z5.web.core.windows.net/global-buildings/2026-02-03/global-buildings.geojsonl/RegionName=UnitedStates/quadkey=021320220/part-00055-4feead82-d499-422b-94cb-c036c212127a.c000.csv.gz
021320221,https://minedbuildings.z5.web.core.windows.net/global-buildings/2026-02-03/global-buildings.geojsonl/RegionName=UnitedStates/quadkey=021320221/part-00134-4feead82-d499-422b-94cb-c036c212127a.c000.csv.gz
021320222,https://minedbuildings.z5.web.core.windows.net/global-buildings/2026-02-03/global-buildings.geojsonl/RegionName=UnitedStates/quadkey=021320222/part-00012-4feead82-d499-422b-94cb-c036c212127a.c000.csv.gz
021320223,https://minedbuildings.z5.web.core.windows.net/global-buildings/2026-02-03/global-buildings.geojsonl/RegionName=UnitedStates/quadkey=021320223/part-00160-4feead82-d499-422b-94cb-c036c212127a.c000.csv.gz
021320230,https://minedbuildings.z5.web.core.windows.net/global-buildings/2026-02-03/global-buildings.geojsonl/RegionName=UnitedStates/quadkey=021320230/part-00161-4feead82-d499-422b-94cb-c036c212127a.c000.csv.gz
021320231,https://minedbuildings.z5.web.core.windows.net/global-buildings/2026-02-03/global-buildings.geojsonl/RegionName=UnitedStates/quadkey=021320231/part-00171-4feead82-d499-422b-94cb-c036c212127a.c000.csv.gz
021320232,https://minedbuildings.z5.web.core.windows.net/global-buildings/2026-02-03/global-buildings.geojsonl/RegionName=UnitedStates/quadkey=021320232/part-00171-4feead82-d499-422b-94cb-c036c212127a.c000.csv.gz
021320233,https://minedbuildings.z5.web.core.windows.net/global-buildings/2026-02-03/global-buildings.geojsonl/RegionName=UnitedStates/quadkey=021320233/part-00019-4feead82-d499-422b-94cb-c036c212127a.c000.csv.gz
021320300,https://minedbuildings.z5.web.core.windows.net/global-buildings/2026-02-03/global-buildings.geojsonl/RegionName=UnitedStates/quadkey=021320300/part-00066-4feead82-d499-422b-94cb-c036c212127a.c000.csv.gz
021320301,https://minedbuildings.z5.web.core.windows.net/global-buildings/2026-02-03/global-buildings.geojsonl/RegionName=UnitedStates/quadkey=021320301/part-00061-4feead82-d499-422b-94cb-c036c212127a.c000.csv.gz
021320302,https://minedbuildings.z5.web.core.windows.net/global-buildings/2026-02-03/global-buildings.geojsonl/RegionName=UnitedStates/quadkey=021320302/part-00161-4feead82-d499-422b-94cb-c036c212127a.c000.csv.gz
021320303,https://minedbuildings.z5.web.core.windows.net/global-buildings/2026-02-03/global-buildings.geojsonl/RegionName=UnitedStates/quadkey=021320303/part-00107-4feead82-d499-422b-94cb-c036c212127a.c000.csv.gz
021320310,https://minedbuildings.z5.web.core.windows.net/global-buildings/2026-02-03/global-buildings.geojsonl/RegionName=UnitedStates/quadkey=021320310/part-00107-4feead82-d499-422b-94cb-c036c212127a.c000.csv.gz
021320311,https://minedbuildings.z5.web.core.windows.net/global-buildings/2026-02-03/global-buildings.geojsonl/RegionName=UnitedStates/quadkey=021320311/part-00119-4feead82-d499-422b-94cb-c036c212127a.c000.csv.gz
021320312,https://minedbuildings.z5.web.core.windows.net/global-buildings/2026-02-03/global-buildings.geojsonl/RegionName=UnitedStates/quadkey=021320312/part-00158-4feead82-d499-422b-94cb-c036c212127a.c000.csv.gz
021320313,https://minedbuildings.z5.web.core.windows.net/global-buildings/2026-02-03/global-buildings.geojsonl/RegionName=UnitedStates/quadkey=021320313/part-00110-4feead82-d499-422b-94cb-c036c212127a.c000.csv.gz
021320320,https://minedbuildings.z5.web.core.windows.net/global-buildings/2026-02-03/global-buildings.geojsonl/RegionName=UnitedStates/quadkey=021320320/part-00195-4feead82-d499-422b-94cb-c036c212127a.c000.csv.gz
021320321,https://minedbuildings.z5.web.core.windows.net/global-buildings/2026-02-03/global-buildings.geojsonl/RegionName=UnitedStates/quadkey=021320321/part-00085-4feead82-d499-422b-94cb-c036c212127a.c000.csv.gz
021320322,https://minedbuildings.z5.web.core.windows.net/global-buildings/2026-02-03/global-buildings.geojsonl/RegionName=UnitedStates/quadkey=021320322/part-00046-4feead82-d499-422b-94cb-c036c212127a.c000.csv.gz
021320323,https://minedbuildings.z5.web.core.windows.net/global-buildings/2026-02-03/global-buildings.geojsonl/RegionName=UnitedStates/quadkey=021320323/part-00186-4feead82-d499-422b-94cb-c036c212127a.c000.csv.gz
021320330,https://minedbuildings.z5.web.core.windows.net/global-buildings/2026-02-03/global-buildings.geojsonl/RegionName=UnitedStates/quadkey=021320330/part-00004-4feead82-d499-422b-94cb-c036c212127a.c000.csv.gz
021320331,https://minedbuildings.z5.web.core.windows.net/global-buildings/2026-02-03/global-buildings.geojsonl/RegionName=UnitedStates/quadkey=021320331/part-00130-4feead82-d499-422b-94cb-c036c212127a.c000.csv.gz
021320332,https://minedbuildings.z5.web.core.windows.net/global-buildings/2026-02-03/global-buildings.geojsonl/RegionName=UnitedStates/quadkey=021320332/part-00091-4feead82-d499-422b-94cb-c036c212127a.c000.csv.gz
021320333,https://minedbuildings.z5.web.core.windows.net/global-buildings/2026-02-03/global-buildings.geojsonl/RegionName=UnitedStates/quadkey=021320333/part-00157-4feead82-d499-422b-94cb-c036c212127a.c000.csv.gz
021321000,https://minedbuildings.z5.web.core.windows.net/global-buildings/2026-02-03/global-buildings.geojsonl/RegionName=UnitedStates/quadkey=021321000/part-00139-4feead82-d499-422b-94cb-c036c212127a.c000.csv.gz
021321001,https://minedbuildings.z5.web.core.windows.net/global-buildings/2026-02-03/global-buildings.geojsonl/RegionName=UnitedStates/quadkey=021321001/part-00075-4feead82-d499-422b-94cb-c036c212127a.c000.csv.gz
021321002,https://minedbuildings.z5.web.core.windows.net/global-buildings/2026-02-03/global-buildings.geojsonl/RegionName=UnitedStates/quadkey=021321002/part-00122-4feead82-d499-422b-94cb-c036c212127a.c000.csv.gz
021321003,https://minedbuildings.z5.web.core.windows.net/global-buildings/2026-02-03/global-buildings.geojsonl/RegionName=UnitedStates/quadkey=021321003/part-00128-4feead82-d499-422b-94cb-c036c212127a.c000.csv.gz
021321010,https://minedbuildings.z5.web.core.windows.net/global-buildings/2026-02-03/global-buildings.geojsonl/RegionName=UnitedStates/quadkey=021321010/part-00004-4feead82-d499-422b-94cb-c036c212127a.c000.csv.gz
021321011,https://minedbuildings.z5.web.core.windows.net/global-buildings/2026-02-03/global-buildings.geojsonl/RegionName=UnitedStates/quadkey=021321011/part-00027-4feead82-d499-422b-94cb-c036c212127a.c000.csv.gz
021321012,https://minedbuildings.z5.web.core.windows.net/global-buildings/2026-02-03/global-buildings.geojsonl/RegionName=UnitedStates/quadkey=021321012/part-00138-4feead82-d499-422b-94cb-c036c212127a.c000.csv.gz
021321013,https://minedbuildings.z5.web.core.windows.net/global-buildings/2026-02-03/global-buildings.geojsonl/RegionName=UnitedStates/quadkey=021321013/part-00101-4feead82-d499-422b-94cb-c036c212127a.c000.csv.gz
021321020,https://minedbuildings.z5.web.core.windows.net/global-buildings/2026-02-03/global-buildings.geojsonl/RegionName=UnitedStates/quadkey=021321020/part-00051-4feead82-d499-422b-94cb-c036c212127a.c000.csv.gz
021321021,https://minedbuildings.z5.web.core.windows.net/global-buildings/2026-02-03/global-buildings.geojsonl/RegionName=UnitedStates/quadkey=021321021/part-00046-4feead82-d499-422b-94cb-c036c212127a.c000.csv.gz
021321022,https://minedbuildings.z5.web.core.windows.net/global-buildings/2026-02-03/global-buildings.geojsonl/RegionName=UnitedStates/quadkey=021321022/part-00165-4feead82-d499-422b-94cb-c036c212127a.c000.csv.gz
021321023,https://minedbuildings.z5.web.core.windows.net/global-buildings/2026-02-03/global-buildings.geojsonl/RegionName=UnitedStates/quadkey=021321023/part-00100-4feead82-d499-422b-94cb-c036c212127a.c000.csv.gz
021321030,https://minedbuildings.z5.web.core.windows.net/global-buildings/2026-02-03/global-buildings.geojsonl/RegionName=UnitedStates/quadkey=021321030/part-00091-4feead82-d499-422b-94cb-c036c212127a.c000.csv.gz
021321031,https://minedbuildings.z5.web.core.windows.net/global-buildings/2026-02-03/global-buildings.geojsonl/RegionName=UnitedStates/quadkey=021321031/part-00185-4feead82-d499-422b-94cb-c036c212127a.c000.csv.gz
021321032,https://minedbuildings.z5.web.core.windows.net/global-buildings/2026-02-03/global-buildings.geojsonl/RegionName=UnitedStates/quadkey=021321032/part-00115-4feead82-d499-422b-94cb-c036c212127a.c000.csv.gz
021321033,https://minedbuildings.z5.web.core.windows.net/global-buildings/2026-02-03/global-buildings.geojsonl/RegionName=UnitedStates/quadkey=021321033/part-00130-4feead82-d499-422b-94cb-c036c212127a.c000.csv.gz
021321100,https://minedbuildings.z5.web.core.windows.net/global-buildings/2026-02-03/global-buildings.geojsonl/RegionName=UnitedStates/quadkey=021321100/part-00018-4feead82-d499-422b-94cb-c036c212127a.c000.csv.gz
021321101,https://minedbuildings.z5.web.core.windows.net/global-buildings/2026-02-03/global-buildings.geojsonl/RegionName=UnitedStates/quadkey=021321101/part-00127-4feead82-d499-422b-94cb-c036c212127a.c000.csv.gz
021321102,https://minedbuildings.z5.web.core.windows.net/global-buildings/2026-02-03/global-buildings.geojsonl/RegionName=UnitedStates/quadkey=021321102/part-00191-4feead82-d499-422b-94cb-c036c212127a.c000.csv.gz
021321103,https://minedbuildings.z5.web.core.windows.net/global-buildings/2026-02-03/global-buildings.geojsonl/RegionName=UnitedStates/quadkey=021321103/part-00085-4feead82-d499-422b-94cb-c036c212127a.c000.csv.gz
021321110,https://minedbuildings.z5.web.core.windows.net/global-buildings/2026-02-03/global-buildings.geojsonl/RegionName=UnitedStates/quadkey=021321110/part-00050-4feead82-d499-422b-94cb-c036c212127a.c000.csv.gz
021321111,https://minedbuildings.z5.web.core.windows.net/global-buildings/2026-02-03/global-buildings.geojsonl/RegionName=UnitedStates/quadkey=021321111/part-00082-4feead82-d499-422b-94cb-c036c212127a.c000.csv.gz
021321112,https://minedbuildings.z5.web.core.windows.net/global-buildings/2026-02-03/global-buildings.geojsonl/RegionName=UnitedStates/quadkey=021321112/part-00019-4feead82-d499-422b-94cb-c036c212127a.c000.csv.gz
021321113,https://minedbuildings.z5.web.core.windows.net/global-buildings/2026-02-03/global-buildings.geojsonl/RegionName=UnitedStates/quadkey=021321113/part-00042-4feead82-d499-422b-94cb-c036c212127a.c000.csv.gz
021321120,https://minedbuildings.z5.web.core.windows.net/global-buildings/2026-02-03/global-buildings.geojsonl/RegionName=UnitedStates/quadkey=021321120/part-00062-4feead82-d499-422b-94cb-c036c212127a.c000.csv.gz
021321121,https://minedbuildings.z5.web.core.windows.net/global-buildings/2026-02-03/global-buildings.geojsonl/RegionName=UnitedStates/quadkey=021321121/part-00068-4feead82-d499-422b-94cb-c036c212127a.c000.csv.gz
021321122,https://minedbuildings.z5.web.core.windows.net/global-buildings/2026-02-03/global-buildings.geojsonl/RegionName=UnitedStates/quadkey=021321122/part-00037-4feead82-d499-422b-94cb-c036c212127a.c000.csv.gz
021321123,https://minedbuildings.z5.web.core.windows.net/global-buildings/2026-02-03/global-buildings.geojsonl/RegionName=UnitedStates/quadkey=021321123/part-00066-4feead82-d499-422b-94cb-c036c212127a.c000.csv.gz
021321130,https://minedbuildings.z5.web.core.windows.net/global-buildings/2026-02-03/global-buildings.geojsonl/RegionName=UnitedStates/quadkey=021321130/part-00150-4feead82-d499-422b-94cb-c036c212127a.c000.csv.gz
021321131,https://minedbuildings.z5.web.core.windows.net/global-buildings/2026-02-03/global-buildings.geojsonl/RegionName=UnitedStates/quadkey=021321131/part-00018-4feead82-d499-422b-94cb-c036c212127a.c000.csv.gz
021321132,https://minedbuildings.z5.web.core.windows.net/global-buildings/2026-02-03/global-buildings.geojsonl/RegionName=UnitedStates/quadkey=021321132/part-00184-4feead82-d499-422b-94cb-c036c212127a.c000.csv.gz
021321133,https://minedbuildings.z5.web.core.windows.net/global-buildings/2026-02-03/global-buildings.geojsonl/RegionName=UnitedStates/quadkey=021321133/part-00189-4feead82-d499-422b-94cb-c036c212127a.c000.csv.gz
021321200,https://minedbuildings.z5.web.core.windows.net/global-buildings/2026-02-03/global-buildings.geojsonl/RegionName=UnitedStates/quadkey=021321200/part-00169-4feead82-d499-422b-94cb-c036c212127a.c000.csv.gz
021321201,https://minedbuildings.z5.web.core.windows.net/global-buildings/2026-02-03/global-buildings.geojsonl/RegionName=UnitedStates/quadkey=021321201/part-00124-4feead82-d499-422b-94cb-c036c212127a.c000.csv.gz
021321202,https://minedbuildings.z5.web.core.windows.net/global-buildings/2026-02-03/global-buildings.geojsonl/RegionName=UnitedStates/quadkey=021321202/part-00061-4feead82-d499-422b-94cb-c036c212127a.c000.csv.gz
021321203,https://minedbuildings.z5.web.core.windows.net/global-buildings/2026-02-03/global-buildings.geojsonl/RegionName=UnitedStates/quadkey=021321203/part-00178-4feead82-d499-422b-94cb-c036c212127a.c000.csv.gz
021321210,https://minedbuildings.z5.web.core.windows.net/global-buildings/2026-02-03/global-buildings.geojsonl/RegionName=UnitedStates/quadkey=021321210/part-00029-4feead82-d499-422b-94cb-c036c212127a.c000.csv.gz
021321211,https://minedbuildings.z5.web.core.windows.net/global-buildings/2026-02-03/global-buildings.geojsonl/RegionName=UnitedStates/quadkey=021321211/part-00073-4feead82-d499-422b-94cb-c036c212127a.c000.csv.gz
021321212,https://minedbuildings.z5.web.core.windows.net/global-buildings/2026-02-03/global-buildings.geojsonl/RegionName=UnitedStates/quadkey=021321212/part-00060-4feead82-d499-422b-94cb-c036c212127a.c000.csv.gz
021321213,https://minedbuildings.z5.web.core.windows.net/global-buildings/2026-02-03/global-buildings.geojsonl/RegionName=UnitedStates/quadkey=021321213/part-00038-4feead82-d499-422b-94cb-c036c212127a.c000.csv.gz
021321220,https://minedbuildings.z5.web.core.windows.net/global-buildings/2026-02-03/global-buildings.geojsonl/RegionName=UnitedStates/quadkey=021321220/part-00196-4feead82-d499-422b-94cb-c036c212127a.c000.csv.gz
021321221,https://minedbuildings.z5.web.core.windows.net/global-buildings/2026-02-03/global-buildings.geojsonl/RegionName=UnitedStates/quadkey=021321221/part-00035-4feead82-d499-422b-94cb-c036c212127a.c000.csv.gz
021321222,https://minedbuildings.z5.web.core.windows.net/global-buildings/2026-02-03/global-buildings.geojsonl/RegionName=UnitedStates/quadkey=021321222/part-00094-4feead82-d499-422b-94cb-c036c212127a.c000.csv.gz
021321223,https://minedbuildings.z5.web.core.windows.net/global-buildings/2026-02-03/global-buildings.geojsonl/RegionName=UnitedStates/quadkey=021321223/part-00063-4feead82-d499-422b-94cb-c036c212127a.c000.csv.gz
021321230,https://minedbuildings.z5.web.core.windows.net/global-buildings/2026-02-03/global-buildings.geojsonl/RegionName=UnitedStates/quadkey=021321230/part-00120-4feead82-d499-422b-94cb-c036c212127a.c000.csv.gz
021321231,https://minedbuildings.z5.web.core.windows.net/global-buildings/2026-02-03/global-buildings.geojsonl/RegionName=UnitedStates/quadkey=021321231/part-00112-4feead82-d499-422b-94cb-c036c212127a.c000.csv.gz
021321232,https://minedbuildings.z5.web.core.windows.net/global-buildings/2026-02-03/global-buildings.geojsonl/RegionName=UnitedStates/quadkey=021321232/part-00197-4feead82-d499-422b-94cb-c036c212127a.c000.csv.gz
021321233,https://minedbuildings.z5.web.core.windows.net/global-buildings/2026-02-03/global-buildings.geojsonl/RegionName=UnitedStates/quadkey=021321233/part-00158-4feead82-d499-422b-94cb-c036c212127a.c000.csv.gz
021321300,https://minedbuildings.z5.web.core.windows.net/global-buildings/2026-02-03/global-buildings.geojsonl/RegionName=UnitedStates/quadkey=021321300/part-00040-4feead82-d499-422b-94cb-c036c212127a.c000.csv.gz
021321301,https://minedbuildings.z5.web.core.windows.net/global-buildings/2026-02-03/global-buildings.geojsonl/RegionName=UnitedStates/quadkey=021321301/part-00120-4feead82-d499-422b-94cb-c036c212127a.c000.csv.gz
021321302,https://minedbuildings.z5.web.core.windows.net/global-buildings/2026-02-03/global-buildings.geojsonl/RegionName=UnitedStates/quadkey=021321302/part-00097-4feead82-d499-422b-94cb-c036c212127a.c000.csv.gz
021321303,https://minedbuildings.z5.web.core.windows.net/global-buildings/2026-02-03/global-buildings.geojsonl/RegionName=UnitedStates/quadkey=021321303/part-00148-4feead82-d499-422b-94cb-c036c212127a.c000.csv.gz
021321310,https://minedbuildings.z5.web.core.windows.net/global-buildings/2026-02-03/global-buildings.geojsonl/RegionName=UnitedStates/quadkey=021321310/part-00195-4feead82-d499-422b-94cb-c036c212127a.c000.csv.gz
021321311,https://minedbuildings.z5.web.core.windows.net/global-buildings/2026-02-03/global-buildings.geojsonl/RegionName=UnitedStates/quadkey=021321311/part-00007-4feead82-d499-422b-94cb-c036c212127a.c000.csv.gz
021321312,https://minedbuildings.z5.web.core.windows.net/global-buildings/2026-02-03/global-buildings.geojsonl/RegionName=UnitedStates/quadkey=021321312/part-00104-4feead82-d499-422b-94cb-c036c212127a.c000.csv.gz
021321313,https://minedbuildings.z5.web.core.windows.net/global-buildings/2026-02-03/global-buildings.geojsonl/RegionName=UnitedStates/quadkey=021321313/part-00174-4feead82-d499-422b-94cb-c036c212127a.c000.csv.gz
021321320,https://minedbuildings.z5.web.core.windows.net/global-buildings/2026-02-03/global-buildings.geojsonl/RegionName=UnitedStates/quadkey=021321320/part-00192-4feead82-d499-422b-94cb-c036c212127a.c000.csv.gz
021321321,https://minedbuildings.z5.web.core.windows.net/global-buildings/2026-02-03/global-buildings.geojsonl/RegionName=UnitedStates/quadkey=021321321/part-00049-4feead82-d499-422b-94cb-c036c212127a.c000.csv.gz
021321322,https://minedbuildings.z5.web.core.windows.net/global-buildings/2026-02-03/global-buildings.geojsonl/RegionName=UnitedStates/quadkey=021321322/part-00021-4feead82-d499-422b-94cb-c036c212127a.c000.csv.gz
021321323,https://minedbuildings.z5.web.core.windows.net/global-buildings/2026-02-03/global-buildings.geojsonl/RegionName=UnitedStates/quadkey=021321323/part-00048-4feead82-d499-422b-94cb-c036c212127a.c000.csv.gz
021321330,https://minedbuildings.z5.web.core.windows.net/global-buildings/2026-02-03/global-buildings.geojsonl/RegionName=UnitedStates/quadkey=021321330/part-00028-4feead82-d499-422b-94cb-c036c212127a.c000.csv.gz
021321331,https://minedbuildings.z5.web.core.windows.net/global-buildings/2026-02-03/global-buildings.geojsonl/RegionName=UnitedStates/quadkey=021321331/part-00071-4feead82-d499-422b-94cb-c036c212127a.c000.csv.gz
021321332,https://minedbuildings.z5.web.core.windows.net/global-buildings/2026-02-03/global-buildings.geojsonl/RegionName=UnitedStates/quadkey=021321332/part-00182-4feead82-d499-422b-94cb-c036c212127a.c000.csv.gz
021321333,https://minedbuildings.z5.web.core.windows.net/global-buildings/2026-02-03/global-buildings.geojsonl/RegionName=UnitedStates/quadkey=021321333/part-00138-4feead82-d499-422b-94cb-c036c212127a.c000.csv.gz
021322000,https://minedbuildings.z5.web.core.windows.net/global-buildings/2026-02-03/global-buildings.geojsonl/RegionName=UnitedStates/quadkey=021322000/part-00080-4feead82-d499-422b-94cb-c036c212127a.c000.csv.gz
021322001,https://minedbuildings.z5.web.core.windows.net/global-buildings/2026-02-03/global-buildings.geojsonl/RegionName=UnitedStates/quadkey=021322001/part-00169-4feead82-d499-422b-94cb-c036c212127a.c000.csv.gz
021322002,https://minedbuildings.z5.web.core.windows.net/global-buildings/2026-02-03/global-buildings.geojsonl/RegionName=UnitedStates/quadkey=021322002/part-00145-4feead82-d499-422b-94cb-c036c212127a.c000.csv.gz
021322003,https://minedbuildings.z5.web.core.windows.net/global-buildings/2026-02-03/global-buildings.geojsonl/RegionName=UnitedStates/quadkey=021322003/part-00125-4feead82-d499-422b-94cb-c036c212127a.c000.csv.gz
021322010,https://minedbuildings.z5.web.core.windows.net/global-buildings/2026-02-03/global-buildings.geojsonl/RegionName=UnitedStates/quadkey=021322010/part-00108-4feead82-d499-422b-94cb-c036c212127a.c000.csv.gz
021322011,https://minedbuildings.z5.web.core.windows.net/global-buildings/2026-02-03/global-buildings.geojsonl/RegionName=UnitedStates/quadkey=021322011/part-00111-4feead82-d499-422b-94cb-c036c212127a.c000.csv.gz
021322012,https://minedbuildings.z5.web.core.windows.net/global-buildings/2026-02-03/global-buildings.geojsonl/RegionName=UnitedStates/quadkey=021322012/part-00018-4feead82-d499-422b-94cb-c036c212127a.c000.csv.gz
021322013,https://minedbuildings.z5.web.core.windows.net/global-buildings/2026-02-03/global-buildings.geojsonl/RegionName=UnitedStates/quadkey=021322013/part-00187-4feead82-d499-422b-94cb-c036c212127a.c000.csv.gz
021322020,https://minedbuildings.z5.web.core.windows.net/global-buildings/2026-02-03/global-buildings.geojsonl/RegionName=UnitedStates/quadkey=021322020/part-00004-4feead82-d499-422b-94cb-c036c212127a.c000.csv.gz
021322021,https://minedbuildings.z5.web.core.windows.net/global-buildings/2026-02-03/global-buildings.geojsonl/RegionName=UnitedStates/quadkey=021322021/part-00104-4feead82-d499-422b-94cb-c036c212127a.c000.csv.gz
021322022,https://minedbuildings.z5.web.core.windows.net/global-buildings/2026-02-03/global-buildings.geojsonl/RegionName=UnitedStates/quadkey=021322022/part-00060-4feead82-d499-422b-94cb-c036c212127a.c000.csv.gz
021322023,https://minedbuildings.z5.web.core.windows.net/global-buildings/2026-02-03/global-buildings.geojsonl/RegionName=UnitedStates/quadkey=021322023/part-00086-4feead82-d499-422b-94cb-c036c212127a.c000.csv.gz
021322030,https://minedbuildings.z5.web.core.windows.net/global-buildings/2026-02-03/global-buildings.geojsonl/RegionName=UnitedStates/quadkey=021322030/part-00150-4feead82-d499-422b-94cb-c036c212127a.c000.csv.gz
021322031,https://minedbuildings.z5.web.core.windows.net/global-buildings/2026-02-03/global-buildings.geojsonl/RegionName=UnitedStates/quadkey=021322031/part-00121-4feead82-d499-422b-94cb-c036c212127a.c000.csv.gz
021322032,https://minedbuildings.z5.web.core.windows.net/global-buildings/2026-02-03/global-buildings.geojsonl/RegionName=UnitedStates/quadkey=021322032/part-00178-4feead82-d499-422b-94cb-c036c212127a.c000.csv.gz
021322033,https://minedbuildings.z5.web.core.windows.net/global-buildings/2026-02-03/global-buildings.geojsonl/RegionName=UnitedStates/quadkey=021322033/part-00066-4feead82-d499-422b-94cb-c036c212127a.c000.csv.gz
021322100,https://minedbuildings.z5.web.core.windows.net/global-buildings/2026-02-03/global-buildings.geojsonl/RegionName=UnitedStates/quadkey=021322100/part-00169-4feead82-d499-422b-94cb-c036c212127a.c000.csv.gz
021322101,https://minedbuildings.z5.web.core.windows.net/global-buildings/2026-02-03/global-buildings.geojsonl/RegionName=UnitedStates/quadkey=021322101/part-00042-4feead82-d499-422b-94cb-c036c212127a.c000.csv.gz
021322102,https://minedbuildings.z5.web.core.windows.net/global-buildings/2026-02-03/global-buildings.geojsonl/RegionName=UnitedStates/quadkey=021322102/part-00019-4feead82-d499-422b-94cb-c036c212127a.c000.csv.gz
021322103,https://minedbuildings.z5.web.core.windows.net/global-buildings/2026-02-03/global-buildings.geojsonl/RegionName=UnitedStates/quadkey=021322103/part-00061-4feead82-d499-422b-94cb-c036c212127a.c000.csv.gz
021322110,https://minedbuildings.z5.web.core.windows.net/global-buildings/2026-02-03/global-buildings.geojsonl/RegionName=UnitedStates/quadkey=021322110/part-00102-4feead82-d499-422b-94cb-c036c212127a.c000.csv.gz
021322111,https://minedbuildings.z5.web.core.windows.net/global-buildings/2026-02-03/global-buildings.geojsonl/RegionName=UnitedStates/quadkey=021322111/part-00001-4feead82-d499-422b-94cb-c036c212127a.c000.csv.gz
021322112,https://minedbuildings.z5.web.core.windows.net/global-buildings/2026-02-03/global-buildings.geojsonl/RegionName=UnitedStates/quadkey=021322112/part-00176-4feead82-d499-422b-94cb-c036c212127a.c000.csv.gz
021322113,https://minedbuildings.z5.web.core.windows.net/global-buildings/2026-02-03/global-buildings.geojsonl/RegionName=UnitedStates/quadkey=021322113/part-00054-4feead82-d499-422b-94cb-c036c212127a.c000.csv.gz
021322120,https://minedbuildings.z5.web.core.windows.net/global-buildings/2026-02-03/global-buildings.geojsonl/RegionName=UnitedStates/quadkey=021322120/part-00181-4feead82-d499-422b-94cb-c036c212127a.c000.csv.gz
021322121,https://minedbuildings.z5.web.core.windows.net/global-buildings/2026-02-03/global-buildings.geojsonl/RegionName=UnitedStates/quadkey=021322121/part-00116-4feead82-d499-422b-94cb-c036c212127a.c000.csv.gz
021322122,https://minedbuildings.z5.web.core.windows.net/global-buildings/2026-02-03/global-buildings.geojsonl/RegionName=UnitedStates/quadkey=021322122/part-00199-4feead82-d499-422b-94cb-c036c212127a.c000.csv.gz
021322123,https://minedbuildings.z5.web.core.windows.net/global-buildings/2026-02-03/global-buildings.geojsonl/RegionName=UnitedStates/quadkey=021322123/part-00069-4feead82-d499-422b-94cb-c036c212127a.c000.csv.gz
021322130,https://minedbuildings.z5.web.core.windows.net/global-buildings/2026-02-03/global-buildings.geojsonl/RegionName=UnitedStates/quadkey=021322130/part-00151-4feead82-d499-422b-94cb-c036c212127a.c000.csv.gz
021322131,https://minedbuildings.z5.web.core.windows.net/global-buildings/2026-02-03/global-buildings.geojsonl/RegionName=UnitedStates/quadkey=021322131/part-00138-4feead82-d499-422b-94cb-c036c212127a.c000.csv.gz
021322132,https://minedbuildings.z5.web.core.windows.net/global-buildings/2026-02-03/global-buildings.geojsonl/RegionName=UnitedStates/quadkey=021322132/part-00164-4feead82-d499-422b-94cb-c036c212127a.c000.csv.gz
021322133,https://minedbuildings.z5.web.core.windows.net/global-buildings/2026-02-03/global-buildings.geojsonl/RegionName=UnitedStates/quadkey=021322133/part-00054-4feead82-d499-422b-94cb-c036c212127a.c000.csv.gz
021322200,https://minedbuildings.z5.web.core.windows.net/global-buildings/2026-02-03/global-buildings.geojsonl/RegionName=UnitedStates/quadkey=021322200/part-00045-4feead82-d499-422b-94cb-c036c212127a.c000.csv.gz
021322201,https://minedbuildings.z5.web.core.windows.net/global-buildings/2026-02-03/global-buildings.geojsonl/RegionName=UnitedStates/quadkey=021322201/part-00193-4feead82-d499-422b-94cb-c036c212127a.c000.csv.gz
021322202,https://minedbuildings.z5.web.core.windows.net/global-buildings/2026-02-03/global-buildings.geojsonl/RegionName=UnitedStates/quadkey=021322202/part-00043-4feead82-d499-422b-94cb-c036c212127a.c000.csv.gz
021322203,https://minedbuildings.z5.web.core.windows.net/global-buildings/2026-02-03/global-buildings.geojsonl/RegionName=UnitedStates/quadkey=021322203/part-00104-4feead82-d499-422b-94cb-c036c212127a.c000.csv.gz
021322210,https://minedbuildings.z5.web.core.windows.net/global-buildings/2026-02-03/global-buildings.geojsonl/RegionName=UnitedStates/quadkey=021322210/part-00061-4feead82-d499-422b-94cb-c036c212127a.c000.csv.gz
021322211,https://minedbuildings.z5.web.core.windows.net/global-buildings/2026-02-03/global-buildings.geojsonl/RegionName=UnitedStates/quadkey=021322211/part-00097-4feead82-d499-422b-94cb-c036c212127a.c000.csv.gz
021322212,https://minedbuildings.z5.web.core.windows.net/global-buildings/2026-02-03/global-buildings.geojsonl/RegionName=UnitedStates/quadkey=021322212/part-00196-4feead82-d499-422b-94cb-c036c212127a.c000.csv.gz
021322213,https://minedbuildings.z5.web.core.windows.net/global-buildings/2026-02-03/global-buildings.geojsonl/RegionName=UnitedStates/quadkey=021322213/part-00078-4feead82-d499-422b-94cb-c036c212127a.c000.csv.gz
021322220,https://minedbuildings.z5.web.core.windows.net/global-buildings/2026-02-03/global-buildings.geojsonl/RegionName=UnitedStates/quadkey=021322220/part-00010-4feead82-d499-422b-94cb-c036c212127a.c000.csv.gz
021322221,https://minedbuildings.z5.web.core.windows.net/global-buildings/2026-02-03/global-buildings.geojsonl/RegionName=UnitedStates/quadkey=021322221/part-00010-4feead82-d499-422b-94cb-c036c212127a.c000.csv.gz
021322222,https://minedbuildings.z5.web.core.windows.net/global-buildings/2026-02-03/global-buildings.geojsonl/RegionName=UnitedStates/quadkey=021322222/part-00016-4feead82-d499-422b-94cb-c036c212127a.c000.csv.gz
021322223,https://minedbuildings.z5.web.core.windows.net/global-buildings/2026-02-03/global-buildings.geojsonl/RegionName=UnitedStates/quadkey=021322223/part-00105-4feead82-d499-422b-94cb-c036c212127a.c000.csv.gz
021322230,https://minedbuildings.z5.web.core.windows.net/global-buildings/2026-02-03/global-buildings.geojsonl/RegionName=UnitedStates/quadkey=021322230/part-00148-4feead82-d499-422b-94cb-c036c212127a.c000.csv.gz
021322231,https://minedbuildings.z5.web.core.windows.net/global-buildings/2026-02-03/global-buildings.geojsonl/RegionName=UnitedStates/quadkey=021322231/part-00189-4feead82-d499-422b-94cb-c036c212127a.c000.csv.gz
021322232,https://minedbuildings.z5.web.core.windows.net/global-buildings/2026-02-03/global-buildings.geojsonl/RegionName=UnitedStates/quadkey=021322232/part-00100-4feead82-d499-422b-94cb-c036c212127a.c000.csv.gz
021322233,https://minedbuildings.z5.web.core.windows.net/global-buildings/2026-02-03/global-buildings.geojsonl/RegionName=UnitedStates/quadkey=021322233/part-00002-4feead82-d499-422b-94cb-c036c212127a.c000.csv.gz
021322300,https://minedbuildings.z5.web.core.windows.net/global-buildings/2026-02-03/global-buildings.geojsonl/RegionName=UnitedStates/quadkey=021322300/part-00078-4feead82-d499-422b-94cb-c036c212127a.c000.csv.gz
021322301,https://minedbuildings.z5.web.core.windows.net/global-buildings/2026-02-03/global-buildings.geojsonl/RegionName=UnitedStates/quadkey=021322301/part-00112-4feead82-d499-422b-94cb-c036c212127a.c000.csv.gz
021322302,https://minedbuildings.z5.web.core.windows.net/global-buildings/2026-02-03/global-buildings.geojsonl/RegionName=UnitedStates/quadkey=021322302/part-00102-4feead82-d499-422b-94cb-c036c212127a.c000.csv.gz
021322303,https://minedbuildings.z5.web.core.windows.net/global-buildings/2026-02-03/global-buildings.geojsonl/RegionName=UnitedStates/quadkey=021322303/part-00069-4feead82-d499-422b-94cb-c036c212127a.c000.csv.gz
021322310,https://minedbuildings.z5.web.core.windows.net/global-buildings/2026-02-03/global-buildings.geojsonl/RegionName=UnitedStates/quadkey=021322310/part-00185-4feead82-d499-422b-94cb-c036c212127a.c000.csv.gz
021322311,https://minedbuildings.z5.web.core.windows.net/global-buildings/2026-02-03/global-buildings.geojsonl/RegionName=UnitedStates/quadkey=021322311/part-00154-4feead82-d499-422b-94cb-c036c212127a.c000.csv.gz
021322312,https://minedbuildings.z5.web.core.windows.net/global-buildings/2026-02-03/global-buildings.geojsonl/RegionName=UnitedStates/quadkey=021322312/part-00182-4feead82-d499-422b-94cb-c036c212127a.c000.csv.gz
021322313,https://minedbuildings.z5.web.core.windows.net/global-buildings/2026-02-03/global-buildings.geojsonl/RegionName=UnitedStates/quadkey=021322313/part-00045-4feead82-d499-422b-94cb-c036c212127a.c000.csv.gz
021322320,https://minedbuildings.z5.web.core.windows.net/global-buildings/2026-02-03/global-buildings.geojsonl/RegionName=UnitedStates/quadkey=021322320/part-00177-4feead82-d499-422b-94cb-c036c212127a.c000.csv.gz
021322321,https://minedbuildings.z5.web.core.windows.net/global-buildings/2026-02-03/global-buildings.geojsonl/RegionName=UnitedStates/quadkey=021322321/part-00067-4feead82-d499-422b-94cb-c036c212127a.c000.csv.gz
021322322,https://minedbuildings.z5.web.core.windows.net/global-buildings/2026-02-03/global-buildings.geojsonl/RegionName=UnitedStates/quadkey=021322322/part-00075-4feead82-d499-422b-94cb-c036c212127a.c000.csv.gz
021322323,https://minedbuildings.z5.web.core.windows.net/global-buildings/2026-02-03/global-buildings.geojsonl/RegionName=UnitedStates/quadkey=021322323/part-00030-4feead82-d499-422b-94cb-c036c212127a.c000.csv.gz
021322330,https://minedbuildings.z5.web.core.windows.net/global-buildings/2026-02-03/global-buildings.geojsonl/RegionName=UnitedStates/quadkey=021322330/part-00107-4feead82-d499-422b-94cb-c036c212127a.c000.csv.gz
021322331,https://minedbuildings.z5.web.core.windows.net/global-buildings/2026-02-03/global-buildings.geojsonl/RegionName=UnitedStates/quadkey=021322331/part-00174-4feead82-d499-422b-94cb-c036c212127a.c000.csv.gz
021322332,https://minedbuildings.z5.web.core.windows.net/global-buildings/2026-02-03/global-buildings.geojsonl/RegionName=UnitedStates/quadkey=021322332/part-00170-4feead82-d499-422b-94cb-c036c212127a.c000.csv.gz
021322333,https://minedbuildings.z5.web.core.windows.net/global-buildings/2026-02-03/global-buildings.geojsonl/RegionName=UnitedStates/quadkey=021322333/part-00163-4feead82-d499-422b-94cb-c036c212127a.c000.csv.gz
021323000,https://minedbuildings.z5.web.core.windows.net/global-buildings/2026-02-03/global-buildings.geojsonl/RegionName=UnitedStates/quadkey=021323000/part-00098-4feead82-d499-422b-94cb-c036c212127a.c000.csv.gz
021323001,https://minedbuildings.z5.web.core.windows.net/global-buildings/2026-02-03/global-buildings.geojsonl/RegionName=UnitedStates/quadkey=021323001/part-00163-4feead82-d499-422b-94cb-c036c212127a.c000.csv.gz
021323002,https://minedbuildings.z5.web.core.windows.net/global-buildings/2026-02-03/global-buildings.geojsonl/RegionName=UnitedStates/quadkey=021323002/part-00098-4feead82-d499-422b-94cb-c036c212127a.c000.csv.gz
021323003,https://minedbuildings.z5.web.core.windows.net/global-buildings/2026-02-03/global-buildings.geojsonl/RegionName=UnitedStates/quadkey=021323003/part-00176-4feead82-d499-422b-94cb-c036c212127a.c000.csv.gz
021323010,https://minedbuildings.z5.web.core.windows.net/global-buildings/2026-02-03/global-buildings.geojsonl/RegionName=UnitedStates/quadkey=021323010/part-00051-4feead82-d499-422b-94cb-c036c212127a.c000.csv.gz
021323011,https://minedbuildings.z5.web.core.windows.net/global-buildings/2026-02-03/global-buildings.geojsonl/RegionName=UnitedStates/quadkey=021323011/part-00133-4feead82-d499-422b-94cb-c036c212127a.c000.csv.gz
021323012,https://minedbuildings.z5.web.core.windows.net/global-buildings/2026-02-03/global-buildings.geojsonl/RegionName=UnitedStates/quadkey=021323012/part-00001-4feead82-d499-422b-94cb-c036c212127a.c000.csv.gz
021323013,https://minedbuildings.z5.web.core.windows.net/global-buildings/2026-02-03/global-buildings.geojsonl/RegionName=UnitedStates/quadkey=021323013/part-00134-4feead82-d499-422b-94cb-c036c212127a.c000.csv.gz
021323020,https://minedbuildings.z5.web.core.windows.net/global-buildings/2026-02-03/global-buildings.geojsonl/RegionName=UnitedStates/quadkey=021323020/part-00146-4feead82-d499-422b-94cb-c036c212127a.c000.csv.gz
021323021,https://minedbuildings.z5.web.core.windows.net/global-buildings/2026-02-03/global-buildings.geojsonl/RegionName=UnitedStates/quadkey=021323021/part-00036-4feead82-d499-422b-94cb-c036c212127a.c000.csv.gz
021323022,https://minedbuildings.z5.web.core.windows.net/global-buildings/2026-02-03/global-buildings.geojsonl/RegionName=UnitedStates/quadkey=021323022/part-00097-4feead82-d499-422b-94cb-c036c212127a.c000.csv.gz
021323023,https://minedbuildings.z5.web.core.windows.net/global-buildings/2026-02-03/global-buildings.geojsonl/RegionName=UnitedStates/quadkey=021323023/part-00042-4feead82-d499-422b-94cb-c036c212127a.c000.csv.gz
021323030,https://minedbuildings.z5.web.core.windows.net/global-buildings/2026-02-03/global-buildings.geojsonl/RegionName=UnitedStates/quadkey=021323030/part-00168-4feead82-d499-422b-94cb-c036c212127a.c000.csv.gz
021323031,https://minedbuildings.z5.web.core.windows.net/global-buildings/2026-02-03/global-buildings.geojsonl/RegionName=UnitedStates/quadkey=021323031/part-00150-4feead82-d499-422b-94cb-c036c212127a.c000.csv.gz
021323032,https://minedbuildings.z5.web.core.windows.net/global-buildings/2026-02-03/global-buildings.geojsonl/RegionName=UnitedStates/quadkey=021323032/part-00024-4feead82-d499-422b-94cb-c036c212127a.c000.csv.gz
021323033,https://minedbuildings.z5.web.core.windows.net/global-buildings/2026-02-03/global-buildings.geojsonl/RegionName=UnitedStates/quadkey=021323033/part-00077-4feead82-d499-422b-94cb-c036c212127a.c000.csv.gz
021323100,https://minedbuildings.z5.web.core.windows.net/global-buildings/2026-02-03/global-buildings.geojsonl/RegionName=UnitedStates/quadkey=021323100/part-00108-4feead82-d499-422b-94cb-c036c212127a.c000.csv.gz
021323101,https://minedbuildings.z5.web.core.windows.net/global-buildings/2026-02-03/global-buildings.geojsonl/RegionName=UnitedStates/quadkey=021323101/part-00022-4feead82-d499-422b-94cb-c036c212127a.c000.csv.gz
021323102,https://minedbuildings.z5.web.core.windows.net/global-buildings/2026-02-03/global-buildings.geojsonl/RegionName=UnitedStates/quadkey=021323102/part-00071-4feead82-d499-422b-94cb-c036c212127a.c000.csv.gz
021323103,https://minedbuildings.z5.web.core.windows.net/global-buildings/2026-02-03/global-buildings.geojsonl/RegionName=UnitedStates/quadkey=021323103/part-00129-4feead82-d499-422b-94cb-c036c212127a.c000.csv.gz
021323110,https://minedbuildings.z5.web.core.windows.net/global-buildings/2026-02-03/global-buildings.geojsonl/RegionName=UnitedStates/quadkey=021323110/part-00140-4feead82-d499-422b-94cb-c036c212127a.c000.csv.gz
021323111,https://minedbuildings.z5.web.core.windows.net/global-buildings/2026-02-03/global-buildings.geojsonl/RegionName=UnitedStates/quadkey=021323111/part-00070-4feead82-d499-422b-94cb-c036c212127a.c000.csv.gz
021323112,https://minedbuildings.z5.web.core.windows.net/global-buildings/2026-02-03/global-buildings.geojsonl/RegionName=UnitedStates/quadkey=021323112/part-00045-4feead82-d499-422b-94cb-c036c212127a.c000.csv.gz
021323113,https://minedbuildings.z5.web.core.windows.net/global-buildings/2026-02-03/global-buildings.geojsonl/RegionName=UnitedStates/quadkey=021323113/part-00052-4feead82-d499-422b-94cb-c036c212127a.c000.csv.gz
021323120,https://minedbuildings.z5.web.core.windows.net/global-buildings/2026-02-03/global-buildings.geojsonl/RegionName=UnitedStates/quadkey=021323120/part-00069-4feead82-d499-422b-94cb-c036c212127a.c000.csv.gz
021323121,https://minedbuildings.z5.web.core.windows.net/global-buildings/2026-02-03/global-buildings.geojsonl/RegionName=UnitedStates/quadkey=021323121/part-00123-4feead82-d499-422b-94cb-c036c212127a.c000.csv.gz
021323122,https://minedbuildings.z5.web.core.windows.net/global-buildings/2026-02-03/global-buildings.geojsonl/RegionName=UnitedStates/quadkey=021323122/part-00198-4feead82-d499-422b-94cb-c036c212127a.c000.csv.gz
021323123,https://minedbuildings.z5.web.core.windows.net/global-buildings/2026-02-03/global-buildings.geojsonl/RegionName=UnitedStates/quadkey=021323123/part-00072-4feead82-d499-422b-94cb-c036c212127a.c000.csv.gz
021323130,https://minedbuildings.z5.web.core.windows.net/global-buildings/2026-02-03/global-buildings.geojsonl/RegionName=UnitedStates/quadkey=021323130/part-00079-4feead82-d499-422b-94cb-c036c212127a.c000.csv.gz
021323131,https://minedbuildings.z5.web.core.windows.net/global-buildings/2026-02-03/global-buildings.geojsonl/RegionName=UnitedStates/quadkey=021323131/part-00024-4feead82-d499-422b-94cb-c036c212127a.c000.csv.gz
021323132,https://minedbuildings.z5.web.core.windows.net/global-buildings/2026-02-03/global-buildings.geojsonl/RegionName=UnitedStates/quadkey=021323132/part-00067-4feead82-d499-422b-94cb-c036c212127a.c000.csv.gz
021323133,https://minedbuildings.z5.web.core.windows.net/global-buildings/2026-02-03/global-buildings.geojsonl/RegionName=UnitedStates/quadkey=021323133/part-00078-4feead82-d499-422b-94cb-c036c212127a.c000.csv.gz
021323200,https://minedbuildings.z5.web.core.windows.net/global-buildings/2026-02-03/global-buildings.geojsonl/RegionName=UnitedStates/quadkey=021323200/part-00090-4feead82-d499-422b-94cb-c036c212127a.c000.csv.gz
021323201,https://minedbuildings.z5.web.core.windows.net/global-buildings/2026-02-03/global-buildings.geojsonl/RegionName=UnitedStates/quadkey=021323201/part-00199-4feead82-d499-422b-94cb-c036c212127a.c000.csv.gz
021323202,https://minedbuildings.z5.web.core.windows.net/global-buildings/2026-02-03/global-buildings.geojsonl/RegionName=UnitedStates/quadkey=021323202/part-00014-4feead82-d499-422b-94cb-c036c212127a.c000.csv.gz
021323203,https://minedbuildings.z5.web.core.windows.net/global-buildings/2026-02-03/global-buildings.geojsonl/RegionName=UnitedStates/quadkey=021323203/part-00022-4feead82-d499-422b-94cb-c036c212127a.c000.csv.gz
021323210,https://minedbuildings.z5.web.core.windows.net/global-buildings/2026-02-03/global-buildings.geojsonl/RegionName=UnitedStates/quadkey=021323210/part-00137-4feead82-d499-422b-94cb-c036c212127a.c000.csv.gz
021323211,https://minedbuildings.z5.web.core.windows.net/global-buildings/2026-02-03/global-buildings.geojsonl/RegionName=UnitedStates/quadkey=021323211/part-00053-4feead82-d499-422b-94cb-c036c212127a.c000.csv.gz
021323212,https://minedbuildings.z5.web.core.windows.net/global-buildings/2026-02-03/global-buildings.geojsonl/RegionName=UnitedStates/quadkey=021323212/part-00103-4feead82-d499-422b-94cb-c036c212127a.c000.csv.gz
021323213,https://minedbuildings.z5.web.core.windows.net/global-buildings/2026-02-03/global-buildings.geojsonl/RegionName=UnitedStates/quadkey=021323213/part-00101-4feead82-d499-422b-94cb-c036c212127a.c000.csv.gz
021323220,https://minedbuildings.z5.web.core.windows.net/global-buildings/2026-02-03/global-buildings.geojsonl/RegionName=UnitedStates/quadkey=021323220/part-00031-4feead82-d499-422b-94cb-c036c212127a.c000.csv.gz
021323221,https://minedbuildings.z5.web.core.windows.net/global-buildings/2026-02-03/global-buildings.geojsonl/RegionName=UnitedStates/quadkey=021323221/part-00060-4feead82-d499-422b-94cb-c036c212127a.c000.csv.gz
021323222,https://minedbuildings.z5.web.core.windows.net/global-buildings/2026-02-03/global-buildings.geojsonl/RegionName=UnitedStates/quadkey=021323222/part-00113-4feead82-d499-422b-94cb-c036c212127a.c000.csv.gz
021323223,https://minedbuildings.z5.web.core.windows.net/global-buildings/2026-02-03/global-buildings.geojsonl/RegionName=UnitedStates/quadkey=021323223/part-00036-4feead82-d499-422b-94cb-c036c212127a.c000.csv.gz
021323230,https://minedbuildings.z5.web.core.windows.net/global-buildings/2026-02-03/global-buildings.geojsonl/RegionName=UnitedStates/quadkey=021323230/part-00052-4feead82-d499-422b-94cb-c036c212127a.c000.csv.gz
021323231,https://minedbuildings.z5.web.core.windows.net/global-buildings/2026-02-03/global-buildings.geojsonl/RegionName=UnitedStates/quadkey=021323231/part-00155-4feead82-d499-422b-94cb-c036c212127a.c000.csv.gz
021323232,https://minedbuildings.z5.web.core.windows.net/global-buildings/2026-02-03/global-buildings.geojsonl/RegionName=UnitedStates/quadkey=021323232/part-00196-4feead82-d499-422b-94cb-c036c212127a.c000.csv.gz
021323233,https://minedbuildings.z5.web.core.windows.net/global-buildings/2026-02-03/global-buildings.geojsonl/RegionName=UnitedStates/quadkey=021323233/part-00081-4feead82-d499-422b-94cb-c036c212127a.c000.csv.gz
021323300,https://minedbuildings.z5.web.core.windows.net/global-buildings/2026-02-03/global-buildings.geojsonl/RegionName=UnitedStates/quadkey=021323300/part-00099-4feead82-d499-422b-94cb-c036c212127a.c000.csv.gz
021323301,https://minedbuildings.z5.web.core.windows.net/global-buildings/2026-02-03/global-buildings.geojsonl/RegionName=UnitedStates/quadkey=021323301/part-00043-4feead82-d499-422b-94cb-c036c212127a.c000.csv.gz
021323302,https://minedbuildings.z5.web.core.windows.net/global-buildings/2026-02-03/global-buildings.geojsonl/RegionName=UnitedStates/quadkey=021323302/part-00092-4feead82-d499-422b-94cb-c036c212127a.c000.csv.gz
021323303,https://minedbuildings.z5.web.core.windows.net/global-buildings/2026-02-03/global-buildings.geojsonl/RegionName=UnitedStates/quadkey=021323303/part-00014-4feead82-d499-422b-94cb-c036c212127a.c000.csv.gz
021323310,https://minedbuildings.z5.web.core.windows.net/global-buildings/2026-02-03/global-buildings.geojsonl/RegionName=UnitedStates/quadkey=021323310/part-00184-4feead82-d499-422b-94cb-c036c212127a.c000.csv.gz
021323311,https://minedbuildings.z5.web.core.windows.net/global-buildings/2026-02-03/global-buildings.geojsonl/RegionName=UnitedStates/quadkey=021323311/part-00080-4feead82-d499-422b-94cb-c036c212127a.c000.csv.gz
021323312,https://minedbuildings.z5.web.core.windows.net/global-buildings/2026-02-03/global-buildings.geojsonl/RegionName=UnitedStates/quadkey=021323312/part-00162-4feead82-d499-422b-94cb-c036c212127a.c000.csv.gz
021323313,https://minedbuildings.z5.web.core.windows.net/global-buildings/2026-02-03/global-buildings.geojsonl/RegionName=UnitedStates/quadkey=021323313/part-00195-4feead82-d499-422b-94cb-c036c212127a.c000.csv.gz
021323320,https://minedbuildings.z5.web.core.windows.net/global-buildings/2026-02-03/global-buildings.geojsonl/RegionName=UnitedStates/quadkey=021323320/part-00104-4feead82-d499-422b-94cb-c036c212127a.c000.csv.gz
021323321,https://minedbuildings.z5.web.core.windows.net/global-buildings/2026-02-03/global-buildings.geojsonl/RegionName=UnitedStates/quadkey=021323321/part-00086-4feead82-d499-422b-94cb-c036c212127a.c000.csv.gz
021323322,https://minedbuildings.z5.web.core.windows.net/global-buildings/2026-02-03/global-buildings.geojsonl/RegionName=UnitedStates/quadkey=021323322/part-00101-4feead82-d499-422b-94cb-c036c212127a.c000.csv.gz
021323323,https://minedbuildings.z5.web.core.windows.net/global-buildings/2026-02-03/global-buildings.geojsonl/RegionName=UnitedStates/quadkey=021323323/part-00030-4feead82-d499-422b-94cb-c036c212127a.c000.csv.gz
021323330,https://minedbuildings.z5.web.core.windows.net/global-buildings/2026-02-03/global-buildings.geojsonl/RegionName=UnitedStates/quadkey=021323330/part-00048-4feead82-d499-422b-94cb-c036c212127a.c000.csv.gz
021323331,https://minedbuildings.z5.web.core.windows.net/global-buildings/2026-02-03/global-buildings.geojsonl/RegionName=UnitedStates/quadkey=021323331/part-00011-4feead82-d499-422b-94cb-c036c212127a.c000.csv.gz
021323332,https://minedbuildings.z5.web.core.windows.net/global-buildings/2026-02-03/global-buildings.geojsonl/RegionName=UnitedStates/quadkey=021323332/part-00104-4feead82-d499-422b-94cb-c036c212127a.c000.csv.gz
021323333,https://minedbuildings.z5.web.core.windows.net/global-buildings/2026-02-03/global-buildings.geojsonl/RegionName=UnitedStates/quadkey=021323333/part-00126-4feead82-d499-422b-94cb-c036c212127a.c000.csv.gz
021330000,https://minedbuildings.z5.web.core.windows.net/global-buildings/2026-02-03/global-buildings.geojsonl/RegionName=UnitedStates/quadkey=021330000/part-00151-4feead82-d499-422b-94cb-c036c212127a.c000.csv.gz
021330001,https://minedbuildings.z5.web.core.windows.net/global-buildings/2026-02-03/global-buildings.geojsonl/RegionName=UnitedStates/quadkey=021330001/part-00074-4feead82-d499-422b-94cb-c036c212127a.c000.csv.gz
021330002,https://minedbuildings.z5.web.core.windows.net/global-buildings/2026-02-03/global-buildings.geojsonl/RegionName=UnitedStates/quadkey=021330002/part-00081-4feead82-d499-422b-94cb-c036c212127a.c000.csv.gz
021330003,https://minedbuildings.z5.web.core.windows.net/global-buildings/2026-02-03/global-buildings.geojsonl/RegionName=UnitedStates/quadkey=021330003/part-00128-4feead82-d499-422b-94cb-c036c212127a.c000.csv.gz
021330010,https://minedbuildings.z5.web.core.windows.net/global-buildings/2026-02-03/global-buildings.geojsonl/RegionName=UnitedStates/quadkey=021330010/part-00108-4feead82-d499-422b-94cb-c036c212127a.c000.csv.gz
021330011,https://minedbuildings.z5.web.core.windows.net/global-buildings/2026-02-03/global-buildings.geojsonl/RegionName=UnitedStates/quadkey=021330011/part-00120-4feead82-d499-422b-94cb-c036c212127a.c000.csv.gz
021330012,https://minedbuildings.z5.web.core.windows.net/global-buildings/2026-02-03/global-buildings.geojsonl/RegionName=UnitedStates/quadkey=021330012/part-00130-4feead82-d499-422b-94cb-c036c212127a.c000.csv.gz
021330013,https://minedbuildings.z5.web.core.windows.net/global-buildings/2026-02-03/global-buildings.geojsonl/RegionName=UnitedStates/quadkey=021330013/part-00061-4feead82-d499-422b-94cb-c036c212127a.c000.csv.gz
021330020,https://minedbuildings.z5.web.core.windows.net/global-buildings/2026-02-03/global-buildings.geojsonl/RegionName=UnitedStates/quadkey=021330020/part-00151-4feead82-d499-422b-94cb-c036c212127a.c000.csv.gz
021330021,https://minedbuildings.z5.web.core.windows.net/global-buildings/2026-02-03/global-buildings.geojsonl/RegionName=UnitedStates/quadkey=021330021/part-00128-4feead82-d499-422b-94cb-c036c212127a.c000.csv.gz
021330022,https://minedbuildings.z5.web.core.windows.net/global-buildings/2026-02-03/global-buildings.geojsonl/RegionName=UnitedStates/quadkey=021330022/part-00005-4feead82-d499-422b-94cb-c036c212127a.c000.csv.gz
021330023,https://minedbuildings.z5.web.core.windows.net/global-buildings/2026-02-03/global-buildings.geojsonl/RegionName=UnitedStates/quadkey=021330023/part-00094-4feead82-d499-422b-94cb-c036c212127a.c000.csv.gz
021330030,https://minedbuildings.z5.web.core.windows.net/global-buildings/2026-02-03/global-buildings.geojsonl/RegionName=UnitedStates/quadkey=021330030/part-00102-4feead82-d499-422b-94cb-c036c212127a.c000.csv.gz
021330031,https://minedbuildings.z5.web.core.windows.net/global-buildings/2026-02-03/global-buildings.geojsonl/RegionName=UnitedStates/quadkey=021330031/part-00084-4feead82-d499-422b-94cb-c036c212127a.c000.csv.gz
021330032,https://minedbuildings.z5.web.core.windows.net/global-buildings/2026-02-03/global-buildings.geojsonl/RegionName=UnitedStates/quadkey=021330032/part-00116-4feead82-d499-422b-94cb-c036c212127a.c000.csv.gz
021330033,https://minedbuildings.z5.web.core.windows.net/global-buildings/2026-02-03/global-buildings.geojsonl/RegionName=UnitedStates/quadkey=021330033/part-00089-4feead82-d499-422b-94cb-c036c212127a.c000.csv.gz
021330100,https://minedbuildings.z5.web.core.windows.net/global-buildings/2026-02-03/global-buildings.geojsonl/RegionName=UnitedStates/quadkey=021330100/part-00043-4feead82-d499-422b-94cb-c036c212127a.c000.csv.gz
021330101,https://minedbuildings.z5.web.core.windows.net/global-buildings/2026-02-03/global-buildings.geojsonl/RegionName=UnitedStates/quadkey=021330101/part-00077-4feead82-d499-422b-94cb-c036c212127a.c000.csv.gz
021330102,https://minedbuildings.z5.web.core.windows.net/global-buildings/2026-02-03/global-buildings.geojsonl/RegionName=UnitedStates/quadkey=021330102/part-00153-4feead82-d499-422b-94cb-c036c212127a.c000.csv.gz
021330103,https://minedbuildings.z5.web.core.windows.net/global-buildings/2026-02-03/global-buildings.geojsonl/RegionName=UnitedStates/quadkey=021330103/part-00190-4feead82-d499-422b-94cb-c036c212127a.c000.csv.gz
021330110,https://minedbuildings.z5.web.core.windows.net/global-buildings/2026-02-03/global-buildings.geojsonl/RegionName=UnitedStates/quadkey=021330110/part-00075-4feead82-d499-422b-94cb-c036c212127a.c000.csv.gz
021330111,https://minedbuildings.z5.web.core.windows.net/global-buildings/2026-02-03/global-buildings.geojsonl/RegionName=UnitedStates/quadkey=021330111/part-00053-4feead82-d499-422b-94cb-c036c212127a.c000.csv.gz
021330112,https://minedbuildings.z5.web.core.windows.net/global-buildings/2026-02-03/global-buildings.geojsonl/RegionName=UnitedStates/quadkey=021330112/part-00115-4feead82-d499-422b-94cb-c036c212127a.c000.csv.gz
021330113,https://minedbuildings.z5.web.core.windows.net/global-buildings/2026-02-03/global-buildings.geojsonl/RegionName=UnitedStates/quadkey=021330113/part-00144-4feead82-d499-422b-94cb-c036c212127a.c000.csv.gz
021330120,https://minedbuildings.z5.web.core.windows.net/global-buildings/2026-02-03/global-buildings.geojsonl/RegionName=UnitedStates/quadkey=021330120/part-00157-4feead82-d499-422b-94cb-c036c212127a.c000.csv.gz
021330121,https://minedbuildings.z5.web.core.windows.net/global-buildings/2026-02-03/global-buildings.geojsonl/RegionName=UnitedStates/quadkey=021330121/part-00142-4feead82-d499-422b-94cb-c036c212127a.c000.csv.gz
021330122,https://minedbuildings.z5.web.core.windows.net/global-buildings/2026-02-03/global-buildings.geojsonl/RegionName=UnitedStates/quadkey=021330122/part-00164-4feead82-d499-422b-94cb-c036c212127a.c000.csv.gz
021330123,https://minedbuildings.z5.web.core.windows.net/global-buildings/2026-02-03/global-buildings.geojsonl/RegionName=UnitedStates/quadkey=021330123/part-00051-4feead82-d499-422b-94cb-c036c212127a.c000.csv.gz
021330130,https://minedbuildings.z5.web.core.windows.net/global-buildings/2026-02-03/global-buildings.geojsonl/RegionName=UnitedStates/quadkey=021330130/part-00050-4feead82-d499-422b-94cb-c036c212127a.c000.csv.gz
021330131,https://minedbuildings.z5.web.core.windows.net/global-buildings/2026-02-03/global-buildings.geojsonl/RegionName=UnitedStates/quadkey=021330131/part-00116-4feead82-d499-422b-94cb-c036c212127a.c000.csv.gz
021330132,https://minedbuildings.z5.web.core.windows.net/global-buildings/2026-02-03/global-buildings.geojsonl/RegionName=UnitedStates/quadkey=021330132/part-00151-4feead82-d499-422b-94cb-c036c212127a.c000.csv.gz
021330133,https://minedbuildings.z5.web.core.windows.net/global-buildings/2026-02-03/global-buildings.geojsonl/RegionName=UnitedStates/quadkey=021330133/part-00002-4feead82-d499-422b-94cb-c036c212127a.c000.csv.gz
021330200,https://minedbuildings.z5.web.core.windows.net/global-buildings/2026-02-03/global-buildings.geojsonl/RegionName=UnitedStates/quadkey=021330200/part-00010-4feead82-d499-422b-94cb-c036c212127a.c000.csv.gz
021330201,https://minedbuildings.z5.web.core.windows.net/global-buildings/2026-02-03/global-buildings.geojsonl/RegionName=UnitedStates/quadkey=021330201/part-00137-4feead82-d499-422b-94cb-c036c212127a.c000.csv.gz
021330202,https://minedbuildings.z5.web.core.windows.net/global-buildings/2026-02-03/global-buildings.geojsonl/RegionName=UnitedStates/quadkey=021330202/part-00058-4feead82-d499-422b-94cb-c036c212127a.c000.csv.gz
021330203,https://minedbuildings.z5.web.core.windows.net/global-buildings/2026-02-03/global-buildings.geojsonl/RegionName=UnitedStates/quadkey=021330203/part-00134-4feead82-d499-422b-94cb-c036c212127a.c000.csv.gz
021330210,https://minedbuildings.z5.web.core.windows.net/global-buildings/2026-02-03/global-buildings.geojsonl/RegionName=UnitedStates/quadkey=021330210/part-00097-4feead82-d499-422b-94cb-c036c212127a.c000.csv.gz
021330211,https://minedbuildings.z5.web.core.windows.net/global-buildings/2026-02-03/global-buildings.geojsonl/RegionName=UnitedStates/quadkey=021330211/part-00071-4feead82-d499-422b-94cb-c036c212127a.c000.csv.gz
021330212,https://minedbuildings.z5.web.core.windows.net/global-buildings/2026-02-03/global-buildings.geojsonl/RegionName=UnitedStates/quadkey=021330212/part-00126-4feead82-d499-422b-94cb-c036c212127a.c000.csv.gz
021330213,https://minedbuildings.z5.web.core.windows.net/global-buildings/2026-02-03/global-buildings.geojsonl/RegionName=UnitedStates/quadkey=021330213/part-00179-4feead82-d499-422b-94cb-c036c212127a.c000.csv.gz
021330220,https://minedbuildings.z5.web.core.windows.net/global-buildings/2026-02-03/global-buildings.geojsonl/RegionName=UnitedStates/quadkey=021330220/part-00020-4feead82-d499-422b-94cb-c036c212127a.c000.csv.gz
021330221,https://minedbuildings.z5.web.core.windows.net/global-buildings/2026-02-03/global-buildings.geojsonl/RegionName=UnitedStates/quadkey=021330221/part-00071-4feead82-d499-422b-94cb-c036c212127a.c000.csv.gz
021330222,https://minedbuildings.z5.web.core.windows.net/global-buildings/2026-02-03/global-buildings.geojsonl/RegionName=UnitedStates/quadkey=021330222/part-00005-4feead82-d499-422b-94cb-c036c212127a.c000.csv.gz
021330223,https://minedbuildings.z5.web.core.windows.net/global-buildings/2026-02-03/global-buildings.geojsonl/RegionName=UnitedStates/quadkey=021330223/part-00103-4feead82-d499-422b-94cb-c036c212127a.c000.csv.gz
021330230,https://minedbuildings.z5.web.core.windows.net/global-buildings/2026-02-03/global-buildings.geojsonl/RegionName=UnitedStates/quadkey=021330230/part-00130-4feead82-d499-422b-94cb-c036c212127a.c000.csv.gz
021330231,https://minedbuildings.z5.web.core.windows.net/global-buildings/2026-02-03/global-buildings.geojsonl/RegionName=UnitedStates/quadkey=021330231/part-00050-4feead82-d499-422b-94cb-c036c212127a.c000.csv.gz
021330232,https://minedbuildings.z5.web.core.windows.net/global-buildings/2026-02-03/global-buildings.geojsonl/RegionName=UnitedStates/quadkey=021330232/part-00073-4feead82-d499-422b-94cb-c036c212127a.c000.csv.gz
021330233,https://minedbuildings.z5.web.core.windows.net/global-buildings/2026-02-03/global-buildings.geojsonl/RegionName=UnitedStates/quadkey=021330233/part-00031-4feead82-d499-422b-94cb-c036c212127a.c000.csv.gz
021330300,https://minedbuildings.z5.web.core.windows.net/global-buildings/2026-02-03/global-buildings.geojsonl/RegionName=UnitedStates/quadkey=021330300/part-00016-4feead82-d499-422b-94cb-c036c212127a.c000.csv.gz
021330301,https://minedbuildings.z5.web.core.windows.net/global-buildings/2026-02-03/global-buildings.geojsonl/RegionName=UnitedStates/quadkey=021330301/part-00065-4feead82-d499-422b-94cb-c036c212127a.c000.csv.gz
021330302,https://minedbuildings.z5.web.core.windows.net/global-buildings/2026-02-03/global-buildings.geojsonl/RegionName=UnitedStates/quadkey=021330302/part-00180-4feead82-d499-422b-94cb-c036c212127a.c000.csv.gz
021330303,https://minedbuildings.z5.web.core.windows.net/global-buildings/2026-02-03/global-buildings.geojsonl/RegionName=UnitedStates/quadkey=021330303/part-00048-4feead82-d499-422b-94cb-c036c212127a.c000.csv.gz
021330310,https://minedbuildings.z5.web.core.windows.net/global-buildings/2026-02-03/global-buildings.geojsonl/RegionName=UnitedStates/quadkey=021330310/part-00052-4feead82-d499-422b-94cb-c036c212127a.c000.csv.gz
021330311,https://minedbuildings.z5.web.core.windows.net/global-buildings/2026-02-03/global-buildings.geojsonl/RegionName=UnitedStates/quadkey=021330311/part-00185-4feead82-d499-422b-94cb-c036c212127a.c000.csv.gz
021330312,https://minedbuildings.z5.web.core.windows.net/global-buildings/2026-02-03/global-buildings.geojsonl/RegionName=UnitedStates/quadkey=021330312/part-00017-4feead82-d499-422b-94cb-c036c212127a.c000.csv.gz
021330313,https://minedbuildings.z5.web.core.windows.net/global-buildings/2026-02-03/global-buildings.geojsonl/RegionName=UnitedStates/quadkey=021330313/part-00120-4feead82-d499-422b-94cb-c036c212127a.c000.csv.gz
021330320,https://minedbuildings.z5.web.core.windows.net/global-buildings/2026-02-03/global-buildings.geojsonl/RegionName=UnitedStates/quadkey=021330320/part-00015-4feead82-d499-422b-94cb-c036c212127a.c000.csv.gz
021330321,https://minedbuildings.z5.web.core.windows.net/global-buildings/2026-02-03/global-buildings.geojsonl/RegionName=UnitedStates/quadkey=021330321/part-00128-4feead82-d499-422b-94cb-c036c212127a.c000.csv.gz
021330322,https://minedbuildings.z5.web.core.windows.net/global-buildings/2026-02-03/global-buildings.geojsonl/RegionName=UnitedStates/quadkey=021330322/part-00081-4feead82-d499-422b-94cb-c036c212127a.c000.csv.gz
021330323,https://minedbuildings.z5.web.core.windows.net/global-buildings/2026-02-03/global-buildings.geojsonl/RegionName=UnitedStates/quadkey=021330323/part-00011-4feead82-d499-422b-94cb-c036c212127a.c000.csv.gz
021330330,https://minedbuildings.z5.web.core.windows.net/global-buildings/2026-02-03/global-buildings.geojsonl/RegionName=UnitedStates/quadkey=021330330/part-00085-4feead82-d499-422b-94cb-c036c212127a.c000.csv.gz
021330331,https://minedbuildings.z5.web.core.windows.net/global-buildings/2026-02-03/global-buildings.geojsonl/RegionName=UnitedStates/quadkey=021330331/part-00083-4feead82-d499-422b-94cb-c036c212127a.c000.csv.gz
021330332,https://minedbuildings.z5.web.core.windows.net/global-buildings/2026-02-03/global-buildings.geojsonl/RegionName=UnitedStates/quadkey=021330332/part-00039-4feead82-d499-422b-94cb-c036c212127a.c000.csv.gz
021330333,https://minedbuildings.z5.web.core.windows.net/global-buildings/2026-02-03/global-buildings.geojsonl/RegionName=UnitedStates/quadkey=021330333/part-00198-4feead82-d499-422b-94cb-c036c212127a.c000.csv.gz
021331000,https://minedbuildings.z5.web.core.windows.net/global-buildings/2026-02-03/global-buildings.geojsonl/RegionName=UnitedStates/quadkey=021331000/part-00136-4feead82-d499-422b-94cb-c036c212127a.c000.csv.gz
021331001,https://minedbuildings.z5.web.core.windows.net/global-buildings/2026-02-03/global-buildings.geojsonl/RegionName=UnitedStates/quadkey=021331001/part-00199-4feead82-d499-422b-94cb-c036c212127a.c000.csv.gz
021331002,https://minedbuildings.z5.web.core.windows.net/global-buildings/2026-02-03/global-buildings.geojsonl/RegionName=UnitedStates/quadkey=021331002/part-00019-4feead82-d499-422b-94cb-c036c212127a.c000.csv.gz
021331003,https://minedbuildings.z5.web.core.windows.net/global-buildings/2026-02-03/global-buildings.geojsonl/RegionName=UnitedStates/quadkey=021331003/part-00068-4feead82-d499-422b-94cb-c036c212127a.c000.csv.gz
021331010,https://minedbuildings.z5.web.core.windows.net/global-buildings/2026-02-03/global-buildings.geojsonl/RegionName=UnitedStates/quadkey=021331010/part-00089-4feead82-d499-422b-94cb-c036c212127a.c000.csv.gz
021331011,https://minedbuildings.z5.web.core.windows.net/global-buildings/2026-02-03/global-buildings.geojsonl/RegionName=UnitedStates/quadkey=021331011/part-00015-4feead82-d499-422b-94cb-c036c212127a.c000.csv.gz
021331012,https://minedbuildings.z5.web.core.windows.net/global-buildings/2026-02-03/global-buildings.geojsonl/RegionName=UnitedStates/quadkey=021331012/part-00033-4feead82-d499-422b-94cb-c036c212127a.c000.csv.gz
021331013,https://minedbuildings.z5.web.core.windows.net/global-buildings/2026-02-03/global-buildings.geojsonl/RegionName=UnitedStates/quadkey=021331013/part-00115-4feead82-d499-422b-94cb-c036c212127a.c000.csv.gz
021331020,https://minedbuildings.z5.web.core.windows.net/global-buildings/2026-02-03/global-buildings.geojsonl/RegionName=UnitedStates/quadkey=021331020/part-00001-4feead82-d499-422b-94cb-c036c212127a.c000.csv.gz
021331021,https://minedbuildings.z5.web.core.windows.net/global-buildings/2026-02-03/global-buildings.geojsonl/RegionName=UnitedStates/quadkey=021331021/part-00067-4feead82-d499-422b-94cb-c036c212127a.c000.csv.gz
021331022,https://minedbuildings.z5.web.core.windows.net/global-buildings/2026-02-03/global-buildings.geojsonl/RegionName=UnitedStates/quadkey=021331022/part-00130-4feead82-d499-422b-94cb-c036c212127a.c000.csv.gz
021331023,https://minedbuildings.z5.web.core.windows.net/global-buildings/2026-02-03/global-buildings.geojsonl/RegionName=UnitedStates/quadkey=021331023/part-00156-4feead82-d499-422b-94cb-c036c212127a.c000.csv.gz
021331030,https://minedbuildings.z5.web.core.windows.net/global-buildings/2026-02-03/global-buildings.geojsonl/RegionName=UnitedStates/quadkey=021331030/part-00017-4feead82-d499-422b-94cb-c036c212127a.c000.csv.gz
021331031,https://minedbuildings.z5.web.core.windows.net/global-buildings/2026-02-03/global-buildings.geojsonl/RegionName=UnitedStates/quadkey=021331031/part-00092-4feead82-d499-422b-94cb-c036c212127a.c000.csv.gz
021331032,https://minedbuildings.z5.web.core.windows.net/global-buildings/2026-02-03/global-buildings.geojsonl/RegionName=UnitedStates/quadkey=021331032/part-00193-4feead82-d499-422b-94cb-c036c212127a.c000.csv.gz
021331033,https://minedbuildings.z5.web.core.windows.net/global-buildings/2026-02-03/global-buildings.geojsonl/RegionName=UnitedStates/quadkey=021331033/part-00014-4feead82-d499-422b-94cb-c036c212127a.c000.csv.gz
021331100,https://minedbuildings.z5.web.core.windows.net/global-buildings/2026-02-03/global-buildings.geojsonl/RegionName=UnitedStates/quadkey=021331100/part-00035-4feead82-d499-422b-94cb-c036c212127a.c000.csv.gz
021331102,https://minedbuildings.z5.web.core.windows.net/global-buildings/2026-02-03/global-buildings.geojsonl/RegionName=UnitedStates/quadkey=021331102/part-00117-4feead82-d499-422b-94cb-c036c212127a.c000.csv.gz
021331103,https://minedbuildings.z5.web.core.windows.net/global-buildings/2026-02-03/global-buildings.geojsonl/RegionName=UnitedStates/quadkey=021331103/part-00190-4feead82-d499-422b-94cb-c036c212127a.c000.csv.gz
021331112,https://minedbuildings.z5.web.core.windows.net/global-buildings/2026-02-03/global-buildings.geojsonl/RegionName=UnitedStates/quadkey=021331112/part-00064-4feead82-d499-422b-94cb-c036c212127a.c000.csv.gz
021331113,https://minedbuildings.z5.web.core.windows.net/global-buildings/2026-02-03/global-buildings.geojsonl/RegionName=UnitedStates/quadkey=021331113/part-00122-4feead82-d499-422b-94cb-c036c212127a.c000.csv.gz
021331120,https://minedbuildings.z5.web.core.windows.net/global-buildings/2026-02-03/global-buildings.geojsonl/RegionName=UnitedStates/quadkey=021331120/part-00097-4feead82-d499-422b-94cb-c036c212127a.c000.csv.gz
021331121,https://minedbuildings.z5.web.core.windows.net/global-buildings/2026-02-03/global-buildings.geojsonl/RegionName=UnitedStates/quadkey=021331121/part-00116-4feead82-d499-422b-94cb-c036c212127a.c000.csv.gz
021331122,https://minedbuildings.z5.web.core.windows.net/global-buildings/2026-02-03/global-buildings.geojsonl/RegionName=UnitedStates/quadkey=021331122/part-00147-4feead82-d499-422b-94cb-c036c212127a.c000.csv.gz
021331123,https://minedbuildings.z5.web.core.windows.net/global-buildings/2026-02-03/global-buildings.geojsonl/RegionName=UnitedStates/quadkey=021331123/part-00069-4feead82-d499-422b-94cb-c036c212127a.c000.csv.gz
021331130,https://minedbuildings.z5.web.core.windows.net/global-buildings/2026-02-03/global-buildings.geojsonl/RegionName=UnitedStates/quadkey=021331130/part-00022-4feead82-d499-422b-94cb-c036c212127a.c000.csv.gz
021331131,https://minedbuildings.z5.web.core.windows.net/global-buildings/2026-02-03/global-buildings.geojsonl/RegionName=UnitedStates/quadkey=021331131/part-00084-4feead82-d499-422b-94cb-c036c212127a.c000.csv.gz
021331132,https://minedbuildings.z5.web.core.windows.net/global-buildings/2026-02-03/global-buildings.geojsonl/RegionName=UnitedStates/quadkey=021331132/part-00161-4feead82-d499-422b-94cb-c036c212127a.c000.csv.gz
021331133,https://minedbuildings.z5.web.core.windows.net/global-buildings/2026-02-03/global-buildings.geojsonl/RegionName=UnitedStates/quadkey=021331133/part-00010-4feead82-d499-422b-94cb-c036c212127a.c000.csv.gz
021331200,https://minedbuildings.z5.web.core.windows.net/global-buildings/2026-02-03/global-buildings.geojsonl/RegionName=UnitedStates/quadkey=021331200/part-00084-4feead82-d499-422b-94cb-c036c212127a.c000.csv.gz
021331201,https://minedbuildings.z5.web.core.windows.net/global-buildings/2026-02-03/global-buildings.geojsonl/RegionName=UnitedStates/quadkey=021331201/part-00124-4feead82-d499-422b-94cb-c036c212127a.c000.csv.gz
021331202,https://minedbuildings.z5.web.core.windows.net/global-buildings/2026-02-03/global-buildings.geojsonl/RegionName=UnitedStates/quadkey=021331202/part-00131-4feead82-d499-422b-94cb-c036c212127a.c000.csv.gz
021331203,https://minedbuildings.z5.web.core.windows.net/global-buildings/2026-02-03/global-buildings.geojsonl/RegionName=UnitedStates/quadkey=021331203/part-00008-4feead82-d499-422b-94cb-c036c212127a.c000.csv.gz
021331210,https://minedbuildings.z5.web.core.windows.net/global-buildings/2026-02-03/global-buildings.geojsonl/RegionName=UnitedStates/quadkey=021331210/part-00070-4feead82-d499-422b-94cb-c036c212127a.c000.csv.gz
021331211,https://minedbuildings.z5.web.core.windows.net/global-buildings/2026-02-03/global-buildings.geojsonl/RegionName=UnitedStates/quadkey=021331211/part-00022-4feead82-d499-422b-94cb-c036c212127a.c000.csv.gz
021331212,https://minedbuildings.z5.web.core.windows.net/global-buildings/2026-02-03/global-buildings.geojsonl/RegionName=UnitedStates/quadkey=021331212/part-00109-4feead82-d499-422b-94cb-c036c212127a.c000.csv.gz
021331213,https://minedbuildings.z5.web.core.windows.net/global-buildings/2026-02-03/global-buildings.geojsonl/RegionName=UnitedStates/quadkey=021331213/part-00100-4feead82-d499-422b-94cb-c036c212127a.c000.csv.gz
021331220,https://minedbuildings.z5.web.core.windows.net/global-buildings/2026-02-03/global-buildings.geojsonl/RegionName=UnitedStates/quadkey=021331220/part-00074-4feead82-d499-422b-94cb-c036c212127a.c000.csv.gz
021331221,https://minedbuildings.z5.web.core.windows.net/global-buildings/2026-02-03/global-buildings.geojsonl/RegionName=UnitedStates/quadkey=021331221/part-00105-4feead82-d499-422b-94cb-c036c212127a.c000.csv.gz
021331222,https://minedbuildings.z5.web.core.windows.net/global-buildings/2026-02-03/global-buildings.geojsonl/RegionName=UnitedStates/quadkey=021331222/part-00155-4feead82-d499-422b-94cb-c036c212127a.c000.csv.gz
021331223,https://minedbuildings.z5.web.core.windows.net/global-buildings/2026-02-03/global-buildings.geojsonl/RegionName=UnitedStates/quadkey=021331223/part-00047-4feead82-d499-422b-94cb-c036c212127a.c000.csv.gz
021331230,https://minedbuildings.z5.web.core.windows.net/global-buildings/2026-02-03/global-buildings.geojsonl/RegionName=UnitedStates/quadkey=021331230/part-00165-4feead82-d499-422b-94cb-c036c212127a.c000.csv.gz
021331231,https://minedbuildings.z5.web.core.windows.net/global-buildings/2026-02-03/global-buildings.geojsonl/RegionName=UnitedStates/quadkey=021331231/part-00114-4feead82-d499-422b-94cb-c036c212127a.c000.csv.gz
021331232,https://minedbuildings.z5.web.core.windows.net/global-buildings/2026-02-03/global-buildings.geojsonl/RegionName=UnitedStates/quadkey=021331232/part-00110-4feead82-d499-422b-94cb-c036c212127a.c000.csv.gz
021331233,https://minedbuildings.z5.web.core.windows.net/global-buildings/2026-02-03/global-buildings.geojsonl/RegionName=UnitedStates/quadkey=021331233/part-00122-4feead82-d499-422b-94cb-c036c212127a.c000.csv.gz
021331300,https://minedbuildings.z5.web.core.windows.net/global-buildings/2026-02-03/global-buildings.geojsonl/RegionName=UnitedStates/quadkey=021331300/part-00028-4feead82-d499-422b-94cb-c036c212127a.c000.csv.gz
021331301,https://minedbuildings.z5.web.core.windows.net/global-buildings/2026-02-03/global-buildings.geojsonl/RegionName=UnitedStates/quadkey=021331301/part-00167-4feead82-d499-422b-94cb-c036c212127a.c000.csv.gz
021331302,https://minedbuildings.z5.web.core.windows.net/global-buildings/2026-02-03/global-buildings.geojsonl/RegionName=UnitedStates/quadkey=021331302/part-00079-4feead82-d499-422b-94cb-c036c212127a.c000.csv.gz
021331303,https://minedbuildings.z5.web.core.windows.net/global-buildings/2026-02-03/global-buildings.geojsonl/RegionName=UnitedStates/quadkey=021331303/part-00177-4feead82-d499-422b-94cb-c036c212127a.c000.csv.gz
021331310,https://minedbuildings.z5.web.core.windows.net/global-buildings/2026-02-03/global-buildings.geojsonl/RegionName=UnitedStates/quadkey=021331310/part-00040-4feead82-d499-422b-94cb-c036c212127a.c000.csv.gz
021331311,https://minedbuildings.z5.web.core.windows.net/global-buildings/2026-02-03/global-buildings.geojsonl/RegionName=UnitedStates/quadkey=021331311/part-00004-4feead82-d499-422b-94cb-c036c212127a.c000.csv.gz
021331312,https://minedbuildings.z5.web.core.windows.net/global-buildings/2026-02-03/global-buildings.geojsonl/RegionName=UnitedStates/quadkey=021331312/part-00000-4feead82-d499-422b-94cb-c036c212127a.c000.csv.gz
021331313,https://minedbuildings.z5.web.core.windows.net/global-buildings/2026-02-03/global-buildings.geojsonl/RegionName=UnitedStates/quadkey=021331313/part-00011-4feead82-d499-422b-94cb-c036c212127a.c000.csv.gz
021331320,https://minedbuildings.z5.web.core.windows.net/global-buildings/2026-02-03/global-buildings.geojsonl/RegionName=UnitedStates/quadkey=021331320/part-00029-4feead82-d499-422b-94cb-c036c212127a.c000.csv.gz
021331321,https://minedbuildings.z5.web.core.windows.net/global-buildings/2026-02-03/global-buildings.geojsonl/RegionName=UnitedStates/quadkey=021331321/part-00052-4feead82-d499-422b-94cb-c036c212127a.c000.csv.gz
021331322,https://minedbuildings.z5.web.core.windows.net/global-buildings/2026-02-03/global-buildings.geojsonl/RegionName=UnitedStates/quadkey=021331322/part-00053-4feead82-d499-422b-94cb-c036c212127a.c000.csv.gz
021331323,https://minedbuildings.z5.web.core.windows.net/global-buildings/2026-02-03/global-buildings.geojsonl/RegionName=UnitedStates/quadkey=021331323/part-00094-4feead82-d499-422b-94cb-c036c212127a.c000.csv.gz
021331330,https://minedbuildings.z5.web.core.windows.net/global-buildings/2026-02-03/global-buildings.geojsonl/RegionName=UnitedStates/quadkey=021331330/part-00014-4feead82-d499-422b-94cb-c036c212127a.c000.csv.gz
021331331,https://minedbuildings.z5.web.core.windows.net/global-buildings/2026-02-03/global-buildings.geojsonl/RegionName=UnitedStates/quadkey=021331331/part-00152-4feead82-d499-422b-94cb-c036c212127a.c000.csv.gz
021331332,https://minedbuildings.z5.web.core.windows.net/global-buildings/2026-02-03/global-buildings.geojsonl/RegionName=UnitedStates/quadkey=021331332/part-00100-4feead82-d499-422b-94cb-c036c212127a.c000.csv.gz
021331333,https://minedbuildings.z5.web.core.windows.net/global-buildings/2026-02-03/global-buildings.geojsonl/RegionName=UnitedStates/quadkey=021331333/part-00040-4feead82-d499-422b-94cb-c036c212127a.c000.csv.gz
021332000,https://minedbuildings.z5.web.core.windows.net/global-buildings/2026-02-03/global-buildings.geojsonl/RegionName=UnitedStates/quadkey=021332000/part-00112-4feead82-d499-422b-94cb-c036c212127a.c000.csv.gz
021332001,https://minedbuildings.z5.web.core.windows.net/global-buildings/2026-02-03/global-buildings.geojsonl/RegionName=UnitedStates/quadkey=021332001/part-00165-4feead82-d499-422b-94cb-c036c212127a.c000.csv.gz
021332002,https://minedbuildings.z5.web.core.windows.net/global-buildings/2026-02-03/global-buildings.geojsonl/RegionName=UnitedStates/quadkey=021332002/part-00017-4feead82-d499-422b-94cb-c036c212127a.c000.csv.gz
021332003,https://minedbuildings.z5.web.core.windows.net/global-buildings/2026-02-03/global-buildings.geojsonl/RegionName=UnitedStates/quadkey=021332003/part-00112-4feead82-d499-422b-94cb-c036c212127a.c000.csv.gz
021332010,https://minedbuildings.z5.web.core.windows.net/global-buildings/2026-02-03/global-buildings.geojsonl/RegionName=UnitedStates/quadkey=021332010/part-00023-4feead82-d499-422b-94cb-c036c212127a.c000.csv.gz
021332011,https://minedbuildings.z5.web.core.windows.net/global-buildings/2026-02-03/global-buildings.geojsonl/RegionName=UnitedStates/quadkey=021332011/part-00118-4feead82-d499-422b-94cb-c036c212127a.c000.csv.gz
021332012,https://minedbuildings.z5.web.core.windows.net/global-buildings/2026-02-03/global-buildings.geojsonl/RegionName=UnitedStates/quadkey=021332012/part-00124-4feead82-d499-422b-94cb-c036c212127a.c000.csv.gz
021332013,https://minedbuildings.z5.web.core.windows.net/global-buildings/2026-02-03/global-buildings.geojsonl/RegionName=UnitedStates/quadkey=021332013/part-00023-4feead82-d499-422b-94cb-c036c212127a.c000.csv.gz
021332020,https://minedbuildings.z5.web.core.windows.net/global-buildings/2026-02-03/global-buildings.geojsonl/RegionName=UnitedStates/quadkey=021332020/part-00119-4feead82-d499-422b-94cb-c036c212127a.c000.csv.gz
021332021,https://minedbuildings.z5.web.core.windows.net/global-buildings/2026-02-03/global-buildings.geojsonl/RegionName=UnitedStates/quadkey=021332021/part-00017-4feead82-d499-422b-94cb-c036c212127a.c000.csv.gz
021332022,https://minedbuildings.z5.web.core.windows.net/global-buildings/2026-02-03/global-buildings.geojsonl/RegionName=UnitedStates/quadkey=021332022/part-00182-4feead82-d499-422b-94cb-c036c212127a.c000.csv.gz
021332023,https://minedbuildings.z5.web.core.windows.net/global-buildings/2026-02-03/global-buildings.geojsonl/RegionName=UnitedStates/quadkey=021332023/part-00156-4feead82-d499-422b-94cb-c036c212127a.c000.csv.gz
021332030,https://minedbuildings.z5.web.core.windows.net/global-buildings/2026-02-03/global-buildings.geojsonl/RegionName=UnitedStates/quadkey=021332030/part-00015-4feead82-d499-422b-94cb-c036c212127a.c000.csv.gz
021332031,https://minedbuildings.z5.web.core.windows.net/global-buildings/2026-02-03/global-buildings.geojsonl/RegionName=UnitedStates/quadkey=021332031/part-00023-4feead82-d499-422b-94cb-c036c212127a.c000.csv.gz
021332032,https://minedbuildings.z5.web.core.windows.net/global-buildings/2026-02-03/global-buildings.geojsonl/RegionName=UnitedStates/quadkey=021332032/part-00001-4feead82-d499-422b-94cb-c036c212127a.c000.csv.gz
021332033,https://minedbuildings.z5.web.core.windows.net/global-buildings/2026-02-03/global-buildings.geojsonl/RegionName=UnitedStates/quadkey=021332033/part-00101-4feead82-d499-422b-94cb-c036c212127a.c000.csv.gz
021332100,https://minedbuildings.z5.web.core.windows.net/global-buildings/2026-02-03/global-buildings.geojsonl/RegionName=UnitedStates/quadkey=021332100/part-00081-4feead82-d499-422b-94cb-c036c212127a.c000.csv.gz
021332101,https://minedbuildings.z5.web.core.windows.net/global-buildings/2026-02-03/global-buildings.geojsonl/RegionName=UnitedStates/quadkey=021332101/part-00112-4feead82-d499-422b-94cb-c036c212127a.c000.csv.gz
021332102,https://minedbuildings.z5.web.core.windows.net/global-buildings/2026-02-03/global-buildings.geojsonl/RegionName=UnitedStates/quadkey=021332102/part-00175-4feead82-d499-422b-94cb-c036c212127a.c000.csv.gz
021332103,https://minedbuildings.z5.web.core.windows.net/global-buildings/2026-02-03/global-buildings.geojsonl/RegionName=UnitedStates/quadkey=021332103/part-00182-4feead82-d499-422b-94cb-c036c212127a.c000.csv.gz
021332110,https://minedbuildings.z5.web.core.windows.net/global-buildings/2026-02-03/global-buildings.geojsonl/RegionName=UnitedStates/quadkey=021332110/part-00082-4feead82-d499-422b-94cb-c036c212127a.c000.csv.gz
021332111,https://minedbuildings.z5.web.core.windows.net/global-buildings/2026-02-03/global-buildings.geojsonl/RegionName=UnitedStates/quadkey=021332111/part-00040-4feead82-d499-422b-94cb-c036c212127a.c000.csv.gz
021332112,https://minedbuildings.z5.web.core.windows.net/global-buildings/2026-02-03/global-buildings.geojsonl/RegionName=UnitedStates/quadkey=021332112/part-00153-4feead82-d499-422b-94cb-c036c212127a.c000.csv.gz
021332113,https://minedbuildings.z5.web.core.windows.net/global-buildings/2026-02-03/global-buildings.geojsonl/RegionName=UnitedStates/quadkey=021332113/part-00061-4feead82-d499-422b-94cb-c036c212127a.c000.csv.gz
021332120,https://minedbuildings.z5.web.core.windows.net/global-buildings/2026-02-03/global-buildings.geojsonl/RegionName=UnitedStates/quadkey=021332120/part-00122-4feead82-d499-422b-94cb-c036c212127a.c000.csv.gz
021332121,https://minedbuildings.z5.web.core.windows.net/global-buildings/2026-02-03/global-buildings.geojsonl/RegionName=UnitedStates/quadkey=021332121/part-00028-4feead82-d499-422b-94cb-c036c212127a.c000.csv.gz
021332122,https://minedbuildings.z5.web.core.windows.net/global-buildings/2026-02-03/global-buildings.geojsonl/RegionName=UnitedStates/quadkey=021332122/part-00182-4feead82-d499-422b-94cb-c036c212127a.c000.csv.gz
021332123,https://minedbuildings.z5.web.core.windows.net/global-buildings/2026-02-03/global-buildings.geojsonl/RegionName=UnitedStates/quadkey=021332123/part-00136-4feead82-d499-422b-94cb-c036c212127a.c000.csv.gz
021332130,https://minedbuildings.z5.web.core.windows.net/global-buildings/2026-02-03/global-buildings.geojsonl/RegionName=UnitedStates/quadkey=021332130/part-00026-4feead82-d499-422b-94cb-c036c212127a.c000.csv.gz
021332131,https://minedbuildings.z5.web.core.windows.net/global-buildings/2026-02-03/global-buildings.geojsonl/RegionName=UnitedStates/quadkey=021332131/part-00129-4feead82-d499-422b-94cb-c036c212127a.c000.csv.gz
021332132,https://minedbuildings.z5.web.core.windows.net/global-buildings/2026-02-03/global-buildings.geojsonl/RegionName=UnitedStates/quadkey=021332132/part-00064-4feead82-d499-422b-94cb-c036c212127a.c000.csv.gz
021332133,https://minedbuildings.z5.web.core.windows.net/global-buildings/2026-02-03/global-buildings.geojsonl/RegionName=UnitedStates/quadkey=021332133/part-00062-4feead82-d499-422b-94cb-c036c212127a.c000.csv.gz
021332200,https://minedbuildings.z5.web.core.windows.net/global-buildings/2026-02-03/global-buildings.geojsonl/RegionName=UnitedStates/quadkey=021332200/part-00003-4feead82-d499-422b-94cb-c036c212127a.c000.csv.gz
021332201,https://minedbuildings.z5.web.core.windows.net/global-buildings/2026-02-03/global-buildings.geojsonl/RegionName=UnitedStates/quadkey=021332201/part-00073-4feead82-d499-422b-94cb-c036c212127a.c000.csv.gz
021332202,https://minedbuildings.z5.web.core.windows.net/global-buildings/2026-02-03/global-buildings.geojsonl/RegionName=UnitedStates/quadkey=021332202/part-00001-4feead82-d499-422b-94cb-c036c212127a.c000.csv.gz
021332203,https://minedbuildings.z5.web.core.windows.net/global-buildings/2026-02-03/global-buildings.geojsonl/RegionName=UnitedStates/quadkey=021332203/part-00039-4feead82-d499-422b-94cb-c036c212127a.c000.csv.gz
021332210,https://minedbuildings.z5.web.core.windows.net/global-buildings/2026-02-03/global-buildings.geojsonl/RegionName=UnitedStates/quadkey=021332210/part-00069-4feead82-d499-422b-94cb-c036c212127a.c000.csv.gz
021332211,https://minedbuildings.z5.web.core.windows.net/global-buildings/2026-02-03/global-buildings.geojsonl/RegionName=UnitedStates/quadkey=021332211/part-00135-4feead82-d499-422b-94cb-c036c212127a.c000.csv.gz
021332212,https://minedbuildings.z5.web.core.windows.net/global-buildings/2026-02-03/global-buildings.geojsonl/RegionName=UnitedStates/quadkey=021332212/part-00028-4feead82-d499-422b-94cb-c036c212127a.c000.csv.gz
021332213,https://minedbuildings.z5.web.core.windows.net/global-buildings/2026-02-03/global-buildings.geojsonl/RegionName=UnitedStates/quadkey=021332213/part-00145-4feead82-d499-422b-94cb-c036c212127a.c000.csv.gz
021332220,https://minedbuildings.z5.web.core.windows.net/global-buildings/2026-02-03/global-buildings.geojsonl/RegionName=UnitedStates/quadkey=021332220/part-00035-4feead82-d499-422b-94cb-c036c212127a.c000.csv.gz
021332221,https://minedbuildings.z5.web.core.windows.net/global-buildings/2026-02-03/global-buildings.geojsonl/RegionName=UnitedStates/quadkey=021332221/part-00011-4feead82-d499-422b-94cb-c036c212127a.c000.csv.gz
021332222,https://minedbuildings.z5.web.core.windows.net/global-buildings/2026-02-03/global-buildings.geojsonl/RegionName=UnitedStates/quadkey=021332222/part-00018-4feead82-d499-422b-94cb-c036c212127a.c000.csv.gz
021332223,https://minedbuildings.z5.web.core.windows.net/global-buildings/2026-02-03/global-buildings.geojsonl/RegionName=UnitedStates/quadkey=021332223/part-00042-4feead82-d499-422b-94cb-c036c212127a.c000.csv.gz
021332230,https://minedbuildings.z5.web.core.windows.net/global-buildings/2026-02-03/global-buildings.geojsonl/RegionName=UnitedStates/quadkey=021332230/part-00196-4feead82-d499-422b-94cb-c036c212127a.c000.csv.gz
021332231,https://minedbuildings.z5.web.core.windows.net/global-buildings/2026-02-03/global-buildings.geojsonl/RegionName=UnitedStates/quadkey=021332231/part-00138-4feead82-d499-422b-94cb-c036c212127a.c000.csv.gz
021332232,https://minedbuildings.z5.web.core.windows.net/global-buildings/2026-02-03/global-buildings.geojsonl/RegionName=UnitedStates/quadkey=021332232/part-00166-4feead82-d499-422b-94cb-c036c212127a.c000.csv.gz
021332233,https://minedbuildings.z5.web.core.windows.net/global-buildings/2026-02-03/global-buildings.geojsonl/RegionName=UnitedStates/quadkey=021332233/part-00062-4feead82-d499-422b-94cb-c036c212127a.c000.csv.gz
021332300,https://minedbuildings.z5.web.core.windows.net/global-buildings/2026-02-03/global-buildings.geojsonl/RegionName=UnitedStates/quadkey=021332300/part-00189-4feead82-d499-422b-94cb-c036c212127a.c000.csv.gz
021332301,https://minedbuildings.z5.web.core.windows.net/global-buildings/2026-02-03/global-buildings.geojsonl/RegionName=UnitedStates/quadkey=021332301/part-00146-4feead82-d499-422b-94cb-c036c212127a.c000.csv.gz
021332302,https://minedbuildings.z5.web.core.windows.net/global-buildings/2026-02-03/global-buildings.geojsonl/RegionName=UnitedStates/quadkey=021332302/part-00007-4feead82-d499-422b-94cb-c036c212127a.c000.csv.gz
021332303,https://minedbuildings.z5.web.core.windows.net/global-buildings/2026-02-03/global-buildings.geojsonl/RegionName=UnitedStates/quadkey=021332303/part-00075-4feead82-d499-422b-94cb-c036c212127a.c000.csv.gz
021332310,https://minedbuildings.z5.web.core.windows.net/global-buildings/2026-02-03/global-buildings.geojsonl/RegionName=UnitedStates/quadkey=021332310/part-00135-4feead82-d499-422b-94cb-c036c212127a.c000.csv.gz
021332311,https://minedbuildings.z5.web.core.windows.net/global-buildings/2026-02-03/global-buildings.geojsonl/RegionName=UnitedStates/quadkey=021332311/part-00186-4feead82-d499-422b-94cb-c036c212127a.c000.csv.gz
021332312,https://minedbuildings.z5.web.core.windows.net/global-buildings/2026-02-03/global-buildings.geojsonl/RegionName=UnitedStates/quadkey=021332312/part-00109-4feead82-d499-422b-94cb-c036c212127a.c000.csv.gz
021332313,https://minedbuildings.z5.web.core.windows.net/global-buildings/2026-02-03/global-buildings.geojsonl/RegionName=UnitedStates/quadkey=021332313/part-00039-4feead82-d499-422b-94cb-c036c212127a.c000.csv.gz
021332320,https://minedbuildings.z5.web.core.windows.net/global-buildings/2026-02-03/global-buildings.geojsonl/RegionName=UnitedStates/quadkey=021332320/part-00120-4feead82-d499-422b-94cb-c036c212127a.c000.csv.gz
021332321,https://minedbuildings.z5.web.core.windows.net/global-buildings/2026-02-03/global-buildings.geojsonl/RegionName=UnitedStates/quadkey=021332321/part-00121-4feead82-d499-422b-94cb-c036c212127a.c000.csv.gz
021332322,https://minedbuildings.z5.web.core.windows.net/global-buildings/2026-02-03/global-buildings.geojsonl/RegionName=UnitedStates/quadkey=021332322/part-00157-4feead82-d499-422b-94cb-c036c212127a.c000.csv.gz
021332323,https://minedbuildings.z5.web.core.windows.net/global-buildings/2026-02-03/global-buildings.geojsonl/RegionName=UnitedStates/quadkey=021332323/part-00002-4feead82-d499-422b-94cb-c036c212127a.c000.csv.gz
021332330,https://minedbuildings.z5.web.core.windows.net/global-buildings/2026-02-03/global-buildings.geojsonl/RegionName=UnitedStates/quadkey=021332330/part-00064-4feead82-d499-422b-94cb-c036c212127a.c000.csv.gz
021332331,https://minedbuildings.z5.web.core.windows.net/global-buildings/2026-02-03/global-buildings.geojsonl/RegionName=UnitedStates/quadkey=021332331/part-00018-4feead82-d499-422b-94cb-c036c212127a.c000.csv.gz
021332332,https://minedbuildings.z5.web.core.windows.net/global-buildings/2026-02-03/global-buildings.geojsonl/RegionName=UnitedStates/quadkey=021332332/part-00086-4feead82-d499-422b-94cb-c036c212127a.c000.csv.gz
021332333,https://minedbuildings.z5.web.core.windows.net/global-buildings/2026-02-03/global-buildings.geojsonl/RegionName=UnitedStates/quadkey=021332333/part-00060-4feead82-d499-422b-94cb-c036c212127a.c000.csv.gz
021333000,https://minedbuildings.z5.web.core.windows.net/global-buildings/2026-02-03/global-buildings.geojsonl/RegionName=UnitedStates/quadkey=021333000/part-00074-4feead82-d499-422b-94cb-c036c212127a.c000.csv.gz
021333001,https://minedbuildings.z5.web.core.windows.net/global-buildings/2026-02-03/global-buildings.geojsonl/RegionName=UnitedStates/quadkey=021333001/part-00048-4feead82-d499-422b-94cb-c036c212127a.c000.csv.gz
021333002,https://minedbuildings.z5.web.core.windows.net/global-buildings/2026-02-03/global-buildings.geojsonl/RegionName=UnitedStates/quadkey=021333002/part-00183-4feead82-d499-422b-94cb-c036c212127a.c000.csv.gz
021333003,https://minedbuildings.z5.web.core.windows.net/global-buildings/2026-02-03/global-buildings.geojsonl/RegionName=UnitedStates/quadkey=021333003/part-00126-4feead82-d499-422b-94cb-c036c212127a.c000.csv.gz
021333010,https://minedbuildings.z5.web.core.windows.net/global-buildings/2026-02-03/global-buildings.geojsonl/RegionName=UnitedStates/quadkey=021333010/part-00008-4feead82-d499-422b-94cb-c036c212127a.c000.csv.gz
021333011,https://minedbuildings.z5.web.core.windows.net/global-buildings/2026-02-03/global-buildings.geojsonl/RegionName=UnitedStates/quadkey=021333011/part-00104-4feead82-d499-422b-94cb-c036c212127a.c000.csv.gz
021333012,https://minedbuildings.z5.web.core.windows.net/global-buildings/2026-02-03/global-buildings.geojsonl/RegionName=UnitedStates/quadkey=021333012/part-00194-4feead82-d499-422b-94cb-c036c212127a.c000.csv.gz
021333013,https://minedbuildings.z5.web.core.windows.net/global-buildings/2026-02-03/global-buildings.geojsonl/RegionName=UnitedStates/quadkey=021333013/part-00080-4feead82-d499-422b-94cb-c036c212127a.c000.csv.gz
021333020,https://minedbuildings.z5.web.core.windows.net/global-buildings/2026-02-03/global-buildings.geojsonl/RegionName=UnitedStates/quadkey=021333020/part-00135-4feead82-d499-422b-94cb-c036c212127a.c000.csv.gz
021333021,https://minedbuildings.z5.web.core.windows.net/global-buildings/2026-02-03/global-buildings.geojsonl/RegionName=UnitedStates/quadkey=021333021/part-00029-4feead82-d499-422b-94cb-c036c212127a.c000.csv.gz
021333022,https://minedbuildings.z5.web.core.windows.net/global-buildings/2026-02-03/global-buildings.geojsonl/RegionName=UnitedStates/quadkey=021333022/part-00193-4feead82-d499-422b-94cb-c036c212127a.c000.csv.gz
021333023,https://minedbuildings.z5.web.core.windows.net/global-buildings/2026-02-03/global-buildings.geojsonl/RegionName=UnitedStates/quadkey=021333023/part-00105-4feead82-d499-422b-94cb-c036c212127a.c000.csv.gz
021333030,https://minedbuildings.z5.web.core.windows.net/global-buildings/2026-02-03/global-buildings.geojsonl/RegionName=UnitedStates/quadkey=021333030/part-00167-4feead82-d499-422b-94cb-c036c212127a.c000.csv.gz
021333031,https://minedbuildings.z5.web.core.windows.net/global-buildings/2026-02-03/global-buildings.geojsonl/RegionName=UnitedStates/quadkey=021333031/part-00067-4feead82-d499-422b-94cb-c036c212127a.c000.csv.gz
021333032,https://minedbuildings.z5.web.core.windows.net/global-buildings/2026-02-03/global-buildings.geojsonl/RegionName=UnitedStates/quadkey=021333032/part-00167-4feead82-d499-422b-94cb-c036c212127a.c000.csv.gz
021333033,https://minedbuildings.z5.web.core.windows.net/global-buildings/2026-02-03/global-buildings.geojsonl/RegionName=UnitedStates/quadkey=021333033/part-00191-4feead82-d499-422b-94cb-c036c212127a.c000.csv.gz
021333100,https://minedbuildings.z5.web.core.windows.net/global-buildings/2026-02-03/global-buildings.geojsonl/RegionName=UnitedStates/quadkey=021333100/part-00088-4feead82-d499-422b-94cb-c036c212127a.c000.csv.gz
021333101,https://minedbuildings.z5.web.core.windows.net/global-buildings/2026-02-03/global-buildings.geojsonl/RegionName=UnitedStates/quadkey=021333101/part-00189-4feead82-d499-422b-94cb-c036c212127a.c000.csv.gz
021333102,https://minedbuildings.z5.web.core.windows.net/global-buildings/2026-02-03/global-buildings.geojsonl/RegionName=UnitedStates/quadkey=021333102/part-00094-4feead82-d499-422b-94cb-c036c212127a.c000.csv.gz
021333103,https://minedbuildings.z5.web.core.windows.net/global-buildings/2026-02-03/global-buildings.geojsonl/RegionName=UnitedStates/quadkey=021333103/part-00022-4feead82-d499-422b-94cb-c036c212127a.c000.csv.gz
021333110,https://minedbuildings.z5.web.core.windows.net/global-buildings/2026-02-03/global-buildings.geojsonl/RegionName=UnitedStates/quadkey=021333110/part-00114-4feead82-d499-422b-94cb-c036c212127a.c000.csv.gz
021333111,https://minedbuildings.z5.web.core.windows.net/global-buildings/2026-02-03/global-buildings.geojsonl/RegionName=UnitedStates/quadkey=021333111/part-00177-4feead82-d499-422b-94cb-c036c212127a.c000.csv.gz
021333112,https://minedbuildings.z5.web.core.windows.net/global-buildings/2026-02-03/global-buildings.geojsonl/RegionName=UnitedStates/quadkey=021333112/part-00045-4feead82-d499-422b-94cb-c036c212127a.c000.csv.gz
021333113,https://minedbuildings.z5.web.core.windows.net/global-buildings/2026-02-03/global-buildings.geojsonl/RegionName=UnitedStates/quadkey=021333113/part-00108-4feead82-d499-422b-94cb-c036c212127a.c000.csv.gz
021333120,https://minedbuildings.z5.web.core.windows.net/global-buildings/2026-02-03/global-buildings.geojsonl/RegionName=UnitedStates/quadkey=021333120/part-00022-4feead82-d499-422b-94cb-c036c212127a.c000.csv.gz
021333121,https://minedbuildings.z5.web.core.windows.net/global-buildings/2026-02-03/global-buildings.geojsonl/RegionName=UnitedStates/quadkey=021333121/part-00116-4feead82-d499-422b-94cb-c036c212127a.c000.csv.gz
021333122,https://minedbuildings.z5.web.core.windows.net/global-buildings/2026-02-03/global-buildings.geojsonl/RegionName=UnitedStates/quadkey=021333122/part-00071-4feead82-d499-422b-94cb-c036c212127a.c000.csv.gz
021333123,https://minedbuildings.z5.web.core.windows.net/global-buildings/2026-02-03/global-buildings.geojsonl/RegionName=UnitedStates/quadkey=021333123/part-00168-4feead82-d499-422b-94cb-c036c212127a.c000.csv.gz
021333130,https://minedbuildings.z5.web.core.windows.net/global-buildings/2026-02-03/global-buildings.geojsonl/RegionName=UnitedStates/quadkey=021333130/part-00070-4feead82-d499-422b-94cb-c036c212127a.c000.csv.gz
021333131,https://minedbuildings.z5.web.core.windows.net/global-buildings/2026-02-03/global-buildings.geojsonl/RegionName=UnitedStates/quadkey=021333131/part-00036-4feead82-d499-422b-94cb-c036c212127a.c000.csv.gz
021333132,https://minedbuildings.z5.web.core.windows.net/global-buildings/2026-02-03/global-buildings.geojsonl/RegionName=UnitedStates/quadkey=021333132/part-00034-4feead82-d499-422b-94cb-c036c212127a.c000.csv.gz
021333133,https://minedbuildings.z5.web.core.windows.net/global-buildings/2026-02-03/global-buildings.geojsonl/RegionName=UnitedStates/quadkey=021333133/part-00049-4feead82-d499-422b-94cb-c036c212127a.c000.csv.gz
021333200,https://minedbuildings.z5.web.core.windows.net/global-buildings/2026-02-03/global-buildings.geojsonl/RegionName=UnitedStates/quadkey=021333200/part-00071-4feead82-d499-422b-94cb-c036c212127a.c000.csv.gz
021333201,https://minedbuildings.z5.web.core.windows.net/global-buildings/2026-02-03/global-buildings.geojsonl/RegionName=UnitedStates/quadkey=021333201/part-00032-4feead82-d499-422b-94cb-c036c212127a.c000.csv.gz
021333202,https://minedbuildings.z5.web.core.windows.net/global-buildings/2026-02-03/global-buildings.geojsonl/RegionName=UnitedStates/quadkey=021333202/part-00051-4feead82-d499-422b-94cb-c036c212127a.c000.csv.gz
021333203,https://minedbuildings.z5.web.core.windows.net/global-buildings/2026-02-03/global-buildings.geojsonl/RegionName=UnitedStates/quadkey=021333203/part-00086-4feead82-d499-422b-94cb-c036c212127a.c000.csv.gz
021333210,https://minedbuildings.z5.web.core.windows.net/global-buildings/2026-02-03/global-buildings.geojsonl/RegionName=UnitedStates/quadkey=021333210/part-00094-4feead82-d499-422b-94cb-c036c212127a.c000.csv.gz
021333211,https://minedbuildings.z5.web.core.windows.net/global-buildings/2026-02-03/global-buildings.geojsonl/RegionName=UnitedStates/quadkey=021333211/part-00060-4feead82-d499-422b-94cb-c036c212127a.c000.csv.gz
021333212,https://minedbuildings.z5.web.core.windows.net/global-buildings/2026-02-03/global-buildings.geojsonl/RegionName=UnitedStates/quadkey=021333212/part-00012-4feead82-d499-422b-94cb-c036c212127a.c000.csv.gz
021333213,https://minedbuildings.z5.web.core.windows.net/global-buildings/2026-02-03/global-buildings.geojsonl/RegionName=UnitedStates/quadkey=021333213/part-00131-4feead82-d499-422b-94cb-c036c212127a.c000.csv.gz
021333220,https://minedbuildings.z5.web.core.windows.net/global-buildings/2026-02-03/global-buildings.geojsonl/RegionName=UnitedStates/quadkey=021333220/part-00047-4feead82-d499-422b-94cb-c036c212127a.c000.csv.gz
021333221,https://minedbuildings.z5.web.core.windows.net/global-buildings/2026-02-03/global-buildings.geojsonl/RegionName=UnitedStates/quadkey=021333221/part-00180-4feead82-d499-422b-94cb-c036c212127a.c000.csv.gz
021333222,https://minedbuildings.z5.web.core.windows.net/global-buildings/2026-02-03/global-buildings.geojsonl/RegionName=UnitedStates/quadkey=021333222/part-00047-4feead82-d499-422b-94cb-c036c212127a.c000.csv.gz
021333223,https://minedbuildings.z5.web.core.windows.net/global-buildings/2026-02-03/global-buildings.geojsonl/RegionName=UnitedStates/quadkey=021333223/part-00017-4feead82-d499-422b-94cb-c036c212127a.c000.csv.gz
021333230,https://minedbuildings.z5.web.core.windows.net/global-buildings/2026-02-03/global-buildings.geojsonl/RegionName=UnitedStates/quadkey=021333230/part-00143-4feead82-d499-422b-94cb-c036c212127a.c000.csv.gz
021333231,https://minedbuildings.z5.web.core.windows.net/global-buildings/2026-02-03/global-buildings.geojsonl/RegionName=UnitedStates/quadkey=021333231/part-00057-4feead82-d499-422b-94cb-c036c212127a.c000.csv.gz
021333232,https://minedbuildings.z5.web.core.windows.net/global-buildings/2026-02-03/global-buildings.geojsonl/RegionName=UnitedStates/quadkey=021333232/part-00029-4feead82-d499-422b-94cb-c036c212127a.c000.csv.gz
021333233,https://minedbuildings.z5.web.core.windows.net/global-buildings/2026-02-03/global-buildings.geojsonl/RegionName=UnitedStates/quadkey=021333233/part-00146-4feead82-d499-422b-94cb-c036c212127a.c000.csv.gz
021333300,https://minedbuildings.z5.web.core.windows.net/global-buildings/2026-02-03/global-buildings.geojsonl/RegionName=UnitedStates/quadkey=021333300/part-00112-4feead82-d499-422b-94cb-c036c212127a.c000.csv.gz
021333301,https://minedbuildings.z5.web.core.windows.net/global-buildings/2026-02-03/global-buildings.geojsonl/RegionName=UnitedStates/quadkey=021333301/part-00069-4feead82-d499-422b-94cb-c036c212127a.c000.csv.gz
021333302,https://minedbuildings.z5.web.core.windows.net/global-buildings/2026-02-03/global-buildings.geojsonl/RegionName=UnitedStates/quadkey=021333302/part-00124-4feead82-d499-422b-94cb-c036c212127a.c000.csv.gz
021333303,https://minedbuildings.z5.web.core.windows.net/global-buildings/2026-02-03/global-buildings.geojsonl/RegionName=UnitedStates/quadkey=021333303/part-00048-4feead82-d499-422b-94cb-c036c212127a.c000.csv.gz
021333310,https://minedbuildings.z5.web.core.windows.net/global-buildings/2026-02-03/global-buildings.geojsonl/RegionName=UnitedStates/quadkey=021333310/part-00147-4feead82-d499-422b-94cb-c036c212127a.c000.csv.gz
021333311,https://minedbuildings.z5.web.core.windows.net/global-buildings/2026-02-03/global-buildings.geojsonl/RegionName=UnitedStates/quadkey=021333311/part-00014-4feead82-d499-422b-94cb-c036c212127a.c000.csv.gz
021333312,https://minedbuildings.z5.web.core.windows.net/global-buildings/2026-02-03/global-buildings.geojsonl/RegionName=UnitedStates/quadkey=021333312/part-00028-4feead82-d499-422b-94cb-c036c212127a.c000.csv.gz
021333313,https://minedbuildings.z5.web.core.windows.net/global-buildings/2026-02-03/global-buildings.geojsonl/RegionName=UnitedStates/quadkey=021333313/part-00088-4feead82-d499-422b-94cb-c036c212127a.c000.csv.gz
021333320,https://minedbuildings.z5.web.core.windows.net/global-buildings/2026-02-03/global-buildings.geojsonl/RegionName=UnitedStates/quadkey=021333320/part-00093-4feead82-d499-422b-94cb-c036c212127a.c000.csv.gz
021333321,https://minedbuildings.z5.web.core.windows.net/global-buildings/2026-02-03/global-buildings.geojsonl/RegionName=UnitedStates/quadkey=021333321/part-00192-4feead82-d499-422b-94cb-c036c212127a.c000.csv.gz
021333322,https://minedbuildings.z5.web.core.windows.net/global-buildings/2026-02-03/global-buildings.geojsonl/RegionName=UnitedStates/quadkey=021333322/part-00109-4feead82-d499-422b-94cb-c036c212127a.c000.csv.gz
021333323,https://minedbuildings.z5.web.core.windows.net/global-buildings/2026-02-03/global-buildings.geojsonl/RegionName=UnitedStates/quadkey=021333323/part-00030-4feead82-d499-422b-94cb-c036c212127a.c000.csv.gz
021333330,https://minedbuildings.z5.web.core.windows.net/global-buildings/2026-02-03/global-buildings.geojsonl/RegionName=UnitedStates/quadkey=021333330/part-00095-4feead82-d499-422b-94cb-c036c212127a.c000.csv.gz
021333331,https://minedbuildings.z5.web.core.windows.net/global-buildings/2026-02-03/global-buildings.geojsonl/RegionName=UnitedStates/quadkey=021333331/part-00188-4feead82-d499-422b-94cb-c036c212127a.c000.csv.gz
021333332,https://minedbuildings.z5.web.core.windows.net/global-buildings/2026-02-03/global-buildings.geojsonl/RegionName=UnitedStates/quadkey=021333332/part-00032-4feead82-d499-422b-94cb-c036c212127a.c000.csv.gz
021333333,https://minedbuildings.z5.web.core.windows.net/global-buildings/2026-02-03/global-buildings.geojsonl/RegionName=UnitedStates/quadkey=021333333/part-00074-4feead82-d499-422b-94cb-c036c212127a.c000.csv.gz
022033322,https://minedbuildings.z5.web.core.windows.net/global-buildings/2026-02-03/global-buildings.geojsonl/RegionName=UnitedStates/quadkey=022033322/part-00083-4feead82-d499-422b-94cb-c036c212127a.c000.csv.gz
022033323,https://minedbuildings.z5.web.core.windows.net/global-buildings/2026-02-03/global-buildings.geojsonl/RegionName=UnitedStates/quadkey=022033323/part-00082-4feead82-d499-422b-94cb-c036c212127a.c000.csv.gz
022211100,https://minedbuildings.z5.web.core.windows.net/global-buildings/2026-02-03/global-buildings.geojsonl/RegionName=UnitedStates/quadkey=022211100/part-00184-4feead82-d499-422b-94cb-c036c212127a.c000.csv.gz
022211101,https://minedbuildings.z5.web.core.windows.net/global-buildings/2026-02-03/global-buildings.geojsonl/RegionName=UnitedStates/quadkey=022211101/part-00150-4feead82-d499-422b-94cb-c036c212127a.c000.csv.gz
022211110,https://minedbuildings.z5.web.core.windows.net/global-buildings/2026-02-03/global-buildings.geojsonl/RegionName=UnitedStates/quadkey=022211110/part-00060-4feead82-d499-422b-94cb-c036c212127a.c000.csv.gz
022211111,https://minedbuildings.z5.web.core.windows.net/global-buildings/2026-02-03/global-buildings.geojsonl/RegionName=UnitedStates/quadkey=022211111/part-00073-4feead82-d499-422b-94cb-c036c212127a.c000.csv.gz
022211113,https://minedbuildings.z5.web.core.windows.net/global-buildings/2026-02-03/global-buildings.geojsonl/RegionName=UnitedStates/quadkey=022211113/part-00064-4feead82-d499-422b-94cb-c036c212127a.c000.csv.gz
022300002,https://minedbuildings.z5.web.core.windows.net/global-buildings/2026-02-03/global-buildings.geojsonl/RegionName=UnitedStates/quadkey=022300002/part-00187-4feead82-d499-422b-94cb-c036c212127a.c000.csv.gz
022300003,https://minedbuildings.z5.web.core.windows.net/global-buildings/2026-02-03/global-buildings.geojsonl/RegionName=UnitedStates/quadkey=022300003/part-00036-4feead82-d499-422b-94cb-c036c212127a.c000.csv.gz
022300012,https://minedbuildings.z5.web.core.windows.net/global-buildings/2026-02-03/global-buildings.geojsonl/RegionName=UnitedStates/quadkey=022300012/part-00043-4feead82-d499-422b-94cb-c036c212127a.c000.csv.gz
022300021,https://minedbuildings.z5.web.core.windows.net/global-buildings/2026-02-03/global-buildings.geojsonl/RegionName=UnitedStates/quadkey=022300021/part-00020-4feead82-d499-422b-94cb-c036c212127a.c000.csv.gz
022300030,https://minedbuildings.z5.web.core.windows.net/global-buildings/2026-02-03/global-buildings.geojsonl/RegionName=UnitedStates/quadkey=022300030/part-00083-4feead82-d499-422b-94cb-c036c212127a.c000.csv.gz
022300031,https://minedbuildings.z5.web.core.windows.net/global-buildings/2026-02-03/global-buildings.geojsonl/RegionName=UnitedStates/quadkey=022300031/part-00146-4feead82-d499-422b-94cb-c036c212127a.c000.csv.gz
022300032,https://minedbuildings.z5.web.core.windows.net/global-buildings/2026-02-03/global-buildings.geojsonl/RegionName=UnitedStates/quadkey=022300032/part-00186-4feead82-d499-422b-94cb-c036c212127a.c000.csv.gz
022300033,https://minedbuildings.z5.web.core.windows.net/global-buildings/2026-02-03/global-buildings.geojsonl/RegionName=UnitedStates/quadkey=022300033/part-00034-4feead82-d499-422b-94cb-c036c212127a.c000.csv.gz
022300210,https://minedbuildings.z5.web.core.windows.net/global-buildings/2026-02-03/global-buildings.geojsonl/RegionName=UnitedStates/quadkey=022300210/part-00088-4feead82-d499-422b-94cb-c036c212127a.c000.csv.gz
023001111,https://minedbuildings.z5.web.core.windows.net/global-buildings/2026-02-03/global-buildings.geojsonl/RegionName=UnitedStates/quadkey=023001111/part-00124-4feead82-d499-422b-94cb-c036c212127a.c000.csv.gz
023001113,https://minedbuildings.z5.web.core.windows.net/global-buildings/2026-02-03/global-buildings.geojsonl/RegionName=UnitedStates/quadkey=023001113/part-00125-4feead82-d499-422b-94cb-c036c212127a.c000.csv.gz
023001131,https://minedbuildings.z5.web.core.windows.net/global-buildings/2026-02-03/global-buildings.geojsonl/RegionName=UnitedStates/quadkey=023001131/part-00048-4feead82-d499-422b-94cb-c036c212127a.c000.csv.gz
023001133,https://minedbuildings.z5.web.core.windows.net/global-buildings/2026-02-03/global-buildings.geojsonl/RegionName=UnitedStates/quadkey=023001133/part-00008-4feead82-d499-422b-94cb-c036c212127a.c000.csv.gz
023010000,https://minedbuildings.z5.web.core.windows.net/global-buildings/2026-02-03/global-buildings.geojsonl/RegionName=UnitedStates/quadkey=023010000/part-00024-4feead82-d499-422b-94cb-c036c212127a.c000.csv.gz
023010001,https://minedbuildings.z5.web.core.windows.net/global-buildings/2026-02-03/global-buildings.geojsonl/RegionName=UnitedStates/quadkey=023010001/part-00081-4feead82-d499-422b-94cb-c036c212127a.c000.csv.gz
023010002,https://minedbuildings.z5.web.core.windows.net/global-buildings/2026-02-03/global-buildings.geojsonl/RegionName=UnitedStates/quadkey=023010002/part-00047-4feead82-d499-422b-94cb-c036c212127a.c000.csv.gz
023010003,https://minedbuildings.z5.web.core.windows.net/global-buildings/2026-02-03/global-buildings.geojsonl/RegionName=UnitedStates/quadkey=023010003/part-00112-4feead82-d499-422b-94cb-c036c212127a.c000.csv.gz
023010010,https://minedbuildings.z5.web.core.windows.net/global-buildings/2026-02-03/global-buildings.geojsonl/RegionName=UnitedStates/quadkey=023010010/part-00006-4feead82-d499-422b-94cb-c036c212127a.c000.csv.gz
023010011,https://minedbuildings.z5.web.core.windows.net/global-buildings/2026-02-03/global-buildings.geojsonl/RegionName=UnitedStates/quadkey=023010011/part-00191-4feead82-d499-422b-94cb-c036c212127a.c000.csv.gz
023010012,https://minedbuildings.z5.web.core.windows.net/global-buildings/2026-02-03/global-buildings.geojsonl/RegionName=UnitedStates/quadkey=023010012/part-00116-4feead82-d499-422b-94cb-c036c212127a.c000.csv.gz
023010013,https://minedbuildings.z5.web.core.windows.net/global-buildings/2026-02-03/global-buildings.geojsonl/RegionName=UnitedStates/quadkey=023010013/part-00188-4feead82-d499-422b-94cb-c036c212127a.c000.csv.gz
023010020,https://minedbuildings.z5.web.core.windows.net/global-buildings/2026-02-03/global-buildings.geojsonl/RegionName=UnitedStates/quadkey=023010020/part-00093-4feead82-d499-422b-94cb-c036c212127a.c000.csv.gz
023010021,https://minedbuildings.z5.web.core.windows.net/global-buildings/2026-02-03/global-buildings.geojsonl/RegionName=UnitedStates/quadkey=023010021/part-00146-4feead82-d499-422b-94cb-c036c212127a.c000.csv.gz
023010022,https://minedbuildings.z5.web.core.windows.net/global-buildings/2026-02-03/global-buildings.geojsonl/RegionName=UnitedStates/quadkey=023010022/part-00100-4feead82-d499-422b-94cb-c036c212127a.c000.csv.gz
023010023,https://minedbuildings.z5.web.core.windows.net/global-buildings/2026-02-03/global-buildings.geojsonl/RegionName=UnitedStates/quadkey=023010023/part-00012-4feead82-d499-422b-94cb-c036c212127a.c000.csv.gz
023010030,https://minedbuildings.z5.web.core.windows.net/global-buildings/2026-02-03/global-buildings.geojsonl/RegionName=UnitedStates/quadkey=023010030/part-00160-4feead82-d499-422b-94cb-c036c212127a.c000.csv.gz
023010031,https://minedbuildings.z5.web.core.windows.net/global-buildings/2026-02-03/global-buildings.geojsonl/RegionName=UnitedStates/quadkey=023010031/part-00061-4feead82-d499-422b-94cb-c036c212127a.c000.csv.gz
023010032,https://minedbuildings.z5.web.core.windows.net/global-buildings/2026-02-03/global-buildings.geojsonl/RegionName=UnitedStates/quadkey=023010032/part-00139-4feead82-d499-422b-94cb-c036c212127a.c000.csv.gz
023010033,https://minedbuildings.z5.web.core.windows.net/global-buildings/2026-02-03/global-buildings.geojsonl/RegionName=UnitedStates/quadkey=023010033/part-00056-4feead82-d499-422b-94cb-c036c212127a.c000.csv.gz
023010100,https://minedbuildings.z5.web.core.windows.net/global-buildings/2026-02-03/global-buildings.geojsonl/RegionName=UnitedStates/quadkey=023010100/part-00180-4feead82-d499-422b-94cb-c036c212127a.c000.csv.gz
023010101,https://minedbuildings.z5.web.core.windows.net/global-buildings/2026-02-03/global-buildings.geojsonl/RegionName=UnitedStates/quadkey=023010101/part-00122-4feead82-d499-422b-94cb-c036c212127a.c000.csv.gz
023010102,https://minedbuildings.z5.web.core.windows.net/global-buildings/2026-02-03/global-buildings.geojsonl/RegionName=UnitedStates/quadkey=023010102/part-00150-4feead82-d499-422b-94cb-c036c212127a.c000.csv.gz
023010103,https://minedbuildings.z5.web.core.windows.net/global-buildings/2026-02-03/global-buildings.geojsonl/RegionName=UnitedStates/quadkey=023010103/part-00133-4feead82-d499-422b-94cb-c036c212127a.c000.csv.gz
023010110,https://minedbuildings.z5.web.core.windows.net/global-buildings/2026-02-03/global-buildings.geojsonl/RegionName=UnitedStates/quadkey=023010110/part-00187-4feead82-d499-422b-94cb-c036c212127a.c000.csv.gz
023010111,https://minedbuildings.z5.web.core.windows.net/global-buildings/2026-02-03/global-buildings.geojsonl/RegionName=UnitedStates/quadkey=023010111/part-00078-4feead82-d499-422b-94cb-c036c212127a.c000.csv.gz
023010112,https://minedbuildings.z5.web.core.windows.net/global-buildings/2026-02-03/global-buildings.geojsonl/RegionName=UnitedStates/quadkey=023010112/part-00164-4feead82-d499-422b-94cb-c036c212127a.c000.csv.gz
023010113,https://minedbuildings.z5.web.core.windows.net/global-buildings/2026-02-03/global-buildings.geojsonl/RegionName=UnitedStates/quadkey=023010113/part-00162-4feead82-d499-422b-94cb-c036c212127a.c000.csv.gz
023010120,https://minedbuildings.z5.web.core.windows.net/global-buildings/2026-02-03/global-buildings.geojsonl/RegionName=UnitedStates/quadkey=023010120/part-00188-4feead82-d499-422b-94cb-c036c212127a.c000.csv.gz
023010121,https://minedbuildings.z5.web.core.windows.net/global-buildings/2026-02-03/global-buildings.geojsonl/RegionName=UnitedStates/quadkey=023010121/part-00054-4feead82-d499-422b-94cb-c036c212127a.c000.csv.gz
023010122,https://minedbuildings.z5.web.core.windows.net/global-buildings/2026-02-03/global-buildings.geojsonl/RegionName=UnitedStates/quadkey=023010122/part-00021-4feead82-d499-422b-94cb-c036c212127a.c000.csv.gz
023010123,https://minedbuildings.z5.web.core.windows.net/global-buildings/2026-02-03/global-buildings.geojsonl/RegionName=UnitedStates/quadkey=023010123/part-00075-4feead82-d499-422b-94cb-c036c212127a.c000.csv.gz
023010130,https://minedbuildings.z5.web.core.windows.net/global-buildings/2026-02-03/global-buildings.geojsonl/RegionName=UnitedStates/quadkey=023010130/part-00052-4feead82-d499-422b-94cb-c036c212127a.c000.csv.gz
023010131,https://minedbuildings.z5.web.core.windows.net/global-buildings/2026-02-03/global-buildings.geojsonl/RegionName=UnitedStates/quadkey=023010131/part-00081-4feead82-d499-422b-94cb-c036c212127a.c000.csv.gz
023010132,https://minedbuildings.z5.web.core.windows.net/global-buildings/2026-02-03/global-buildings.geojsonl/RegionName=UnitedStates/quadkey=023010132/part-00015-4feead82-d499-422b-94cb-c036c212127a.c000.csv.gz
023010133,https://minedbuildings.z5.web.core.windows.net/global-buildings/2026-02-03/global-buildings.geojsonl/RegionName=UnitedStates/quadkey=023010133/part-00078-4feead82-d499-422b-94cb-c036c212127a.c000.csv.gz
023010200,https://minedbuildings.z5.web.core.windows.net/global-buildings/2026-02-03/global-buildings.geojsonl/RegionName=UnitedStates/quadkey=023010200/part-00060-4feead82-d499-422b-94cb-c036c212127a.c000.csv.gz
023010201,https://minedbuildings.z5.web.core.windows.net/global-buildings/2026-02-03/global-buildings.geojsonl/RegionName=UnitedStates/quadkey=023010201/part-00151-4feead82-d499-422b-94cb-c036c212127a.c000.csv.gz
023010203,https://minedbuildings.z5.web.core.windows.net/global-buildings/2026-02-03/global-buildings.geojsonl/RegionName=UnitedStates/quadkey=023010203/part-00185-4feead82-d499-422b-94cb-c036c212127a.c000.csv.gz
023010210,https://minedbuildings.z5.web.core.windows.net/global-buildings/2026-02-03/global-buildings.geojsonl/RegionName=UnitedStates/quadkey=023010210/part-00167-4feead82-d499-422b-94cb-c036c212127a.c000.csv.gz
023010211,https://minedbuildings.z5.web.core.windows.net/global-buildings/2026-02-03/global-buildings.geojsonl/RegionName=UnitedStates/quadkey=023010211/part-00095-4feead82-d499-422b-94cb-c036c212127a.c000.csv.gz
023010212,https://minedbuildings.z5.web.core.windows.net/global-buildings/2026-02-03/global-buildings.geojsonl/RegionName=UnitedStates/quadkey=023010212/part-00072-4feead82-d499-422b-94cb-c036c212127a.c000.csv.gz
023010213,https://minedbuildings.z5.web.core.windows.net/global-buildings/2026-02-03/global-buildings.geojsonl/RegionName=UnitedStates/quadkey=023010213/part-00134-4feead82-d499-422b-94cb-c036c212127a.c000.csv.gz
023010221,https://minedbuildings.z5.web.core.windows.net/global-buildings/2026-02-03/global-buildings.geojsonl/RegionName=UnitedStates/quadkey=023010221/part-00099-4feead82-d499-422b-94cb-c036c212127a.c000.csv.gz
023010223,https://minedbuildings.z5.web.core.windows.net/global-buildings/2026-02-03/global-buildings.geojsonl/RegionName=UnitedStates/quadkey=023010223/part-00090-4feead82-d499-422b-94cb-c036c212127a.c000.csv.gz
023010230,https://minedbuildings.z5.web.core.windows.net/global-buildings/2026-02-03/global-buildings.geojsonl/RegionName=UnitedStates/quadkey=023010230/part-00091-4feead82-d499-422b-94cb-c036c212127a.c000.csv.gz
023010231,https://minedbuildings.z5.web.core.windows.net/global-buildings/2026-02-03/global-buildings.geojsonl/RegionName=UnitedStates/quadkey=023010231/part-00013-4feead82-d499-422b-94cb-c036c212127a.c000.csv.gz
023010232,https://minedbuildings.z5.web.core.windows.net/global-buildings/2026-02-03/global-buildings.geojsonl/RegionName=UnitedStates/quadkey=023010232/part-00126-4feead82-d499-422b-94cb-c036c212127a.c000.csv.gz
023010233,https://minedbuildings.z5.web.core.windows.net/global-buildings/2026-02-03/global-buildings.geojsonl/RegionName=UnitedStates/quadkey=023010233/part-00155-4feead82-d499-422b-94cb-c036c212127a.c000.csv.gz
023010300,https://minedbuildings.z5.web.core.windows.net/global-buildings/2026-02-03/global-buildings.geojsonl/RegionName=UnitedStates/quadkey=023010300/part-00042-4feead82-d499-422b-94cb-c036c212127a.c000.csv.gz
023010301,https://minedbuildings.z5.web.core.windows.net/global-buildings/2026-02-03/global-buildings.geojsonl/RegionName=UnitedStates/quadkey=023010301/part-00059-4feead82-d499-422b-94cb-c036c212127a.c000.csv.gz
023010302,https://minedbuildings.z5.web.core.windows.net/global-buildings/2026-02-03/global-buildings.geojsonl/RegionName=UnitedStates/quadkey=023010302/part-00190-4feead82-d499-422b-94cb-c036c212127a.c000.csv.gz
023010303,https://minedbuildings.z5.web.core.windows.net/global-buildings/2026-02-03/global-buildings.geojsonl/RegionName=UnitedStates/quadkey=023010303/part-00029-4feead82-d499-422b-94cb-c036c212127a.c000.csv.gz
023010310,https://minedbuildings.z5.web.core.windows.net/global-buildings/2026-02-03/global-buildings.geojsonl/RegionName=UnitedStates/quadkey=023010310/part-00138-4feead82-d499-422b-94cb-c036c212127a.c000.csv.gz
023010311,https://minedbuildings.z5.web.core.windows.net/global-buildings/2026-02-03/global-buildings.geojsonl/RegionName=UnitedStates/quadkey=023010311/part-00183-4feead82-d499-422b-94cb-c036c212127a.c000.csv.gz
023010312,https://minedbuildings.z5.web.core.windows.net/global-buildings/2026-02-03/global-buildings.geojsonl/RegionName=UnitedStates/quadkey=023010312/part-00099-4feead82-d499-422b-94cb-c036c212127a.c000.csv.gz
023010313,https://minedbuildings.z5.web.core.windows.net/global-buildings/2026-02-03/global-buildings.geojsonl/RegionName=UnitedStates/quadkey=023010313/part-00044-4feead82-d499-422b-94cb-c036c212127a.c000.csv.gz
023010320,https://minedbuildings.z5.web.core.windows.net/global-buildings/2026-02-03/global-buildings.geojsonl/RegionName=UnitedStates/quadkey=023010320/part-00093-4feead82-d499-422b-94cb-c036c212127a.c000.csv.gz
023010321,https://minedbuildings.z5.web.core.windows.net/global-buildings/2026-02-03/global-buildings.geojsonl/RegionName=UnitedStates/quadkey=023010321/part-00080-4feead82-d499-422b-94cb-c036c212127a.c000.csv.gz
023010322,https://minedbuildings.z5.web.core.windows.net/global-buildings/2026-02-03/global-buildings.geojsonl/RegionName=UnitedStates/quadkey=023010322/part-00082-4feead82-d499-422b-94cb-c036c212127a.c000.csv.gz
023010323,https://minedbuildings.z5.web.core.windows.net/global-buildings/2026-02-03/global-buildings.geojsonl/RegionName=UnitedStates/quadkey=023010323/part-00150-4feead82-d499-422b-94cb-c036c212127a.c000.csv.gz
023010330,https://minedbuildings.z5.web.core.windows.net/global-buildings/2026-02-03/global-buildings.geojsonl/RegionName=UnitedStates/quadkey=023010330/part-00033-4feead82-d499-422b-94cb-c036c212127a.c000.csv.gz
023010331,https://minedbuildings.z5.web.core.windows.net/global-buildings/2026-02-03/global-buildings.geojsonl/RegionName=UnitedStates/quadkey=023010331/part-00127-4feead82-d499-422b-94cb-c036c212127a.c000.csv.gz
023010332,https://minedbuildings.z5.web.core.windows.net/global-buildings/2026-02-03/global-buildings.geojsonl/RegionName=UnitedStates/quadkey=023010332/part-00006-4feead82-d499-422b-94cb-c036c212127a.c000.csv.gz
023010333,https://minedbuildings.z5.web.core.windows.net/global-buildings/2026-02-03/global-buildings.geojsonl/RegionName=UnitedStates/quadkey=023010333/part-00018-4feead82-d499-422b-94cb-c036c212127a.c000.csv.gz
023011000,https://minedbuildings.z5.web.core.windows.net/global-buildings/2026-02-03/global-buildings.geojsonl/RegionName=UnitedStates/quadkey=023011000/part-00139-4feead82-d499-422b-94cb-c036c212127a.c000.csv.gz
023011001,https://minedbuildings.z5.web.core.windows.net/global-buildings/2026-02-03/global-buildings.geojsonl/RegionName=UnitedStates/quadkey=023011001/part-00080-4feead82-d499-422b-94cb-c036c212127a.c000.csv.gz
023011002,https://minedbuildings.z5.web.core.windows.net/global-buildings/2026-02-03/global-buildings.geojsonl/RegionName=UnitedStates/quadkey=023011002/part-00086-4feead82-d499-422b-94cb-c036c212127a.c000.csv.gz
023011003,https://minedbuildings.z5.web.core.windows.net/global-buildings/2026-02-03/global-buildings.geojsonl/RegionName=UnitedStates/quadkey=023011003/part-00120-4feead82-d499-422b-94cb-c036c212127a.c000.csv.gz
023011010,https://minedbuildings.z5.web.core.windows.net/global-buildings/2026-02-03/global-buildings.geojsonl/RegionName=UnitedStates/quadkey=023011010/part-00083-4feead82-d499-422b-94cb-c036c212127a.c000.csv.gz
023011011,https://minedbuildings.z5.web.core.windows.net/global-buildings/2026-02-03/global-buildings.geojsonl/RegionName=UnitedStates/quadkey=023011011/part-00086-4feead82-d499-422b-94cb-c036c212127a.c000.csv.gz
023011012,https://minedbuildings.z5.web.core.windows.net/global-buildings/2026-02-03/global-buildings.geojsonl/RegionName=UnitedStates/quadkey=023011012/part-00013-4feead82-d499-422b-94cb-c036c212127a.c000.csv.gz
023011013,https://minedbuildings.z5.web.core.windows.net/global-buildings/2026-02-03/global-buildings.geojsonl/RegionName=UnitedStates/quadkey=023011013/part-00040-4feead82-d499-422b-94cb-c036c212127a.c000.csv.gz
023011020,https://minedbuildings.z5.web.core.windows.net/global-buildings/2026-02-03/global-buildings.geojsonl/RegionName=UnitedStates/quadkey=023011020/part-00125-4feead82-d499-422b-94cb-c036c212127a.c000.csv.gz
023011021,https://minedbuildings.z5.web.core.windows.net/global-buildings/2026-02-03/global-buildings.geojsonl/RegionName=UnitedStates/quadkey=023011021/part-00035-4feead82-d499-422b-94cb-c036c212127a.c000.csv.gz
023011022,https://minedbuildings.z5.web.core.windows.net/global-buildings/2026-02-03/global-buildings.geojsonl/RegionName=UnitedStates/quadkey=023011022/part-00106-4feead82-d499-422b-94cb-c036c212127a.c000.csv.gz
023011023,https://minedbuildings.z5.web.core.windows.net/global-buildings/2026-02-03/global-buildings.geojsonl/RegionName=UnitedStates/quadkey=023011023/part-00006-4feead82-d499-422b-94cb-c036c212127a.c000.csv.gz
023011030,https://minedbuildings.z5.web.core.windows.net/global-buildings/2026-02-03/global-buildings.geojsonl/RegionName=UnitedStates/quadkey=023011030/part-00137-4feead82-d499-422b-94cb-c036c212127a.c000.csv.gz
023011031,https://minedbuildings.z5.web.core.windows.net/global-buildings/2026-02-03/global-buildings.geojsonl/RegionName=UnitedStates/quadkey=023011031/part-00180-4feead82-d499-422b-94cb-c036c212127a.c000.csv.gz
023011032,https://minedbuildings.z5.web.core.windows.net/global-buildings/2026-02-03/global-buildings.geojsonl/RegionName=UnitedStates/quadkey=023011032/part-00193-4feead82-d499-422b-94cb-c036c212127a.c000.csv.gz
023011033,https://minedbuildings.z5.web.core.windows.net/global-buildings/2026-02-03/global-buildings.geojsonl/RegionName=UnitedStates/quadkey=023011033/part-00189-4feead82-d499-422b-94cb-c036c212127a.c000.csv.gz
023011100,https://minedbuildings.z5.web.core.windows.net/global-buildings/2026-02-03/global-buildings.geojsonl/RegionName=UnitedStates/quadkey=023011100/part-00026-4feead82-d499-422b-94cb-c036c212127a.c000.csv.gz
023011101,https://minedbuildings.z5.web.core.windows.net/global-buildings/2026-02-03/global-buildings.geojsonl/RegionName=UnitedStates/quadkey=023011101/part-00123-4feead82-d499-422b-94cb-c036c212127a.c000.csv.gz
023011102,https://minedbuildings.z5.web.core.windows.net/global-buildings/2026-02-03/global-buildings.geojsonl/RegionName=UnitedStates/quadkey=023011102/part-00133-4feead82-d499-422b-94cb-c036c212127a.c000.csv.gz
023011103,https://minedbuildings.z5.web.core.windows.net/global-buildings/2026-02-03/global-buildings.geojsonl/RegionName=UnitedStates/quadkey=023011103/part-00040-4feead82-d499-422b-94cb-c036c212127a.c000.csv.gz
023011110,https://minedbuildings.z5.web.core.windows.net/global-buildings/2026-02-03/global-buildings.geojsonl/RegionName=UnitedStates/quadkey=023011110/part-00076-4feead82-d499-422b-94cb-c036c212127a.c000.csv.gz
023011111,https://minedbuildings.z5.web.core.windows.net/global-buildings/2026-02-03/global-buildings.geojsonl/RegionName=UnitedStates/quadkey=023011111/part-00182-4feead82-d499-422b-94cb-c036c212127a.c000.csv.gz
023011112,https://minedbuildings.z5.web.core.windows.net/global-buildings/2026-02-03/global-buildings.geojsonl/RegionName=UnitedStates/quadkey=023011112/part-00076-4feead82-d499-422b-94cb-c036c212127a.c000.csv.gz
023011113,https://minedbuildings.z5.web.core.windows.net/global-buildings/2026-02-03/global-buildings.geojsonl/RegionName=UnitedStates/quadkey=023011113/part-00069-4feead82-d499-422b-94cb-c036c212127a.c000.csv.gz
023011120,https://minedbuildings.z5.web.core.windows.net/global-buildings/2026-02-03/global-buildings.geojsonl/RegionName=UnitedStates/quadkey=023011120/part-00154-4feead82-d499-422b-94cb-c036c212127a.c000.csv.gz
023011121,https://minedbuildings.z5.web.core.windows.net/global-buildings/2026-02-03/global-buildings.geojsonl/RegionName=UnitedStates/quadkey=023011121/part-00080-4feead82-d499-422b-94cb-c036c212127a.c000.csv.gz
023011122,https://minedbuildings.z5.web.core.windows.net/global-buildings/2026-02-03/global-buildings.geojsonl/RegionName=UnitedStates/quadkey=023011122/part-00161-4feead82-d499-422b-94cb-c036c212127a.c000.csv.gz
023011123,https://minedbuildings.z5.web.core.windows.net/global-buildings/2026-02-03/global-buildings.geojsonl/RegionName=UnitedStates/quadkey=023011123/part-00175-4feead82-d499-422b-94cb-c036c212127a.c000.csv.gz
023011130,https://minedbuildings.z5.web.core.windows.net/global-buildings/2026-02-03/global-buildings.geojsonl/RegionName=UnitedStates/quadkey=023011130/part-00079-4feead82-d499-422b-94cb-c036c212127a.c000.csv.gz
023011131,https://minedbuildings.z5.web.core.windows.net/global-buildings/2026-02-03/global-buildings.geojsonl/RegionName=UnitedStates/quadkey=023011131/part-00066-4feead82-d499-422b-94cb-c036c212127a.c000.csv.gz
023011132,https://minedbuildings.z5.web.core.windows.net/global-buildings/2026-02-03/global-buildings.geojsonl/RegionName=UnitedStates/quadkey=023011132/part-00133-4feead82-d499-422b-94cb-c036c212127a.c000.csv.gz
023011133,https://minedbuildings.z5.web.core.windows.net/global-buildings/2026-02-03/global-buildings.geojsonl/RegionName=UnitedStates/quadkey=023011133/part-00014-4feead82-d499-422b-94cb-c036c212127a.c000.csv.gz
023011200,https://minedbuildings.z5.web.core.windows.net/global-buildings/2026-02-03/global-buildings.geojsonl/RegionName=UnitedStates/quadkey=023011200/part-00031-4feead82-d499-422b-94cb-c036c212127a.c000.csv.gz
023011201,https://minedbuildings.z5.web.core.windows.net/global-buildings/2026-02-03/global-buildings.geojsonl/RegionName=UnitedStates/quadkey=023011201/part-00079-4feead82-d499-422b-94cb-c036c212127a.c000.csv.gz
023011202,https://minedbuildings.z5.web.core.windows.net/global-buildings/2026-02-03/global-buildings.geojsonl/RegionName=UnitedStates/quadkey=023011202/part-00140-4feead82-d499-422b-94cb-c036c212127a.c000.csv.gz
023011203,https://minedbuildings.z5.web.core.windows.net/global-buildings/2026-02-03/global-buildings.geojsonl/RegionName=UnitedStates/quadkey=023011203/part-00011-4feead82-d499-422b-94cb-c036c212127a.c000.csv.gz
023011210,https://minedbuildings.z5.web.core.windows.net/global-buildings/2026-02-03/global-buildings.geojsonl/RegionName=UnitedStates/quadkey=023011210/part-00130-4feead82-d499-422b-94cb-c036c212127a.c000.csv.gz
023011211,https://minedbuildings.z5.web.core.windows.net/global-buildings/2026-02-03/global-buildings.geojsonl/RegionName=UnitedStates/quadkey=023011211/part-00121-4feead82-d499-422b-94cb-c036c212127a.c000.csv.gz
023011212,https://minedbuildings.z5.web.core.windows.net/global-buildings/2026-02-03/global-buildings.geojsonl/RegionName=UnitedStates/quadkey=023011212/part-00156-4feead82-d499-422b-94cb-c036c212127a.c000.csv.gz
023011213,https://minedbuildings.z5.web.core.windows.net/global-buildings/2026-02-03/global-buildings.geojsonl/RegionName=UnitedStates/quadkey=023011213/part-00092-4feead82-d499-422b-94cb-c036c212127a.c000.csv.gz
023011220,https://minedbuildings.z5.web.core.windows.net/global-buildings/2026-02-03/global-buildings.geojsonl/RegionName=UnitedStates/quadkey=023011220/part-00175-4feead82-d499-422b-94cb-c036c212127a.c000.csv.gz
023011221,https://minedbuildings.z5.web.core.windows.net/global-buildings/2026-02-03/global-buildings.geojsonl/RegionName=UnitedStates/quadkey=023011221/part-00047-4feead82-d499-422b-94cb-c036c212127a.c000.csv.gz
023011222,https://minedbuildings.z5.web.core.windows.net/global-buildings/2026-02-03/global-buildings.geojsonl/RegionName=UnitedStates/quadkey=023011222/part-00133-4feead82-d499-422b-94cb-c036c212127a.c000.csv.gz
023011223,https://minedbuildings.z5.web.core.windows.net/global-buildings/2026-02-03/global-buildings.geojsonl/RegionName=UnitedStates/quadkey=023011223/part-00065-4feead82-d499-422b-94cb-c036c212127a.c000.csv.gz
023011230,https://minedbuildings.z5.web.core.windows.net/global-buildings/2026-02-03/global-buildings.geojsonl/RegionName=UnitedStates/quadkey=023011230/part-00063-4feead82-d499-422b-94cb-c036c212127a.c000.csv.gz
023011231,https://minedbuildings.z5.web.core.windows.net/global-buildings/2026-02-03/global-buildings.geojsonl/RegionName=UnitedStates/quadkey=023011231/part-00067-4feead82-d499-422b-94cb-c036c212127a.c000.csv.gz
023011232,https://minedbuildings.z5.web.core.windows.net/global-buildings/2026-02-03/global-buildings.geojsonl/RegionName=UnitedStates/quadkey=023011232/part-00096-4feead82-d499-422b-94cb-c036c212127a.c000.csv.gz
023011233,https://minedbuildings.z5.web.core.windows.net/global-buildings/2026-02-03/global-buildings.geojsonl/RegionName=UnitedStates/quadkey=023011233/part-00067-4feead82-d499-422b-94cb-c036c212127a.c000.csv.gz
023011300,https://minedbuildings.z5.web.core.windows.net/global-buildings/2026-02-03/global-buildings.geojsonl/RegionName=UnitedStates/quadkey=023011300/part-00173-4feead82-d499-422b-94cb-c036c212127a.c000.csv.gz
023011301,https://minedbuildings.z5.web.core.windows.net/global-buildings/2026-02-03/global-buildings.geojsonl/RegionName=UnitedStates/quadkey=023011301/part-00115-4feead82-d499-422b-94cb-c036c212127a.c000.csv.gz
023011302,https://minedbuildings.z5.web.core.windows.net/global-buildings/2026-02-03/global-buildings.geojsonl/RegionName=UnitedStates/quadkey=023011302/part-00194-4feead82-d499-422b-94cb-c036c212127a.c000.csv.gz
023011303,https://minedbuildings.z5.web.core.windows.net/global-buildings/2026-02-03/global-buildings.geojsonl/RegionName=UnitedStates/quadkey=023011303/part-00066-4feead82-d499-422b-94cb-c036c212127a.c000.csv.gz
023011310,https://minedbuildings.z5.web.core.windows.net/global-buildings/2026-02-03/global-buildings.geojsonl/RegionName=UnitedStates/quadkey=023011310/part-00156-4feead82-d499-422b-94cb-c036c212127a.c000.csv.gz
023011311,https://minedbuildings.z5.web.core.windows.net/global-buildings/2026-02-03/global-buildings.geojsonl/RegionName=UnitedStates/quadkey=023011311/part-00070-4feead82-d499-422b-94cb-c036c212127a.c000.csv.gz
023011312,https://minedbuildings.z5.web.core.windows.net/global-buildings/2026-02-03/global-buildings.geojsonl/RegionName=UnitedStates/quadkey=023011312/part-00048-4feead82-d499-422b-94cb-c036c212127a.c000.csv.gz
023011313,https://minedbuildings.z5.web.core.windows.net/global-buildings/2026-02-03/global-buildings.geojsonl/RegionName=UnitedStates/quadkey=023011313/part-00084-4feead82-d499-422b-94cb-c036c212127a.c000.csv.gz
023011320,https://minedbuildings.z5.web.core.windows.net/global-buildings/2026-02-03/global-buildings.geojsonl/RegionName=UnitedStates/quadkey=023011320/part-00190-4feead82-d499-422b-94cb-c036c212127a.c000.csv.gz
023011321,https://minedbuildings.z5.web.core.windows.net/global-buildings/2026-02-03/global-buildings.geojsonl/RegionName=UnitedStates/quadkey=023011321/part-00030-4feead82-d499-422b-94cb-c036c212127a.c000.csv.gz
023011322,https://minedbuildings.z5.web.core.windows.net/global-buildings/2026-02-03/global-buildings.geojsonl/RegionName=UnitedStates/quadkey=023011322/part-00013-4feead82-d499-422b-94cb-c036c212127a.c000.csv.gz
023011323,https://minedbuildings.z5.web.core.windows.net/global-buildings/2026-02-03/global-buildings.geojsonl/RegionName=UnitedStates/quadkey=023011323/part-00088-4feead82-d499-422b-94cb-c036c212127a.c000.csv.gz
023011330,https://minedbuildings.z5.web.core.windows.net/global-buildings/2026-02-03/global-buildings.geojsonl/RegionName=UnitedStates/quadkey=023011330/part-00086-4feead82-d499-422b-94cb-c036c212127a.c000.csv.gz
023011331,https://minedbuildings.z5.web.core.windows.net/global-buildings/2026-02-03/global-buildings.geojsonl/RegionName=UnitedStates/quadkey=023011331/part-00074-4feead82-d499-422b-94cb-c036c212127a.c000.csv.gz
023011332,https://minedbuildings.z5.web.core.windows.net/global-buildings/2026-02-03/global-buildings.geojsonl/RegionName=UnitedStates/quadkey=023011332/part-00022-4feead82-d499-422b-94cb-c036c212127a.c000.csv.gz
023011333,https://minedbuildings.z5.web.core.windows.net/global-buildings/2026-02-03/global-buildings.geojsonl/RegionName=UnitedStates/quadkey=023011333/part-00181-4feead82-d499-422b-94cb-c036c212127a.c000.csv.gz
023012010,https://minedbuildings.z5.web.core.windows.net/global-buildings/2026-02-03/global-buildings.geojsonl/RegionName=UnitedStates/quadkey=023012010/part-00009-4feead82-d499-422b-94cb-c036c212127a.c000.csv.gz
023012011,https://minedbuildings.z5.web.core.windows.net/global-buildings/2026-02-03/global-buildings.geojsonl/RegionName=UnitedStates/quadkey=023012011/part-00067-4feead82-d499-422b-94cb-c036c212127a.c000.csv.gz
023012013,https://minedbuildings.z5.web.core.windows.net/global-buildings/2026-02-03/global-buildings.geojsonl/RegionName=UnitedStates/quadkey=023012013/part-00116-4feead82-d499-422b-94cb-c036c212127a.c000.csv.gz
023012031,https://minedbuildings.z5.web.core.windows.net/global-buildings/2026-02-03/global-buildings.geojsonl/RegionName=UnitedStates/quadkey=023012031/part-00128-4feead82-d499-422b-94cb-c036c212127a.c000.csv.gz
023012100,https://minedbuildings.z5.web.core.windows.net/global-buildings/2026-02-03/global-buildings.geojsonl/RegionName=UnitedStates/quadkey=023012100/part-00183-4feead82-d499-422b-94cb-c036c212127a.c000.csv.gz
023012101,https://minedbuildings.z5.web.core.windows.net/global-buildings/2026-02-03/global-buildings.geojsonl/RegionName=UnitedStates/quadkey=023012101/part-00054-4feead82-d499-422b-94cb-c036c212127a.c000.csv.gz
023012102,https://minedbuildings.z5.web.core.windows.net/global-buildings/2026-02-03/global-buildings.geojsonl/RegionName=UnitedStates/quadkey=023012102/part-00054-4feead82-d499-422b-94cb-c036c212127a.c000.csv.gz
023012103,https://minedbuildings.z5.web.core.windows.net/global-buildings/2026-02-03/global-buildings.geojsonl/RegionName=UnitedStates/quadkey=023012103/part-00033-4feead82-d499-422b-94cb-c036c212127a.c000.csv.gz
023012110,https://minedbuildings.z5.web.core.windows.net/global-buildings/2026-02-03/global-buildings.geojsonl/RegionName=UnitedStates/quadkey=023012110/part-00097-4feead82-d499-422b-94cb-c036c212127a.c000.csv.gz
023012111,https://minedbuildings.z5.web.core.windows.net/global-buildings/2026-02-03/global-buildings.geojsonl/RegionName=UnitedStates/quadkey=023012111/part-00031-4feead82-d499-422b-94cb-c036c212127a.c000.csv.gz
023012112,https://minedbuildings.z5.web.core.windows.net/global-buildings/2026-02-03/global-buildings.geojsonl/RegionName=UnitedStates/quadkey=023012112/part-00060-4feead82-d499-422b-94cb-c036c212127a.c000.csv.gz
023012113,https://minedbuildings.z5.web.core.windows.net/global-buildings/2026-02-03/global-buildings.geojsonl/RegionName=UnitedStates/quadkey=023012113/part-00169-4feead82-d499-422b-94cb-c036c212127a.c000.csv.gz
023012120,https://minedbuildings.z5.web.core.windows.net/global-buildings/2026-02-03/global-buildings.geojsonl/RegionName=UnitedStates/quadkey=023012120/part-00149-4feead82-d499-422b-94cb-c036c212127a.c000.csv.gz
023012121,https://minedbuildings.z5.web.core.windows.net/global-buildings/2026-02-03/global-buildings.geojsonl/RegionName=UnitedStates/quadkey=023012121/part-00078-4feead82-d499-422b-94cb-c036c212127a.c000.csv.gz
023012122,https://minedbuildings.z5.web.core.windows.net/global-buildings/2026-02-03/global-buildings.geojsonl/RegionName=UnitedStates/quadkey=023012122/part-00158-4feead82-d499-422b-94cb-c036c212127a.c000.csv.gz
023012123,https://minedbuildings.z5.web.core.windows.net/global-buildings/2026-02-03/global-buildings.geojsonl/RegionName=UnitedStates/quadkey=023012123/part-00133-4feead82-d499-422b-94cb-c036c212127a.c000.csv.gz
023012130,https://minedbuildings.z5.web.core.windows.net/global-buildings/2026-02-03/global-buildings.geojsonl/RegionName=UnitedStates/quadkey=023012130/part-00040-4feead82-d499-422b-94cb-c036c212127a.c000.csv.gz
023012131,https://minedbuildings.z5.web.core.windows.net/global-buildings/2026-02-03/global-buildings.geojsonl/RegionName=UnitedStates/quadkey=023012131/part-00169-4feead82-d499-422b-94cb-c036c212127a.c000.csv.gz
023012132,https://minedbuildings.z5.web.core.windows.net/global-buildings/2026-02-03/global-buildings.geojsonl/RegionName=UnitedStates/quadkey=023012132/part-00074-4feead82-d499-422b-94cb-c036c212127a.c000.csv.gz
023012133,https://minedbuildings.z5.web.core.windows.net/global-buildings/2026-02-03/global-buildings.geojsonl/RegionName=UnitedStates/quadkey=023012133/part-00053-4feead82-d499-422b-94cb-c036c212127a.c000.csv.gz
023012300,https://minedbuildings.z5.web.core.windows.net/global-buildings/2026-02-03/global-buildings.geojsonl/RegionName=UnitedStates/quadkey=023012300/part-00199-4feead82-d499-422b-94cb-c036c212127a.c000.csv.gz
023012301,https://minedbuildings.z5.web.core.windows.net/global-buildings/2026-02-03/global-buildings.geojsonl/RegionName=UnitedStates/quadkey=023012301/part-00199-4feead82-d499-422b-94cb-c036c212127a.c000.csv.gz
023012303,https://minedbuildings.z5.web.core.windows.net/global-buildings/2026-02-03/global-buildings.geojsonl/RegionName=UnitedStates/quadkey=023012303/part-00137-4feead82-d499-422b-94cb-c036c212127a.c000.csv.gz
023012310,https://minedbuildings.z5.web.core.windows.net/global-buildings/2026-02-03/global-buildings.geojsonl/RegionName=UnitedStates/quadkey=023012310/part-00055-4feead82-d499-422b-94cb-c036c212127a.c000.csv.gz
023012311,https://minedbuildings.z5.web.core.windows.net/global-buildings/2026-02-03/global-buildings.geojsonl/RegionName=UnitedStates/quadkey=023012311/part-00015-4feead82-d499-422b-94cb-c036c212127a.c000.csv.gz
023012312,https://minedbuildings.z5.web.core.windows.net/global-buildings/2026-02-03/global-buildings.geojsonl/RegionName=UnitedStates/quadkey=023012312/part-00173-4feead82-d499-422b-94cb-c036c212127a.c000.csv.gz
023012313,https://minedbuildings.z5.web.core.windows.net/global-buildings/2026-02-03/global-buildings.geojsonl/RegionName=UnitedStates/quadkey=023012313/part-00085-4feead82-d499-422b-94cb-c036c212127a.c000.csv.gz
023012331,https://minedbuildings.z5.web.core.windows.net/global-buildings/2026-02-03/global-buildings.geojsonl/RegionName=UnitedStates/quadkey=023012331/part-00109-4feead82-d499-422b-94cb-c036c212127a.c000.csv.gz
023013000,https://minedbuildings.z5.web.core.windows.net/global-buildings/2026-02-03/global-buildings.geojsonl/RegionName=UnitedStates/quadkey=023013000/part-00027-4feead82-d499-422b-94cb-c036c212127a.c000.csv.gz
023013001,https://minedbuildings.z5.web.core.windows.net/global-buildings/2026-02-03/global-buildings.geojsonl/RegionName=UnitedStates/quadkey=023013001/part-00146-4feead82-d499-422b-94cb-c036c212127a.c000.csv.gz
023013002,https://minedbuildings.z5.web.core.windows.net/global-buildings/2026-02-03/global-buildings.geojsonl/RegionName=UnitedStates/quadkey=023013002/part-00151-4feead82-d499-422b-94cb-c036c212127a.c000.csv.gz
023013003,https://minedbuildings.z5.web.core.windows.net/global-buildings/2026-02-03/global-buildings.geojsonl/RegionName=UnitedStates/quadkey=023013003/part-00126-4feead82-d499-422b-94cb-c036c212127a.c000.csv.gz
023013010,https://minedbuildings.z5.web.core.windows.net/global-buildings/2026-02-03/global-buildings.geojsonl/RegionName=UnitedStates/quadkey=023013010/part-00180-4feead82-d499-422b-94cb-c036c212127a.c000.csv.gz
023013011,https://minedbuildings.z5.web.core.windows.net/global-buildings/2026-02-03/global-buildings.geojsonl/RegionName=UnitedStates/quadkey=023013011/part-00093-4feead82-d499-422b-94cb-c036c212127a.c000.csv.gz
023013012,https://minedbuildings.z5.web.core.windows.net/global-buildings/2026-02-03/global-buildings.geojsonl/RegionName=UnitedStates/quadkey=023013012/part-00019-4feead82-d499-422b-94cb-c036c212127a.c000.csv.gz
023013013,https://minedbuildings.z5.web.core.windows.net/global-buildings/2026-02-03/global-buildings.geojsonl/RegionName=UnitedStates/quadkey=023013013/part-00167-4feead82-d499-422b-94cb-c036c212127a.c000.csv.gz
023013020,https://minedbuildings.z5.web.core.windows.net/global-buildings/2026-02-03/global-buildings.geojsonl/RegionName=UnitedStates/quadkey=023013020/part-00122-4feead82-d499-422b-94cb-c036c212127a.c000.csv.gz
023013021,https://minedbuildings.z5.web.core.windows.net/global-buildings/2026-02-03/global-buildings.geojsonl/RegionName=UnitedStates/quadkey=023013021/part-00033-4feead82-d499-422b-94cb-c036c212127a.c000.csv.gz
023013022,https://minedbuildings.z5.web.core.windows.net/global-buildings/2026-02-03/global-buildings.geojsonl/RegionName=UnitedStates/quadkey=023013022/part-00012-4feead82-d499-422b-94cb-c036c212127a.c000.csv.gz
023013023,https://minedbuildings.z5.web.core.windows.net/global-buildings/2026-02-03/global-buildings.geojsonl/RegionName=UnitedStates/quadkey=023013023/part-00147-4feead82-d499-422b-94cb-c036c212127a.c000.csv.gz
023013030,https://minedbuildings.z5.web.core.windows.net/global-buildings/2026-02-03/global-buildings.geojsonl/RegionName=UnitedStates/quadkey=023013030/part-00178-4feead82-d499-422b-94cb-c036c212127a.c000.csv.gz
023013031,https://minedbuildings.z5.web.core.windows.net/global-buildings/2026-02-03/global-buildings.geojsonl/RegionName=UnitedStates/quadkey=023013031/part-00158-4feead82-d499-422b-94cb-c036c212127a.c000.csv.gz
023013032,https://minedbuildings.z5.web.core.windows.net/global-buildings/2026-02-03/global-buildings.geojsonl/RegionName=UnitedStates/quadkey=023013032/part-00184-4feead82-d499-422b-94cb-c036c212127a.c000.csv.gz
023013033,https://minedbuildings.z5.web.core.windows.net/global-buildings/2026-02-03/global-buildings.geojsonl/RegionName=UnitedStates/quadkey=023013033/part-00099-4feead82-d499-422b-94cb-c036c212127a.c000.csv.gz
023013100,https://minedbuildings.z5.web.core.windows.net/global-buildings/2026-02-03/global-buildings.geojsonl/RegionName=UnitedStates/quadkey=023013100/part-00181-4feead82-d499-422b-94cb-c036c212127a.c000.csv.gz
023013101,https://minedbuildings.z5.web.core.windows.net/global-buildings/2026-02-03/global-buildings.geojsonl/RegionName=UnitedStates/quadkey=023013101/part-00150-4feead82-d499-422b-94cb-c036c212127a.c000.csv.gz
023013102,https://minedbuildings.z5.web.core.windows.net/global-buildings/2026-02-03/global-buildings.geojsonl/RegionName=UnitedStates/quadkey=023013102/part-00077-4feead82-d499-422b-94cb-c036c212127a.c000.csv.gz
023013103,https://minedbuildings.z5.web.core.windows.net/global-buildings/2026-02-03/global-buildings.geojsonl/RegionName=UnitedStates/quadkey=023013103/part-00163-4feead82-d499-422b-94cb-c036c212127a.c000.csv.gz
023013110,https://minedbuildings.z5.web.core.windows.net/global-buildings/2026-02-03/global-buildings.geojsonl/RegionName=UnitedStates/quadkey=023013110/part-00153-4feead82-d499-422b-94cb-c036c212127a.c000.csv.gz
023013111,https://minedbuildings.z5.web.core.windows.net/global-buildings/2026-02-03/global-buildings.geojsonl/RegionName=UnitedStates/quadkey=023013111/part-00139-4feead82-d499-422b-94cb-c036c212127a.c000.csv.gz
023013112,https://minedbuildings.z5.web.core.windows.net/global-buildings/2026-02-03/global-buildings.geojsonl/RegionName=UnitedStates/quadkey=023013112/part-00050-4feead82-d499-422b-94cb-c036c212127a.c000.csv.gz
023013113,https://minedbuildings.z5.web.core.windows.net/global-buildings/2026-02-03/global-buildings.geojsonl/RegionName=UnitedStates/quadkey=023013113/part-00039-4feead82-d499-422b-94cb-c036c212127a.c000.csv.gz
023013120,https://minedbuildings.z5.web.core.windows.net/global-buildings/2026-02-03/global-buildings.geojsonl/RegionName=UnitedStates/quadkey=023013120/part-00144-4feead82-d499-422b-94cb-c036c212127a.c000.csv.gz
023013121,https://minedbuildings.z5.web.core.windows.net/global-buildings/2026-02-03/global-buildings.geojsonl/RegionName=UnitedStates/quadkey=023013121/part-00093-4feead82-d499-422b-94cb-c036c212127a.c000.csv.gz
023013122,https://minedbuildings.z5.web.core.windows.net/global-buildings/2026-02-03/global-buildings.geojsonl/RegionName=UnitedStates/quadkey=023013122/part-00151-4feead82-d499-422b-94cb-c036c212127a.c000.csv.gz
023013123,https://minedbuildings.z5.web.core.windows.net/global-buildings/2026-02-03/global-buildings.geojsonl/RegionName=UnitedStates/quadkey=023013123/part-00018-4feead82-d499-422b-94cb-c036c212127a.c000.csv.gz
023013130,https://minedbuildings.z5.web.core.windows.net/global-buildings/2026-02-03/global-buildings.geojsonl/RegionName=UnitedStates/quadkey=023013130/part-00153-4feead82-d499-422b-94cb-c036c212127a.c000.csv.gz
023013131,https://minedbuildings.z5.web.core.windows.net/global-buildings/2026-02-03/global-buildings.geojsonl/RegionName=UnitedStates/quadkey=023013131/part-00141-4feead82-d499-422b-94cb-c036c212127a.c000.csv.gz
023013132,https://minedbuildings.z5.web.core.windows.net/global-buildings/2026-02-03/global-buildings.geojsonl/RegionName=UnitedStates/quadkey=023013132/part-00021-4feead82-d499-422b-94cb-c036c212127a.c000.csv.gz
023013133,https://minedbuildings.z5.web.core.windows.net/global-buildings/2026-02-03/global-buildings.geojsonl/RegionName=UnitedStates/quadkey=023013133/part-00177-4feead82-d499-422b-94cb-c036c212127a.c000.csv.gz
023013200,https://minedbuildings.z5.web.core.windows.net/global-buildings/2026-02-03/global-buildings.geojsonl/RegionName=UnitedStates/quadkey=023013200/part-00111-4feead82-d499-422b-94cb-c036c212127a.c000.csv.gz
023013201,https://minedbuildings.z5.web.core.windows.net/global-buildings/2026-02-03/global-buildings.geojsonl/RegionName=UnitedStates/quadkey=023013201/part-00163-4feead82-d499-422b-94cb-c036c212127a.c000.csv.gz
023013202,https://minedbuildings.z5.web.core.windows.net/global-buildings/2026-02-03/global-buildings.geojsonl/RegionName=UnitedStates/quadkey=023013202/part-00128-4feead82-d499-422b-94cb-c036c212127a.c000.csv.gz
023013203,https://minedbuildings.z5.web.core.windows.net/global-buildings/2026-02-03/global-buildings.geojsonl/RegionName=UnitedStates/quadkey=023013203/part-00000-4feead82-d499-422b-94cb-c036c212127a.c000.csv.gz
023013210,https://minedbuildings.z5.web.core.windows.net/global-buildings/2026-02-03/global-buildings.geojsonl/RegionName=UnitedStates/quadkey=023013210/part-00173-4feead82-d499-422b-94cb-c036c212127a.c000.csv.gz
023013211,https://minedbuildings.z5.web.core.windows.net/global-buildings/2026-02-03/global-buildings.geojsonl/RegionName=UnitedStates/quadkey=023013211/part-00096-4feead82-d499-422b-94cb-c036c212127a.c000.csv.gz
023013212,https://minedbuildings.z5.web.core.windows.net/global-buildings/2026-02-03/global-buildings.geojsonl/RegionName=UnitedStates/quadkey=023013212/part-00122-4feead82-d499-422b-94cb-c036c212127a.c000.csv.gz
023013213,https://minedbuildings.z5.web.core.windows.net/global-buildings/2026-02-03/global-buildings.geojsonl/RegionName=UnitedStates/quadkey=023013213/part-00182-4feead82-d499-422b-94cb-c036c212127a.c000.csv.gz
023013221,https://minedbuildings.z5.web.core.windows.net/global-buildings/2026-02-03/global-buildings.geojsonl/RegionName=UnitedStates/quadkey=023013221/part-00065-4feead82-d499-422b-94cb-c036c212127a.c000.csv.gz
023013223,https://minedbuildings.z5.web.core.windows.net/global-buildings/2026-02-03/global-buildings.geojsonl/RegionName=UnitedStates/quadkey=023013223/part-00149-4feead82-d499-422b-94cb-c036c212127a.c000.csv.gz
023013230,https://minedbuildings.z5.web.core.windows.net/global-buildings/2026-02-03/global-buildings.geojsonl/RegionName=UnitedStates/quadkey=023013230/part-00157-4feead82-d499-422b-94cb-c036c212127a.c000.csv.gz
023013231,https://minedbuildings.z5.web.core.windows.net/global-buildings/2026-02-03/global-buildings.geojsonl/RegionName=UnitedStates/quadkey=023013231/part-00041-4feead82-d499-422b-94cb-c036c212127a.c000.csv.gz
023013300,https://minedbuildings.z5.web.core.windows.net/global-buildings/2026-02-03/global-buildings.geojsonl/RegionName=UnitedStates/quadkey=023013300/part-00058-4feead82-d499-422b-94cb-c036c212127a.c000.csv.gz
023013301,https://minedbuildings.z5.web.core.windows.net/global-buildings/2026-02-03/global-buildings.geojsonl/RegionName=UnitedStates/quadkey=023013301/part-00150-4feead82-d499-422b-94cb-c036c212127a.c000.csv.gz
023013302,https://minedbuildings.z5.web.core.windows.net/global-buildings/2026-02-03/global-buildings.geojsonl/RegionName=UnitedStates/quadkey=023013302/part-00107-4feead82-d499-422b-94cb-c036c212127a.c000.csv.gz
023013303,https://minedbuildings.z5.web.core.windows.net/global-buildings/2026-02-03/global-buildings.geojsonl/RegionName=UnitedStates/quadkey=023013303/part-00103-4feead82-d499-422b-94cb-c036c212127a.c000.csv.gz
023013310,https://minedbuildings.z5.web.core.windows.net/global-buildings/2026-02-03/global-buildings.geojsonl/RegionName=UnitedStates/quadkey=023013310/part-00043-4feead82-d499-422b-94cb-c036c212127a.c000.csv.gz
023013311,https://minedbuildings.z5.web.core.windows.net/global-buildings/2026-02-03/global-buildings.geojsonl/RegionName=UnitedStates/quadkey=023013311/part-00100-4feead82-d499-422b-94cb-c036c212127a.c000.csv.gz
023013312,https://minedbuildings.z5.web.core.windows.net/global-buildings/2026-02-03/global-buildings.geojsonl/RegionName=UnitedStates/quadkey=023013312/part-00167-4feead82-d499-422b-94cb-c036c212127a.c000.csv.gz
023013313,https://minedbuildings.z5.web.core.windows.net/global-buildings/2026-02-03/global-buildings.geojsonl/RegionName=UnitedStates/quadkey=023013313/part-00038-4feead82-d499-422b-94cb-c036c212127a.c000.csv.gz
023013320,https://minedbuildings.z5.web.core.windows.net/global-buildings/2026-02-03/global-buildings.geojsonl/RegionName=UnitedStates/quadkey=023013320/part-00180-4feead82-d499-422b-94cb-c036c212127a.c000.csv.gz
023013321,https://minedbuildings.z5.web.core.windows.net/global-buildings/2026-02-03/global-buildings.geojsonl/RegionName=UnitedStates/quadkey=023013321/part-00031-4feead82-d499-422b-94cb-c036c212127a.c000.csv.gz
023013322,https://minedbuildings.z5.web.core.windows.net/global-buildings/2026-02-03/global-buildings.geojsonl/RegionName=UnitedStates/quadkey=023013322/part-00099-4feead82-d499-422b-94cb-c036c212127a.c000.csv.gz
023013323,https://minedbuildings.z5.web.core.windows.net/global-buildings/2026-02-03/global-buildings.geojsonl/RegionName=UnitedStates/quadkey=023013323/part-00066-4feead82-d499-422b-94cb-c036c212127a.c000.csv.gz
023013330,https://minedbuildings.z5.web.core.windows.net/global-buildings/2026-02-03/global-buildings.geojsonl/RegionName=UnitedStates/quadkey=023013330/part-00055-4feead82-d499-422b-94cb-c036c212127a.c000.csv.gz
023013331,https://minedbuildings.z5.web.core.windows.net/global-buildings/2026-02-03/global-buildings.geojsonl/RegionName=UnitedStates/quadkey=023013331/part-00010-4feead82-d499-422b-94cb-c036c212127a.c000.csv.gz
023013332,https://minedbuildings.z5.web.core.windows.net/global-buildings/2026-02-03/global-buildings.geojsonl/RegionName=UnitedStates/quadkey=023013332/part-00165-4feead82-d499-422b-94cb-c036c212127a.c000.csv.gz
023013333,https://minedbuildings.z5.web.core.windows.net/global-buildings/2026-02-03/global-buildings.geojsonl/RegionName=UnitedStates/quadkey=023013333/part-00160-4feead82-d499-422b-94cb-c036c212127a.c000.csv.gz
023031111,https://minedbuildings.z5.web.core.windows.net/global-buildings/2026-02-03/global-buildings.geojsonl/RegionName=UnitedStates/quadkey=023031111/part-00096-4feead82-d499-422b-94cb-c036c212127a.c000.csv.gz
023100000,https://minedbuildings.z5.web.core.windows.net/global-buildings/2026-02-03/global-buildings.geojsonl/RegionName=UnitedStates/quadkey=023100000/part-00051-4feead82-d499-422b-94cb-c036c212127a.c000.csv.gz
023100001,https://minedbuildings.z5.web.core.windows.net/global-buildings/2026-02-03/global-buildings.geojsonl/RegionName=UnitedStates/quadkey=023100001/part-00021-4feead82-d499-422b-94cb-c036c212127a.c000.csv.gz
023100002,https://minedbuildings.z5.web.core.windows.net/global-buildings/2026-02-03/global-buildings.geojsonl/RegionName=UnitedStates/quadkey=023100002/part-00010-4feead82-d499-422b-94cb-c036c212127a.c000.csv.gz
023100003,https://minedbuildings.z5.web.core.windows.net/global-buildings/2026-02-03/global-buildings.geojsonl/RegionName=UnitedStates/quadkey=023100003/part-00046-4feead82-d499-422b-94cb-c036c212127a.c000.csv.gz
023100010,https://minedbuildings.z5.web.core.windows.net/global-buildings/2026-02-03/global-buildings.geojsonl/RegionName=UnitedStates/quadkey=023100010/part-00095-4feead82-d499-422b-94cb-c036c212127a.c000.csv.gz
023100011,https://minedbuildings.z5.web.core.windows.net/global-buildings/2026-02-03/global-buildings.geojsonl/RegionName=UnitedStates/quadkey=023100011/part-00037-4feead82-d499-422b-94cb-c036c212127a.c000.csv.gz
023100012,https://minedbuildings.z5.web.core.windows.net/global-buildings/2026-02-03/global-buildings.geojsonl/RegionName=UnitedStates/quadkey=023100012/part-00076-4feead82-d499-422b-94cb-c036c212127a.c000.csv.gz
023100013,https://minedbuildings.z5.web.core.windows.net/global-buildings/2026-02-03/global-buildings.geojsonl/RegionName=UnitedStates/quadkey=023100013/part-00173-4feead82-d499-422b-94cb-c036c212127a.c000.csv.gz
023100020,https://minedbuildings.z5.web.core.windows.net/global-buildings/2026-02-03/global-buildings.geojsonl/RegionName=UnitedStates/quadkey=023100020/part-00150-4feead82-d499-422b-94cb-c036c212127a.c000.csv.gz
023100021,https://minedbuildings.z5.web.core.windows.net/global-buildings/2026-02-03/global-buildings.geojsonl/RegionName=UnitedStates/quadkey=023100021/part-00113-4feead82-d499-422b-94cb-c036c212127a.c000.csv.gz
023100022,https://minedbuildings.z5.web.core.windows.net/global-buildings/2026-02-03/global-buildings.geojsonl/RegionName=UnitedStates/quadkey=023100022/part-00123-4feead82-d499-422b-94cb-c036c212127a.c000.csv.gz
023100023,https://minedbuildings.z5.web.core.windows.net/global-buildings/2026-02-03/global-buildings.geojsonl/RegionName=UnitedStates/quadkey=023100023/part-00096-4feead82-d499-422b-94cb-c036c212127a.c000.csv.gz
023100030,https://minedbuildings.z5.web.core.windows.net/global-buildings/2026-02-03/global-buildings.geojsonl/RegionName=UnitedStates/quadkey=023100030/part-00162-4feead82-d499-422b-94cb-c036c212127a.c000.csv.gz
023100031,https://minedbuildings.z5.web.core.windows.net/global-buildings/2026-02-03/global-buildings.geojsonl/RegionName=UnitedStates/quadkey=023100031/part-00151-4feead82-d499-422b-94cb-c036c212127a.c000.csv.gz
023100032,https://minedbuildings.z5.web.core.windows.net/global-buildings/2026-02-03/global-buildings.geojsonl/RegionName=UnitedStates/quadkey=023100032/part-00030-4feead82-d499-422b-94cb-c036c212127a.c000.csv.gz
023100033,https://minedbuildings.z5.web.core.windows.net/global-buildings/2026-02-03/global-buildings.geojsonl/RegionName=UnitedStates/quadkey=023100033/part-00182-4feead82-d499-422b-94cb-c036c212127a.c000.csv.gz
023100100,https://minedbuildings.z5.web.core.windows.net/global-buildings/2026-02-03/global-buildings.geojsonl/RegionName=UnitedStates/quadkey=023100100/part-00059-4feead82-d499-422b-94cb-c036c212127a.c000.csv.gz
023100101,https://minedbuildings.z5.web.core.windows.net/global-buildings/2026-02-03/global-buildings.geojsonl/RegionName=UnitedStates/quadkey=023100101/part-00097-4feead82-d499-422b-94cb-c036c212127a.c000.csv.gz
023100102,https://minedbuildings.z5.web.core.windows.net/global-buildings/2026-02-03/global-buildings.geojsonl/RegionName=UnitedStates/quadkey=023100102/part-00186-4feead82-d499-422b-94cb-c036c212127a.c000.csv.gz
023100103,https://minedbuildings.z5.web.core.windows.net/global-buildings/2026-02-03/global-buildings.geojsonl/RegionName=UnitedStates/quadkey=023100103/part-00120-4feead82-d499-422b-94cb-c036c212127a.c000.csv.gz
023100110,https://minedbuildings.z5.web.core.windows.net/global-buildings/2026-02-03/global-buildings.geojsonl/RegionName=UnitedStates/quadkey=023100110/part-00108-4feead82-d499-422b-94cb-c036c212127a.c000.csv.gz
023100111,https://minedbuildings.z5.web.core.windows.net/global-buildings/2026-02-03/global-buildings.geojsonl/RegionName=UnitedStates/quadkey=023100111/part-00126-4feead82-d499-422b-94cb-c036c212127a.c000.csv.gz
023100112,https://minedbuildings.z5.web.core.windows.net/global-buildings/2026-02-03/global-buildings.geojsonl/RegionName=UnitedStates/quadkey=023100112/part-00103-4feead82-d499-422b-94cb-c036c212127a.c000.csv.gz
023100113,https://minedbuildings.z5.web.core.windows.net/global-buildings/2026-02-03/global-buildings.geojsonl/RegionName=UnitedStates/quadkey=023100113/part-00128-4feead82-d499-422b-94cb-c036c212127a.c000.csv.gz
023100120,https://minedbuildings.z5.web.core.windows.net/global-buildings/2026-02-03/global-buildings.geojsonl/RegionName=UnitedStates/quadkey=023100120/part-00054-4feead82-d499-422b-94cb-c036c212127a.c000.csv.gz
023100121,https://minedbuildings.z5.web.core.windows.net/global-buildings/2026-02-03/global-buildings.geojsonl/RegionName=UnitedStates/quadkey=023100121/part-00056-4feead82-d499-422b-94cb-c036c212127a.c000.csv.gz
023100122,https://minedbuildings.z5.web.core.windows.net/global-buildings/2026-02-03/global-buildings.geojsonl/RegionName=UnitedStates/quadkey=023100122/part-00056-4feead82-d499-422b-94cb-c036c212127a.c000.csv.gz
023100123,https://minedbuildings.z5.web.core.windows.net/global-buildings/2026-02-03/global-buildings.geojsonl/RegionName=UnitedStates/quadkey=023100123/part-00057-4feead82-d499-422b-94cb-c036c212127a.c000.csv.gz
023100130,https://minedbuildings.z5.web.core.windows.net/global-buildings/2026-02-03/global-buildings.geojsonl/RegionName=UnitedStates/quadkey=023100130/part-00148-4feead82-d499-422b-94cb-c036c212127a.c000.csv.gz
023100131,https://minedbuildings.z5.web.core.windows.net/global-buildings/2026-02-03/global-buildings.geojsonl/RegionName=UnitedStates/quadkey=023100131/part-00029-4feead82-d499-422b-94cb-c036c212127a.c000.csv.gz
023100132,https://minedbuildings.z5.web.core.windows.net/global-buildings/2026-02-03/global-buildings.geojsonl/RegionName=UnitedStates/quadkey=023100132/part-00051-4feead82-d499-422b-94cb-c036c212127a.c000.csv.gz
023100133,https://minedbuildings.z5.web.core.windows.net/global-buildings/2026-02-03/global-buildings.geojsonl/RegionName=UnitedStates/quadkey=023100133/part-00118-4feead82-d499-422b-94cb-c036c212127a.c000.csv.gz
023100200,https://minedbuildings.z5.web.core.windows.net/global-buildings/2026-02-03/global-buildings.geojsonl/RegionName=UnitedStates/quadkey=023100200/part-00075-4feead82-d499-422b-94cb-c036c212127a.c000.csv.gz
023100201,https://minedbuildings.z5.web.core.windows.net/global-buildings/2026-02-03/global-buildings.geojsonl/RegionName=UnitedStates/quadkey=023100201/part-00016-4feead82-d499-422b-94cb-c036c212127a.c000.csv.gz
023100202,https://minedbuildings.z5.web.core.windows.net/global-buildings/2026-02-03/global-buildings.geojsonl/RegionName=UnitedStates/quadkey=023100202/part-00091-4feead82-d499-422b-94cb-c036c212127a.c000.csv.gz
023100203,https://minedbuildings.z5.web.core.windows.net/global-buildings/2026-02-03/global-buildings.geojsonl/RegionName=UnitedStates/quadkey=023100203/part-00039-4feead82-d499-422b-94cb-c036c212127a.c000.csv.gz
023100210,https://minedbuildings.z5.web.core.windows.net/global-buildings/2026-02-03/global-buildings.geojsonl/RegionName=UnitedStates/quadkey=023100210/part-00028-4feead82-d499-422b-94cb-c036c212127a.c000.csv.gz
023100211,https://minedbuildings.z5.web.core.windows.net/global-buildings/2026-02-03/global-buildings.geojsonl/RegionName=UnitedStates/quadkey=023100211/part-00032-4feead82-d499-422b-94cb-c036c212127a.c000.csv.gz
023100212,https://minedbuildings.z5.web.core.windows.net/global-buildings/2026-02-03/global-buildings.geojsonl/RegionName=UnitedStates/quadkey=023100212/part-00149-4feead82-d499-422b-94cb-c036c212127a.c000.csv.gz
023100213,https://minedbuildings.z5.web.core.windows.net/global-buildings/2026-02-03/global-buildings.geojsonl/RegionName=UnitedStates/quadkey=023100213/part-00022-4feead82-d499-422b-94cb-c036c212127a.c000.csv.gz
023100220,https://minedbuildings.z5.web.core.windows.net/global-buildings/2026-02-03/global-buildings.geojsonl/RegionName=UnitedStates/quadkey=023100220/part-00166-4feead82-d499-422b-94cb-c036c212127a.c000.csv.gz
023100221,https://minedbuildings.z5.web.core.windows.net/global-buildings/2026-02-03/global-buildings.geojsonl/RegionName=UnitedStates/quadkey=023100221/part-00155-4feead82-d499-422b-94cb-c036c212127a.c000.csv.gz
023100222,https://minedbuildings.z5.web.core.windows.net/global-buildings/2026-02-03/global-buildings.geojsonl/RegionName=UnitedStates/quadkey=023100222/part-00066-4feead82-d499-422b-94cb-c036c212127a.c000.csv.gz
023100223,https://minedbuildings.z5.web.core.windows.net/global-buildings/2026-02-03/global-buildings.geojsonl/RegionName=UnitedStates/quadkey=023100223/part-00157-4feead82-d499-422b-94cb-c036c212127a.c000.csv.gz
023100230,https://minedbuildings.z5.web.core.windows.net/global-buildings/2026-02-03/global-buildings.geojsonl/RegionName=UnitedStates/quadkey=023100230/part-00034-4feead82-d499-422b-94cb-c036c212127a.c000.csv.gz
023100231,https://minedbuildings.z5.web.core.windows.net/global-buildings/2026-02-03/global-buildings.geojsonl/RegionName=UnitedStates/quadkey=023100231/part-00023-4feead82-d499-422b-94cb-c036c212127a.c000.csv.gz
023100232,https://minedbuildings.z5.web.core.windows.net/global-buildings/2026-02-03/global-buildings.geojsonl/RegionName=UnitedStates/quadkey=023100232/part-00054-4feead82-d499-422b-94cb-c036c212127a.c000.csv.gz
023100233,https://minedbuildings.z5.web.core.windows.net/global-buildings/2026-02-03/global-buildings.geojsonl/RegionName=UnitedStates/quadkey=023100233/part-00146-4feead82-d499-422b-94cb-c036c212127a.c000.csv.gz
023100300,https://minedbuildings.z5.web.core.windows.net/global-buildings/2026-02-03/global-buildings.geojsonl/RegionName=UnitedStates/quadkey=023100300/part-00134-4feead82-d499-422b-94cb-c036c212127a.c000.csv.gz
023100301,https://minedbuildings.z5.web.core.windows.net/global-buildings/2026-02-03/global-buildings.geojsonl/RegionName=UnitedStates/quadkey=023100301/part-00076-4feead82-d499-422b-94cb-c036c212127a.c000.csv.gz
023100302,https://minedbuildings.z5.web.core.windows.net/global-buildings/2026-02-03/global-buildings.geojsonl/RegionName=UnitedStates/quadkey=023100302/part-00117-4feead82-d499-422b-94cb-c036c212127a.c000.csv.gz
023100303,https://minedbuildings.z5.web.core.windows.net/global-buildings/2026-02-03/global-buildings.geojsonl/RegionName=UnitedStates/quadkey=023100303/part-00141-4feead82-d499-422b-94cb-c036c212127a.c000.csv.gz
023100310,https://minedbuildings.z5.web.core.windows.net/global-buildings/2026-02-03/global-buildings.geojsonl/RegionName=UnitedStates/quadkey=023100310/part-00130-4feead82-d499-422b-94cb-c036c212127a.c000.csv.gz
023100311,https://minedbuildings.z5.web.core.windows.net/global-buildings/2026-02-03/global-buildings.geojsonl/RegionName=UnitedStates/quadkey=023100311/part-00182-4feead82-d499-422b-94cb-c036c212127a.c000.csv.gz
023100312,https://minedbuildings.z5.web.core.windows.net/global-buildings/2026-02-03/global-buildings.geojsonl/RegionName=UnitedStates/quadkey=023100312/part-00084-4feead82-d499-422b-94cb-c036c212127a.c000.csv.gz
023100313,https://minedbuildings.z5.web.core.windows.net/global-buildings/2026-02-03/global-buildings.geojsonl/RegionName=UnitedStates/quadkey=023100313/part-00083-4feead82-d499-422b-94cb-c036c212127a.c000.csv.gz
023100320,https://minedbuildings.z5.web.core.windows.net/global-buildings/2026-02-03/global-buildings.geojsonl/RegionName=UnitedStates/quadkey=023100320/part-00152-4feead82-d499-422b-94cb-c036c212127a.c000.csv.gz
023100321,https://minedbuildings.z5.web.core.windows.net/global-buildings/2026-02-03/global-buildings.geojsonl/RegionName=UnitedStates/quadkey=023100321/part-00101-4feead82-d499-422b-94cb-c036c212127a.c000.csv.gz
023100322,https://minedbuildings.z5.web.core.windows.net/global-buildings/2026-02-03/global-buildings.geojsonl/RegionName=UnitedStates/quadkey=023100322/part-00117-4feead82-d499-422b-94cb-c036c212127a.c000.csv.gz
023100323,https://minedbuildings.z5.web.core.windows.net/global-buildings/2026-02-03/global-buildings.geojsonl/RegionName=UnitedStates/quadkey=023100323/part-00122-4feead82-d499-422b-94cb-c036c212127a.c000.csv.gz
023100330,https://minedbuildings.z5.web.core.windows.net/global-buildings/2026-02-03/global-buildings.geojsonl/RegionName=UnitedStates/quadkey=023100330/part-00034-4feead82-d499-422b-94cb-c036c212127a.c000.csv.gz
023100331,https://minedbuildings.z5.web.core.windows.net/global-buildings/2026-02-03/global-buildings.geojsonl/RegionName=UnitedStates/quadkey=023100331/part-00135-4feead82-d499-422b-94cb-c036c212127a.c000.csv.gz
023100332,https://minedbuildings.z5.web.core.windows.net/global-buildings/2026-02-03/global-buildings.geojsonl/RegionName=UnitedStates/quadkey=023100332/part-00142-4feead82-d499-422b-94cb-c036c212127a.c000.csv.gz
023100333,https://minedbuildings.z5.web.core.windows.net/global-buildings/2026-02-03/global-buildings.geojsonl/RegionName=UnitedStates/quadkey=023100333/part-00043-4feead82-d499-422b-94cb-c036c212127a.c000.csv.gz
023101000,https://minedbuildings.z5.web.core.windows.net/global-buildings/2026-02-03/global-buildings.geojsonl/RegionName=UnitedStates/quadkey=023101000/part-00075-4feead82-d499-422b-94cb-c036c212127a.c000.csv.gz
023101001,https://minedbuildings.z5.web.core.windows.net/global-buildings/2026-02-03/global-buildings.geojsonl/RegionName=UnitedStates/quadkey=023101001/part-00018-4feead82-d499-422b-94cb-c036c212127a.c000.csv.gz
023101002,https://minedbuildings.z5.web.core.windows.net/global-buildings/2026-02-03/global-buildings.geojsonl/RegionName=UnitedStates/quadkey=023101002/part-00001-4feead82-d499-422b-94cb-c036c212127a.c000.csv.gz
023101003,https://minedbuildings.z5.web.core.windows.net/global-buildings/2026-02-03/global-buildings.geojsonl/RegionName=UnitedStates/quadkey=023101003/part-00010-4feead82-d499-422b-94cb-c036c212127a.c000.csv.gz
023101010,https://minedbuildings.z5.web.core.windows.net/global-buildings/2026-02-03/global-buildings.geojsonl/RegionName=UnitedStates/quadkey=023101010/part-00048-4feead82-d499-422b-94cb-c036c212127a.c000.csv.gz
023101011,https://minedbuildings.z5.web.core.windows.net/global-buildings/2026-02-03/global-buildings.geojsonl/RegionName=UnitedStates/quadkey=023101011/part-00011-4feead82-d499-422b-94cb-c036c212127a.c000.csv.gz
023101012,https://minedbuildings.z5.web.core.windows.net/global-buildings/2026-02-03/global-buildings.geojsonl/RegionName=UnitedStates/quadkey=023101012/part-00034-4feead82-d499-422b-94cb-c036c212127a.c000.csv.gz
023101013,https://minedbuildings.z5.web.core.windows.net/global-buildings/2026-02-03/global-buildings.geojsonl/RegionName=UnitedStates/quadkey=023101013/part-00081-4feead82-d499-422b-94cb-c036c212127a.c000.csv.gz
023101020,https://minedbuildings.z5.web.core.windows.net/global-buildings/2026-02-03/global-buildings.geojsonl/RegionName=UnitedStates/quadkey=023101020/part-00090-4feead82-d499-422b-94cb-c036c212127a.c000.csv.gz
023101021,https://minedbuildings.z5.web.core.windows.net/global-buildings/2026-02-03/global-buildings.geojsonl/RegionName=UnitedStates/quadkey=023101021/part-00020-4feead82-d499-422b-94cb-c036c212127a.c000.csv.gz
023101022,https://minedbuildings.z5.web.core.windows.net/global-buildings/2026-02-03/global-buildings.geojsonl/RegionName=UnitedStates/quadkey=023101022/part-00009-4feead82-d499-422b-94cb-c036c212127a.c000.csv.gz
023101023,https://minedbuildings.z5.web.core.windows.net/global-buildings/2026-02-03/global-buildings.geojsonl/RegionName=UnitedStates/quadkey=023101023/part-00121-4feead82-d499-422b-94cb-c036c212127a.c000.csv.gz
023101030,https://minedbuildings.z5.web.core.windows.net/global-buildings/2026-02-03/global-buildings.geojsonl/RegionName=UnitedStates/quadkey=023101030/part-00032-4feead82-d499-422b-94cb-c036c212127a.c000.csv.gz
023101031,https://minedbuildings.z5.web.core.windows.net/global-buildings/2026-02-03/global-buildings.geojsonl/RegionName=UnitedStates/quadkey=023101031/part-00031-4feead82-d499-422b-94cb-c036c212127a.c000.csv.gz
023101032,https://minedbuildings.z5.web.core.windows.net/global-buildings/2026-02-03/global-buildings.geojsonl/RegionName=UnitedStates/quadkey=023101032/part-00085-4feead82-d499-422b-94cb-c036c212127a.c000.csv.gz
023101033,https://minedbuildings.z5.web.core.windows.net/global-buildings/2026-02-03/global-buildings.geojsonl/RegionName=UnitedStates/quadkey=023101033/part-00073-4feead82-d499-422b-94cb-c036c212127a.c000.csv.gz
023101100,https://minedbuildings.z5.web.core.windows.net/global-buildings/2026-02-03/global-buildings.geojsonl/RegionName=UnitedStates/quadkey=023101100/part-00119-4feead82-d499-422b-94cb-c036c212127a.c000.csv.gz
023101101,https://minedbuildings.z5.web.core.windows.net/global-buildings/2026-02-03/global-buildings.geojsonl/RegionName=UnitedStates/quadkey=023101101/part-00018-4feead82-d499-422b-94cb-c036c212127a.c000.csv.gz
023101102,https://minedbuildings.z5.web.core.windows.net/global-buildings/2026-02-03/global-buildings.geojsonl/RegionName=UnitedStates/quadkey=023101102/part-00168-4feead82-d499-422b-94cb-c036c212127a.c000.csv.gz
023101103,https://minedbuildings.z5.web.core.windows.net/global-buildings/2026-02-03/global-buildings.geojsonl/RegionName=UnitedStates/quadkey=023101103/part-00061-4feead82-d499-422b-94cb-c036c212127a.c000.csv.gz
023101110,https://minedbuildings.z5.web.core.windows.net/global-buildings/2026-02-03/global-buildings.geojsonl/RegionName=UnitedStates/quadkey=023101110/part-00077-4feead82-d499-422b-94cb-c036c212127a.c000.csv.gz
023101111,https://minedbuildings.z5.web.core.windows.net/global-buildings/2026-02-03/global-buildings.geojsonl/RegionName=UnitedStates/quadkey=023101111/part-00143-4feead82-d499-422b-94cb-c036c212127a.c000.csv.gz
023101112,https://minedbuildings.z5.web.core.windows.net/global-buildings/2026-02-03/global-buildings.geojsonl/RegionName=UnitedStates/quadkey=023101112/part-00182-4feead82-d499-422b-94cb-c036c212127a.c000.csv.gz
023101113,https://minedbuildings.z5.web.core.windows.net/global-buildings/2026-02-03/global-buildings.geojsonl/RegionName=UnitedStates/quadkey=023101113/part-00043-4feead82-d499-422b-94cb-c036c212127a.c000.csv.gz
023101120,https://minedbuildings.z5.web.core.windows.net/global-buildings/2026-02-03/global-buildings.geojsonl/RegionName=UnitedStates/quadkey=023101120/part-00090-4feead82-d499-422b-94cb-c036c212127a.c000.csv.gz
023101121,https://minedbuildings.z5.web.core.windows.net/global-buildings/2026-02-03/global-buildings.geojsonl/RegionName=UnitedStates/quadkey=023101121/part-00091-4feead82-d499-422b-94cb-c036c212127a.c000.csv.gz
023101122,https://minedbuildings.z5.web.core.windows.net/global-buildings/2026-02-03/global-buildings.geojsonl/RegionName=UnitedStates/quadkey=023101122/part-00083-4feead82-d499-422b-94cb-c036c212127a.c000.csv.gz
023101123,https://minedbuildings.z5.web.core.windows.net/global-buildings/2026-02-03/global-buildings.geojsonl/RegionName=UnitedStates/quadkey=023101123/part-00089-4feead82-d499-422b-94cb-c036c212127a.c000.csv.gz
023101130,https://minedbuildings.z5.web.core.windows.net/global-buildings/2026-02-03/global-buildings.geojsonl/RegionName=UnitedStates/quadkey=023101130/part-00104-4feead82-d499-422b-94cb-c036c212127a.c000.csv.gz
023101131,https://minedbuildings.z5.web.core.windows.net/global-buildings/2026-02-03/global-buildings.geojsonl/RegionName=UnitedStates/quadkey=023101131/part-00098-4feead82-d499-422b-94cb-c036c212127a.c000.csv.gz
023101132,https://minedbuildings.z5.web.core.windows.net/global-buildings/2026-02-03/global-buildings.geojsonl/RegionName=UnitedStates/quadkey=023101132/part-00022-4feead82-d499-422b-94cb-c036c212127a.c000.csv.gz
023101133,https://minedbuildings.z5.web.core.windows.net/global-buildings/2026-02-03/global-buildings.geojsonl/RegionName=UnitedStates/quadkey=023101133/part-00027-4feead82-d499-422b-94cb-c036c212127a.c000.csv.gz
023101200,https://minedbuildings.z5.web.core.windows.net/global-buildings/2026-02-03/global-buildings.geojsonl/RegionName=UnitedStates/quadkey=023101200/part-00044-4feead82-d499-422b-94cb-c036c212127a.c000.csv.gz
023101201,https://minedbuildings.z5.web.core.windows.net/global-buildings/2026-02-03/global-buildings.geojsonl/RegionName=UnitedStates/quadkey=023101201/part-00113-4feead82-d499-422b-94cb-c036c212127a.c000.csv.gz
023101202,https://minedbuildings.z5.web.core.windows.net/global-buildings/2026-02-03/global-buildings.geojsonl/RegionName=UnitedStates/quadkey=023101202/part-00090-4feead82-d499-422b-94cb-c036c212127a.c000.csv.gz
023101203,https://minedbuildings.z5.web.core.windows.net/global-buildings/2026-02-03/global-buildings.geojsonl/RegionName=UnitedStates/quadkey=023101203/part-00074-4feead82-d499-422b-94cb-c036c212127a.c000.csv.gz
023101210,https://minedbuildings.z5.web.core.windows.net/global-buildings/2026-02-03/global-buildings.geojsonl/RegionName=UnitedStates/quadkey=023101210/part-00165-4feead82-d499-422b-94cb-c036c212127a.c000.csv.gz
023101211,https://minedbuildings.z5.web.core.windows.net/global-buildings/2026-02-03/global-buildings.geojsonl/RegionName=UnitedStates/quadkey=023101211/part-00145-4feead82-d499-422b-94cb-c036c212127a.c000.csv.gz
023101212,https://minedbuildings.z5.web.core.windows.net/global-buildings/2026-02-03/global-buildings.geojsonl/RegionName=UnitedStates/quadkey=023101212/part-00166-4feead82-d499-422b-94cb-c036c212127a.c000.csv.gz
023101213,https://minedbuildings.z5.web.core.windows.net/global-buildings/2026-02-03/global-buildings.geojsonl/RegionName=UnitedStates/quadkey=023101213/part-00062-4feead82-d499-422b-94cb-c036c212127a.c000.csv.gz
023101220,https://minedbuildings.z5.web.core.windows.net/global-buildings/2026-02-03/global-buildings.geojsonl/RegionName=UnitedStates/quadkey=023101220/part-00030-4feead82-d499-422b-94cb-c036c212127a.c000.csv.gz
023101221,https://minedbuildings.z5.web.core.windows.net/global-buildings/2026-02-03/global-buildings.geojsonl/RegionName=UnitedStates/quadkey=023101221/part-00042-4feead82-d499-422b-94cb-c036c212127a.c000.csv.gz
023101222,https://minedbuildings.z5.web.core.windows.net/global-buildings/2026-02-03/global-buildings.geojsonl/RegionName=UnitedStates/quadkey=023101222/part-00013-4feead82-d499-422b-94cb-c036c212127a.c000.csv.gz
023101223,https://minedbuildings.z5.web.core.windows.net/global-buildings/2026-02-03/global-buildings.geojsonl/RegionName=UnitedStates/quadkey=023101223/part-00157-4feead82-d499-422b-94cb-c036c212127a.c000.csv.gz
023101230,https://minedbuildings.z5.web.core.windows.net/global-buildings/2026-02-03/global-buildings.geojsonl/RegionName=UnitedStates/quadkey=023101230/part-00088-4feead82-d499-422b-94cb-c036c212127a.c000.csv.gz
023101231,https://minedbuildings.z5.web.core.windows.net/global-buildings/2026-02-03/global-buildings.geojsonl/RegionName=UnitedStates/quadkey=023101231/part-00075-4feead82-d499-422b-94cb-c036c212127a.c000.csv.gz
023101232,https://minedbuildings.z5.web.core.windows.net/global-buildings/2026-02-03/global-buildings.geojsonl/RegionName=UnitedStates/quadkey=023101232/part-00086-4feead82-d499-422b-94cb-c036c212127a.c000.csv.gz
023101233,https://minedbuildings.z5.web.core.windows.net/global-buildings/2026-02-03/global-buildings.geojsonl/RegionName=UnitedStates/quadkey=023101233/part-00014-4feead82-d499-422b-94cb-c036c212127a.c000.csv.gz
023101300,https://minedbuildings.z5.web.core.windows.net/global-buildings/2026-02-03/global-buildings.geojsonl/RegionName=UnitedStates/quadkey=023101300/part-00154-4feead82-d499-422b-94cb-c036c212127a.c000.csv.gz
023101301,https://minedbuildings.z5.web.core.windows.net/global-buildings/2026-02-03/global-buildings.geojsonl/RegionName=UnitedStates/quadkey=023101301/part-00061-4feead82-d499-422b-94cb-c036c212127a.c000.csv.gz
023101302,https://minedbuildings.z5.web.core.windows.net/global-buildings/2026-02-03/global-buildings.geojsonl/RegionName=UnitedStates/quadkey=023101302/part-00176-4feead82-d499-422b-94cb-c036c212127a.c000.csv.gz
023101303,https://minedbuildings.z5.web.core.windows.net/global-buildings/2026-02-03/global-buildings.geojsonl/RegionName=UnitedStates/quadkey=023101303/part-00135-4feead82-d499-422b-94cb-c036c212127a.c000.csv.gz
023101310,https://minedbuildings.z5.web.core.windows.net/global-buildings/2026-02-03/global-buildings.geojsonl/RegionName=UnitedStates/quadkey=023101310/part-00105-4feead82-d499-422b-94cb-c036c212127a.c000.csv.gz
023101311,https://minedbuildings.z5.web.core.windows.net/global-buildings/2026-02-03/global-buildings.geojsonl/RegionName=UnitedStates/quadkey=023101311/part-00037-4feead82-d499-422b-94cb-c036c212127a.c000.csv.gz
023101312,https://minedbuildings.z5.web.core.windows.net/global-buildings/2026-02-03/global-buildings.geojsonl/RegionName=UnitedStates/quadkey=023101312/part-00148-4feead82-d499-422b-94cb-c036c212127a.c000.csv.gz
023101313,https://minedbuildings.z5.web.core.windows.net/global-buildings/2026-02-03/global-buildings.geojsonl/RegionName=UnitedStates/quadkey=023101313/part-00017-4feead82-d499-422b-94cb-c036c212127a.c000.csv.gz
023101320,https://minedbuildings.z5.web.core.windows.net/global-buildings/2026-02-03/global-buildings.geojsonl/RegionName=UnitedStates/quadkey=023101320/part-00080-4feead82-d499-422b-94cb-c036c212127a.c000.csv.gz
023101321,https://minedbuildings.z5.web.core.windows.net/global-buildings/2026-02-03/global-buildings.geojsonl/RegionName=UnitedStates/quadkey=023101321/part-00026-4feead82-d499-422b-94cb-c036c212127a.c000.csv.gz
023101322,https://minedbuildings.z5.web.core.windows.net/global-buildings/2026-02-03/global-buildings.geojsonl/RegionName=UnitedStates/quadkey=023101322/part-00084-4feead82-d499-422b-94cb-c036c212127a.c000.csv.gz
023101323,https://minedbuildings.z5.web.core.windows.net/global-buildings/2026-02-03/global-buildings.geojsonl/RegionName=UnitedStates/quadkey=023101323/part-00166-4feead82-d499-422b-94cb-c036c212127a.c000.csv.gz
023101330,https://minedbuildings.z5.web.core.windows.net/global-buildings/2026-02-03/global-buildings.geojsonl/RegionName=UnitedStates/quadkey=023101330/part-00135-4feead82-d499-422b-94cb-c036c212127a.c000.csv.gz
023101331,https://minedbuildings.z5.web.core.windows.net/global-buildings/2026-02-03/global-buildings.geojsonl/RegionName=UnitedStates/quadkey=023101331/part-00171-4feead82-d499-422b-94cb-c036c212127a.c000.csv.gz
023101332,https://minedbuildings.z5.web.core.windows.net/global-buildings/2026-02-03/global-buildings.geojsonl/RegionName=UnitedStates/quadkey=023101332/part-00109-4feead82-d499-422b-94cb-c036c212127a.c000.csv.gz
023101333,https://minedbuildings.z5.web.core.windows.net/global-buildings/2026-02-03/global-buildings.geojsonl/RegionName=UnitedStates/quadkey=023101333/part-00018-4feead82-d499-422b-94cb-c036c212127a.c000.csv.gz
023102000,https://minedbuildings.z5.web.core.windows.net/global-buildings/2026-02-03/global-buildings.geojsonl/RegionName=UnitedStates/quadkey=023102000/part-00157-4feead82-d499-422b-94cb-c036c212127a.c000.csv.gz
023102001,https://minedbuildings.z5.web.core.windows.net/global-buildings/2026-02-03/global-buildings.geojsonl/RegionName=UnitedStates/quadkey=023102001/part-00000-4feead82-d499-422b-94cb-c036c212127a.c000.csv.gz
023102002,https://minedbuildings.z5.web.core.windows.net/global-buildings/2026-02-03/global-buildings.geojsonl/RegionName=UnitedStates/quadkey=023102002/part-00073-4feead82-d499-422b-94cb-c036c212127a.c000.csv.gz
023102003,https://minedbuildings.z5.web.core.windows.net/global-buildings/2026-02-03/global-buildings.geojsonl/RegionName=UnitedStates/quadkey=023102003/part-00089-4feead82-d499-422b-94cb-c036c212127a.c000.csv.gz
023102010,https://minedbuildings.z5.web.core.windows.net/global-buildings/2026-02-03/global-buildings.geojsonl/RegionName=UnitedStates/quadkey=023102010/part-00129-4feead82-d499-422b-94cb-c036c212127a.c000.csv.gz
023102011,https://minedbuildings.z5.web.core.windows.net/global-buildings/2026-02-03/global-buildings.geojsonl/RegionName=UnitedStates/quadkey=023102011/part-00030-4feead82-d499-422b-94cb-c036c212127a.c000.csv.gz
023102012,https://minedbuildings.z5.web.core.windows.net/global-buildings/2026-02-03/global-buildings.geojsonl/RegionName=UnitedStates/quadkey=023102012/part-00055-4feead82-d499-422b-94cb-c036c212127a.c000.csv.gz
023102013,https://minedbuildings.z5.web.core.windows.net/global-buildings/2026-02-03/global-buildings.geojsonl/RegionName=UnitedStates/quadkey=023102013/part-00144-4feead82-d499-422b-94cb-c036c212127a.c000.csv.gz
023102020,https://minedbuildings.z5.web.core.windows.net/global-buildings/2026-02-03/global-buildings.geojsonl/RegionName=UnitedStates/quadkey=023102020/part-00083-4feead82-d499-422b-94cb-c036c212127a.c000.csv.gz
023102021,https://minedbuildings.z5.web.core.windows.net/global-buildings/2026-02-03/global-buildings.geojsonl/RegionName=UnitedStates/quadkey=023102021/part-00144-4feead82-d499-422b-94cb-c036c212127a.c000.csv.gz
023102022,https://minedbuildings.z5.web.core.windows.net/global-buildings/2026-02-03/global-buildings.geojsonl/RegionName=UnitedStates/quadkey=023102022/part-00034-4feead82-d499-422b-94cb-c036c212127a.c000.csv.gz
023102023,https://minedbuildings.z5.web.core.windows.net/global-buildings/2026-02-03/global-buildings.geojsonl/RegionName=UnitedStates/quadkey=023102023/part-00070-4feead82-d499-422b-94cb-c036c212127a.c000.csv.gz
023102030,https://minedbuildings.z5.web.core.windows.net/global-buildings/2026-02-03/global-buildings.geojsonl/RegionName=UnitedStates/quadkey=023102030/part-00191-4feead82-d499-422b-94cb-c036c212127a.c000.csv.gz
023102031,https://minedbuildings.z5.web.core.windows.net/global-buildings/2026-02-03/global-buildings.geojsonl/RegionName=UnitedStates/quadkey=023102031/part-00072-4feead82-d499-422b-94cb-c036c212127a.c000.csv.gz
023102032,https://minedbuildings.z5.web.core.windows.net/global-buildings/2026-02-03/global-buildings.geojsonl/RegionName=UnitedStates/quadkey=023102032/part-00172-4feead82-d499-422b-94cb-c036c212127a.c000.csv.gz
023102033,https://minedbuildings.z5.web.core.windows.net/global-buildings/2026-02-03/global-buildings.geojsonl/RegionName=UnitedStates/quadkey=023102033/part-00084-4feead82-d499-422b-94cb-c036c212127a.c000.csv.gz
023102100,https://minedbuildings.z5.web.core.windows.net/global-buildings/2026-02-03/global-buildings.geojsonl/RegionName=UnitedStates/quadkey=023102100/part-00190-4feead82-d499-422b-94cb-c036c212127a.c000.csv.gz
023102101,https://minedbuildings.z5.web.core.windows.net/global-buildings/2026-02-03/global-buildings.geojsonl/RegionName=UnitedStates/quadkey=023102101/part-00083-4feead82-d499-422b-94cb-c036c212127a.c000.csv.gz
023102102,https://minedbuildings.z5.web.core.windows.net/global-buildings/2026-02-03/global-buildings.geojsonl/RegionName=UnitedStates/quadkey=023102102/part-00081-4feead82-d499-422b-94cb-c036c212127a.c000.csv.gz
023102103,https://minedbuildings.z5.web.core.windows.net/global-buildings/2026-02-03/global-buildings.geojsonl/RegionName=UnitedStates/quadkey=023102103/part-00047-4feead82-d499-422b-94cb-c036c212127a.c000.csv.gz
023102110,https://minedbuildings.z5.web.core.windows.net/global-buildings/2026-02-03/global-buildings.geojsonl/RegionName=UnitedStates/quadkey=023102110/part-00082-4feead82-d499-422b-94cb-c036c212127a.c000.csv.gz
023102111,https://minedbuildings.z5.web.core.windows.net/global-buildings/2026-02-03/global-buildings.geojsonl/RegionName=UnitedStates/quadkey=023102111/part-00172-4feead82-d499-422b-94cb-c036c212127a.c000.csv.gz
023102112,https://minedbuildings.z5.web.core.windows.net/global-buildings/2026-02-03/global-buildings.geojsonl/RegionName=UnitedStates/quadkey=023102112/part-00061-4feead82-d499-422b-94cb-c036c212127a.c000.csv.gz
023102113,https://minedbuildings.z5.web.core.windows.net/global-buildings/2026-02-03/global-buildings.geojsonl/RegionName=UnitedStates/quadkey=023102113/part-00061-4feead82-d499-422b-94cb-c036c212127a.c000.csv.gz
023102120,https://minedbuildings.z5.web.core.windows.net/global-buildings/2026-02-03/global-buildings.geojsonl/RegionName=UnitedStates/quadkey=023102120/part-00163-4feead82-d499-422b-94cb-c036c212127a.c000.csv.gz
023102121,https://minedbuildings.z5.web.core.windows.net/global-buildings/2026-02-03/global-buildings.geojsonl/RegionName=UnitedStates/quadkey=023102121/part-00162-4feead82-d499-422b-94cb-c036c212127a.c000.csv.gz
023102122,https://minedbuildings.z5.web.core.windows.net/global-buildings/2026-02-03/global-buildings.geojsonl/RegionName=UnitedStates/quadkey=023102122/part-00177-4feead82-d499-422b-94cb-c036c212127a.c000.csv.gz
023102123,https://minedbuildings.z5.web.core.windows.net/global-buildings/2026-02-03/global-buildings.geojsonl/RegionName=UnitedStates/quadkey=023102123/part-00105-4feead82-d499-422b-94cb-c036c212127a.c000.csv.gz
023102130,https://minedbuildings.z5.web.core.windows.net/global-buildings/2026-02-03/global-buildings.geojsonl/RegionName=UnitedStates/quadkey=023102130/part-00019-4feead82-d499-422b-94cb-c036c212127a.c000.csv.gz
023102131,https://minedbuildings.z5.web.core.windows.net/global-buildings/2026-02-03/global-buildings.geojsonl/RegionName=UnitedStates/quadkey=023102131/part-00125-4feead82-d499-422b-94cb-c036c212127a.c000.csv.gz
023102132,https://minedbuildings.z5.web.core.windows.net/global-buildings/2026-02-03/global-buildings.geojsonl/RegionName=UnitedStates/quadkey=023102132/part-00190-4feead82-d499-422b-94cb-c036c212127a.c000.csv.gz
023102133,https://minedbuildings.z5.web.core.windows.net/global-buildings/2026-02-03/global-buildings.geojsonl/RegionName=UnitedStates/quadkey=023102133/part-00047-4feead82-d499-422b-94cb-c036c212127a.c000.csv.gz
023102200,https://minedbuildings.z5.web.core.windows.net/global-buildings/2026-02-03/global-buildings.geojsonl/RegionName=UnitedStates/quadkey=023102200/part-00162-4feead82-d499-422b-94cb-c036c212127a.c000.csv.gz
023102201,https://minedbuildings.z5.web.core.windows.net/global-buildings/2026-02-03/global-buildings.geojsonl/RegionName=UnitedStates/quadkey=023102201/part-00029-4feead82-d499-422b-94cb-c036c212127a.c000.csv.gz
023102202,https://minedbuildings.z5.web.core.windows.net/global-buildings/2026-02-03/global-buildings.geojsonl/RegionName=UnitedStates/quadkey=023102202/part-00124-4feead82-d499-422b-94cb-c036c212127a.c000.csv.gz
023102203,https://minedbuildings.z5.web.core.windows.net/global-buildings/2026-02-03/global-buildings.geojsonl/RegionName=UnitedStates/quadkey=023102203/part-00081-4feead82-d499-422b-94cb-c036c212127a.c000.csv.gz
023102210,https://minedbuildings.z5.web.core.windows.net/global-buildings/2026-02-03/global-buildings.geojsonl/RegionName=UnitedStates/quadkey=023102210/part-00163-4feead82-d499-422b-94cb-c036c212127a.c000.csv.gz
023102211,https://minedbuildings.z5.web.core.windows.net/global-buildings/2026-02-03/global-buildings.geojsonl/RegionName=UnitedStates/quadkey=023102211/part-00158-4feead82-d499-422b-94cb-c036c212127a.c000.csv.gz
023102212,https://minedbuildings.z5.web.core.windows.net/global-buildings/2026-02-03/global-buildings.geojsonl/RegionName=UnitedStates/quadkey=023102212/part-00050-4feead82-d499-422b-94cb-c036c212127a.c000.csv.gz
023102213,https://minedbuildings.z5.web.core.windows.net/global-buildings/2026-02-03/global-buildings.geojsonl/RegionName=UnitedStates/quadkey=023102213/part-00058-4feead82-d499-422b-94cb-c036c212127a.c000.csv.gz
023102220,https://minedbuildings.z5.web.core.windows.net/global-buildings/2026-02-03/global-buildings.geojsonl/RegionName=UnitedStates/quadkey=023102220/part-00130-4feead82-d499-422b-94cb-c036c212127a.c000.csv.gz
023102221,https://minedbuildings.z5.web.core.windows.net/global-buildings/2026-02-03/global-buildings.geojsonl/RegionName=UnitedStates/quadkey=023102221/part-00164-4feead82-d499-422b-94cb-c036c212127a.c000.csv.gz
023102222,https://minedbuildings.z5.web.core.windows.net/global-buildings/2026-02-03/global-buildings.geojsonl/RegionName=UnitedStates/quadkey=023102222/part-00008-4feead82-d499-422b-94cb-c036c212127a.c000.csv.gz
023102223,https://minedbuildings.z5.web.core.windows.net/global-buildings/2026-02-03/global-buildings.geojsonl/RegionName=UnitedStates/quadkey=023102223/part-00044-4feead82-d499-422b-94cb-c036c212127a.c000.csv.gz
023102230,https://minedbuildings.z5.web.core.windows.net/global-buildings/2026-02-03/global-buildings.geojsonl/RegionName=UnitedStates/quadkey=023102230/part-00049-4feead82-d499-422b-94cb-c036c212127a.c000.csv.gz
023102231,https://minedbuildings.z5.web.core.windows.net/global-buildings/2026-02-03/global-buildings.geojsonl/RegionName=UnitedStates/quadkey=023102231/part-00096-4feead82-d499-422b-94cb-c036c212127a.c000.csv.gz
023102232,https://minedbuildings.z5.web.core.windows.net/global-buildings/2026-02-03/global-buildings.geojsonl/RegionName=UnitedStates/quadkey=023102232/part-00145-4feead82-d499-422b-94cb-c036c212127a.c000.csv.gz
023102233,https://minedbuildings.z5.web.core.windows.net/global-buildings/2026-02-03/global-buildings.geojsonl/RegionName=UnitedStates/quadkey=023102233/part-00046-4feead82-d499-422b-94cb-c036c212127a.c000.csv.gz
023102300,https://minedbuildings.z5.web.core.windows.net/global-buildings/2026-02-03/global-buildings.geojsonl/RegionName=UnitedStates/quadkey=023102300/part-00170-4feead82-d499-422b-94cb-c036c212127a.c000.csv.gz
023102301,https://minedbuildings.z5.web.core.windows.net/global-buildings/2026-02-03/global-buildings.geojsonl/RegionName=UnitedStates/quadkey=023102301/part-00010-4feead82-d499-422b-94cb-c036c212127a.c000.csv.gz
023102302,https://minedbuildings.z5.web.core.windows.net/global-buildings/2026-02-03/global-buildings.geojsonl/RegionName=UnitedStates/quadkey=023102302/part-00093-4feead82-d499-422b-94cb-c036c212127a.c000.csv.gz
023102303,https://minedbuildings.z5.web.core.windows.net/global-buildings/2026-02-03/global-buildings.geojsonl/RegionName=UnitedStates/quadkey=023102303/part-00026-4feead82-d499-422b-94cb-c036c212127a.c000.csv.gz
023102310,https://minedbuildings.z5.web.core.windows.net/global-buildings/2026-02-03/global-buildings.geojsonl/RegionName=UnitedStates/quadkey=023102310/part-00006-4feead82-d499-422b-94cb-c036c212127a.c000.csv.gz
023102311,https://minedbuildings.z5.web.core.windows.net/global-buildings/2026-02-03/global-buildings.geojsonl/RegionName=UnitedStates/quadkey=023102311/part-00147-4feead82-d499-422b-94cb-c036c212127a.c000.csv.gz
023102312,https://minedbuildings.z5.web.core.windows.net/global-buildings/2026-02-03/global-buildings.geojsonl/RegionName=UnitedStates/quadkey=023102312/part-00135-4feead82-d499-422b-94cb-c036c212127a.c000.csv.gz
023102313,https://minedbuildings.z5.web.core.windows.net/global-buildings/2026-02-03/global-buildings.geojsonl/RegionName=UnitedStates/quadkey=023102313/part-00185-4feead82-d499-422b-94cb-c036c212127a.c000.csv.gz
023102320,https://minedbuildings.z5.web.core.windows.net/global-buildings/2026-02-03/global-buildings.geojsonl/RegionName=UnitedStates/quadkey=023102320/part-00138-4feead82-d499-422b-94cb-c036c212127a.c000.csv.gz
023102321,https://minedbuildings.z5.web.core.windows.net/global-buildings/2026-02-03/global-buildings.geojsonl/RegionName=UnitedStates/quadkey=023102321/part-00132-4feead82-d499-422b-94cb-c036c212127a.c000.csv.gz
023102322,https://minedbuildings.z5.web.core.windows.net/global-buildings/2026-02-03/global-buildings.geojsonl/RegionName=UnitedStates/quadkey=023102322/part-00092-4feead82-d499-422b-94cb-c036c212127a.c000.csv.gz
023102323,https://minedbuildings.z5.web.core.windows.net/global-buildings/2026-02-03/global-buildings.geojsonl/RegionName=UnitedStates/quadkey=023102323/part-00119-4feead82-d499-422b-94cb-c036c212127a.c000.csv.gz
023102330,https://minedbuildings.z5.web.core.windows.net/global-buildings/2026-02-03/global-buildings.geojsonl/RegionName=UnitedStates/quadkey=023102330/part-00070-4feead82-d499-422b-94cb-c036c212127a.c000.csv.gz
023102331,https://minedbuildings.z5.web.core.windows.net/global-buildings/2026-02-03/global-buildings.geojsonl/RegionName=UnitedStates/quadkey=023102331/part-00072-4feead82-d499-422b-94cb-c036c212127a.c000.csv.gz
023102332,https://minedbuildings.z5.web.core.windows.net/global-buildings/2026-02-03/global-buildings.geojsonl/RegionName=UnitedStates/quadkey=023102332/part-00011-4feead82-d499-422b-94cb-c036c212127a.c000.csv.gz
023102333,https://minedbuildings.z5.web.core.windows.net/global-buildings/2026-02-03/global-buildings.geojsonl/RegionName=UnitedStates/quadkey=023102333/part-00029-4feead82-d499-422b-94cb-c036c212127a.c000.csv.gz
023103000,https://minedbuildings.z5.web.core.windows.net/global-buildings/2026-02-03/global-buildings.geojsonl/RegionName=UnitedStates/quadkey=023103000/part-00169-4feead82-d499-422b-94cb-c036c212127a.c000.csv.gz
023103001,https://minedbuildings.z5.web.core.windows.net/global-buildings/2026-02-03/global-buildings.geojsonl/RegionName=UnitedStates/quadkey=023103001/part-00090-4feead82-d499-422b-94cb-c036c212127a.c000.csv.gz
023103002,https://minedbuildings.z5.web.core.windows.net/global-buildings/2026-02-03/global-buildings.geojsonl/RegionName=UnitedStates/quadkey=023103002/part-00149-4feead82-d499-422b-94cb-c036c212127a.c000.csv.gz
023103003,https://minedbuildings.z5.web.core.windows.net/global-buildings/2026-02-03/global-buildings.geojsonl/RegionName=UnitedStates/quadkey=023103003/part-00070-4feead82-d499-422b-94cb-c036c212127a.c000.csv.gz
023103010,https://minedbuildings.z5.web.core.windows.net/global-buildings/2026-02-03/global-buildings.geojsonl/RegionName=UnitedStates/quadkey=023103010/part-00114-4feead82-d499-422b-94cb-c036c212127a.c000.csv.gz
023103011,https://minedbuildings.z5.web.core.windows.net/global-buildings/2026-02-03/global-buildings.geojsonl/RegionName=UnitedStates/quadkey=023103011/part-00052-4feead82-d499-422b-94cb-c036c212127a.c000.csv.gz
023103012,https://minedbuildings.z5.web.core.windows.net/global-buildings/2026-02-03/global-buildings.geojsonl/RegionName=UnitedStates/quadkey=023103012/part-00001-4feead82-d499-422b-94cb-c036c212127a.c000.csv.gz
023103013,https://minedbuildings.z5.web.core.windows.net/global-buildings/2026-02-03/global-buildings.geojsonl/RegionName=UnitedStates/quadkey=023103013/part-00161-4feead82-d499-422b-94cb-c036c212127a.c000.csv.gz
023103020,https://minedbuildings.z5.web.core.windows.net/global-buildings/2026-02-03/global-buildings.geojsonl/RegionName=UnitedStates/quadkey=023103020/part-00044-4feead82-d499-422b-94cb-c036c212127a.c000.csv.gz
023103021,https://minedbuildings.z5.web.core.windows.net/global-buildings/2026-02-03/global-buildings.geojsonl/RegionName=UnitedStates/quadkey=023103021/part-00170-4feead82-d499-422b-94cb-c036c212127a.c000.csv.gz
023103022,https://minedbuildings.z5.web.core.windows.net/global-buildings/2026-02-03/global-buildings.geojsonl/RegionName=UnitedStates/quadkey=023103022/part-00128-4feead82-d499-422b-94cb-c036c212127a.c000.csv.gz
023103023,https://minedbuildings.z5.web.core.windows.net/global-buildings/2026-02-03/global-buildings.geojsonl/RegionName=UnitedStates/quadkey=023103023/part-00103-4feead82-d499-422b-94cb-c036c212127a.c000.csv.gz
023103030,https://minedbuildings.z5.web.core.windows.net/global-buildings/2026-02-03/global-buildings.geojsonl/RegionName=UnitedStates/quadkey=023103030/part-00054-4feead82-d499-422b-94cb-c036c212127a.c000.csv.gz
023103031,https://minedbuildings.z5.web.core.windows.net/global-buildings/2026-02-03/global-buildings.geojsonl/RegionName=UnitedStates/quadkey=023103031/part-00040-4feead82-d499-422b-94cb-c036c212127a.c000.csv.gz
023103032,https://minedbuildings.z5.web.core.windows.net/global-buildings/2026-02-03/global-buildings.geojsonl/RegionName=UnitedStates/quadkey=023103032/part-00050-4feead82-d499-422b-94cb-c036c212127a.c000.csv.gz
023103033,https://minedbuildings.z5.web.core.windows.net/global-buildings/2026-02-03/global-buildings.geojsonl/RegionName=UnitedStates/quadkey=023103033/part-00004-4feead82-d499-422b-94cb-c036c212127a.c000.csv.gz
023103100,https://minedbuildings.z5.web.core.windows.net/global-buildings/2026-02-03/global-buildings.geojsonl/RegionName=UnitedStates/quadkey=023103100/part-00033-4feead82-d499-422b-94cb-c036c212127a.c000.csv.gz
023103101,https://minedbuildings.z5.web.core.windows.net/global-buildings/2026-02-03/global-buildings.geojsonl/RegionName=UnitedStates/quadkey=023103101/part-00189-4feead82-d499-422b-94cb-c036c212127a.c000.csv.gz
023103102,https://minedbuildings.z5.web.core.windows.net/global-buildings/2026-02-03/global-buildings.geojsonl/RegionName=UnitedStates/quadkey=023103102/part-00120-4feead82-d499-422b-94cb-c036c212127a.c000.csv.gz
023103103,https://minedbuildings.z5.web.core.windows.net/global-buildings/2026-02-03/global-buildings.geojsonl/RegionName=UnitedStates/quadkey=023103103/part-00148-4feead82-d499-422b-94cb-c036c212127a.c000.csv.gz
023103110,https://minedbuildings.z5.web.core.windows.net/global-buildings/2026-02-03/global-buildings.geojsonl/RegionName=UnitedStates/quadkey=023103110/part-00178-4feead82-d499-422b-94cb-c036c212127a.c000.csv.gz
023103111,https://minedbuildings.z5.web.core.windows.net/global-buildings/2026-02-03/global-buildings.geojsonl/RegionName=UnitedStates/quadkey=023103111/part-00195-4feead82-d499-422b-94cb-c036c212127a.c000.csv.gz
023103112,https://minedbuildings.z5.web.core.windows.net/global-buildings/2026-02-03/global-buildings.geojsonl/RegionName=UnitedStates/quadkey=023103112/part-00010-4feead82-d499-422b-94cb-c036c212127a.c000.csv.gz
023103113,https://minedbuildings.z5.web.core.windows.net/global-buildings/2026-02-03/global-buildings.geojsonl/RegionName=UnitedStates/quadkey=023103113/part-00091-4feead82-d499-422b-94cb-c036c212127a.c000.csv.gz
023103120,https://minedbuildings.z5.web.core.windows.net/global-buildings/2026-02-03/global-buildings.geojsonl/RegionName=UnitedStates/quadkey=023103120/part-00004-4feead82-d499-422b-94cb-c036c212127a.c000.csv.gz
023103121,https://minedbuildings.z5.web.core.windows.net/global-buildings/2026-02-03/global-buildings.geojsonl/RegionName=UnitedStates/quadkey=023103121/part-00145-4feead82-d499-422b-94cb-c036c212127a.c000.csv.gz
023103122,https://minedbuildings.z5.web.core.windows.net/global-buildings/2026-02-03/global-buildings.geojsonl/RegionName=UnitedStates/quadkey=023103122/part-00053-4feead82-d499-422b-94cb-c036c212127a.c000.csv.gz
023103123,https://minedbuildings.z5.web.core.windows.net/global-buildings/2026-02-03/global-buildings.geojsonl/RegionName=UnitedStates/quadkey=023103123/part-00093-4feead82-d499-422b-94cb-c036c212127a.c000.csv.gz
023103130,https://minedbuildings.z5.web.core.windows.net/global-buildings/2026-02-03/global-buildings.geojsonl/RegionName=UnitedStates/quadkey=023103130/part-00184-4feead82-d499-422b-94cb-c036c212127a.c000.csv.gz
023103131,https://minedbuildings.z5.web.core.windows.net/global-buildings/2026-02-03/global-buildings.geojsonl/RegionName=UnitedStates/quadkey=023103131/part-00179-4feead82-d499-422b-94cb-c036c212127a.c000.csv.gz
023103132,https://minedbuildings.z5.web.core.windows.net/global-buildings/2026-02-03/global-buildings.geojsonl/RegionName=UnitedStates/quadkey=023103132/part-00049-4feead82-d499-422b-94cb-c036c212127a.c000.csv.gz
023103133,https://minedbuildings.z5.web.core.windows.net/global-buildings/2026-02-03/global-buildings.geojsonl/RegionName=UnitedStates/quadkey=023103133/part-00056-4feead82-d499-422b-94cb-c036c212127a.c000.csv.gz
023103200,https://minedbuildings.z5.web.core.windows.net/global-buildings/2026-02-03/global-buildings.geojsonl/RegionName=UnitedStates/quadkey=023103200/part-00152-4feead82-d499-422b-94cb-c036c212127a.c000.csv.gz
023103201,https://minedbuildings.z5.web.core.windows.net/global-buildings/2026-02-03/global-buildings.geojsonl/RegionName=UnitedStates/quadkey=023103201/part-00121-4feead82-d499-422b-94cb-c036c212127a.c000.csv.gz
023103202,https://minedbuildings.z5.web.core.windows.net/global-buildings/2026-02-03/global-buildings.geojsonl/RegionName=UnitedStates/quadkey=023103202/part-00129-4feead82-d499-422b-94cb-c036c212127a.c000.csv.gz
023103203,https://minedbuildings.z5.web.core.windows.net/global-buildings/2026-02-03/global-buildings.geojsonl/RegionName=UnitedStates/quadkey=023103203/part-00131-4feead82-d499-422b-94cb-c036c212127a.c000.csv.gz
023103210,https://minedbuildings.z5.web.core.windows.net/global-buildings/2026-02-03/global-buildings.geojsonl/RegionName=UnitedStates/quadkey=023103210/part-00098-4feead82-d499-422b-94cb-c036c212127a.c000.csv.gz
023103211,https://minedbuildings.z5.web.core.windows.net/global-buildings/2026-02-03/global-buildings.geojsonl/RegionName=UnitedStates/quadkey=023103211/part-00051-4feead82-d499-422b-94cb-c036c212127a.c000.csv.gz
023103212,https://minedbuildings.z5.web.core.windows.net/global-buildings/2026-02-03/global-buildings.geojsonl/RegionName=UnitedStates/quadkey=023103212/part-00177-4feead82-d499-422b-94cb-c036c212127a.c000.csv.gz
023103213,https://minedbuildings.z5.web.core.windows.net/global-buildings/2026-02-03/global-buildings.geojsonl/RegionName=UnitedStates/quadkey=023103213/part-00037-4feead82-d499-422b-94cb-c036c212127a.c000.csv.gz
023103220,https://minedbuildings.z5.web.core.windows.net/global-buildings/2026-02-03/global-buildings.geojsonl/RegionName=UnitedStates/quadkey=023103220/part-00045-4feead82-d499-422b-94cb-c036c212127a.c000.csv.gz
023103221,https://minedbuildings.z5.web.core.windows.net/global-buildings/2026-02-03/global-buildings.geojsonl/RegionName=UnitedStates/quadkey=023103221/part-00130-4feead82-d499-422b-94cb-c036c212127a.c000.csv.gz
023103222,https://minedbuildings.z5.web.core.windows.net/global-buildings/2026-02-03/global-buildings.geojsonl/RegionName=UnitedStates/quadkey=023103222/part-00098-4feead82-d499-422b-94cb-c036c212127a.c000.csv.gz
023103223,https://minedbuildings.z5.web.core.windows.net/global-buildings/2026-02-03/global-buildings.geojsonl/RegionName=UnitedStates/quadkey=023103223/part-00140-4feead82-d499-422b-94cb-c036c212127a.c000.csv.gz
023103230,https://minedbuildings.z5.web.core.windows.net/global-buildings/2026-02-03/global-buildings.geojsonl/RegionName=UnitedStates/quadkey=023103230/part-00080-4feead82-d499-422b-94cb-c036c212127a.c000.csv.gz
023103231,https://minedbuildings.z5.web.core.windows.net/global-buildings/2026-02-03/global-buildings.geojsonl/RegionName=UnitedStates/quadkey=023103231/part-00001-4feead82-d499-422b-94cb-c036c212127a.c000.csv.gz
023103232,https://minedbuildings.z5.web.core.windows.net/global-buildings/2026-02-03/global-buildings.geojsonl/RegionName=UnitedStates/quadkey=023103232/part-00103-4feead82-d499-422b-94cb-c036c212127a.c000.csv.gz
023103233,https://minedbuildings.z5.web.core.windows.net/global-buildings/2026-02-03/global-buildings.geojsonl/RegionName=UnitedStates/quadkey=023103233/part-00049-4feead82-d499-422b-94cb-c036c212127a.c000.csv.gz
023103300,https://minedbuildings.z5.web.core.windows.net/global-buildings/2026-02-03/global-buildings.geojsonl/RegionName=UnitedStates/quadkey=023103300/part-00179-4feead82-d499-422b-94cb-c036c212127a.c000.csv.gz
023103301,https://minedbuildings.z5.web.core.windows.net/global-buildings/2026-02-03/global-buildings.geojsonl/RegionName=UnitedStates/quadkey=023103301/part-00089-4feead82-d499-422b-94cb-c036c212127a.c000.csv.gz
023103302,https://minedbuildings.z5.web.core.windows.net/global-buildings/2026-02-03/global-buildings.geojsonl/RegionName=UnitedStates/quadkey=023103302/part-00062-4feead82-d499-422b-94cb-c036c212127a.c000.csv.gz
023103303,https://minedbuildings.z5.web.core.windows.net/global-buildings/2026-02-03/global-buildings.geojsonl/RegionName=UnitedStates/quadkey=023103303/part-00078-4feead82-d499-422b-94cb-c036c212127a.c000.csv.gz
023103310,https://minedbuildings.z5.web.core.windows.net/global-buildings/2026-02-03/global-buildings.geojsonl/RegionName=UnitedStates/quadkey=023103310/part-00195-4feead82-d499-422b-94cb-c036c212127a.c000.csv.gz
023103311,https://minedbuildings.z5.web.core.windows.net/global-buildings/2026-02-03/global-buildings.geojsonl/RegionName=UnitedStates/quadkey=023103311/part-00144-4feead82-d499-422b-94cb-c036c212127a.c000.csv.gz
023103312,https://minedbuildings.z5.web.core.windows.net/global-buildings/2026-02-03/global-buildings.geojsonl/RegionName=UnitedStates/quadkey=023103312/part-00075-4feead82-d499-422b-94cb-c036c212127a.c000.csv.gz
023103313,https://minedbuildings.z5.web.core.windows.net/global-buildings/2026-02-03/global-buildings.geojsonl/RegionName=UnitedStates/quadkey=023103313/part-00044-4feead82-d499-422b-94cb-c036c212127a.c000.csv.gz
023103320,https://minedbuildings.z5.web.core.windows.net/global-buildings/2026-02-03/global-buildings.geojsonl/RegionName=UnitedStates/quadkey=023103320/part-00063-4feead82-d499-422b-94cb-c036c212127a.c000.csv.gz
023103321,https://minedbuildings.z5.web.core.windows.net/global-buildings/2026-02-03/global-buildings.geojsonl/RegionName=UnitedStates/quadkey=023103321/part-00101-4feead82-d499-422b-94cb-c036c212127a.c000.csv.gz
023103322,https://minedbuildings.z5.web.core.windows.net/global-buildings/2026-02-03/global-buildings.geojsonl/RegionName=UnitedStates/quadkey=023103322/part-00067-4feead82-d499-422b-94cb-c036c212127a.c000.csv.gz
023103323,https://minedbuildings.z5.web.core.windows.net/global-buildings/2026-02-03/global-buildings.geojsonl/RegionName=UnitedStates/quadkey=023103323/part-00009-4feead82-d499-422b-94cb-c036c212127a.c000.csv.gz
023103330,https://minedbuildings.z5.web.core.windows.net/global-buildings/2026-02-03/global-buildings.geojsonl/RegionName=UnitedStates/quadkey=023103330/part-00090-4feead82-d499-422b-94cb-c036c212127a.c000.csv.gz
023103331,https://minedbuildings.z5.web.core.windows.net/global-buildings/2026-02-03/global-buildings.geojsonl/RegionName=UnitedStates/quadkey=023103331/part-00176-4feead82-d499-422b-94cb-c036c212127a.c000.csv.gz
023103332,https://minedbuildings.z5.web.core.windows.net/global-buildings/2026-02-03/global-buildings.geojsonl/RegionName=UnitedStates/quadkey=023103332/part-00131-4feead82-d499-422b-94cb-c036c212127a.c000.csv.gz
023103333,https://minedbuildings.z5.web.core.windows.net/global-buildings/2026-02-03/global-buildings.geojsonl/RegionName=UnitedStates/quadkey=023103333/part-00104-4feead82-d499-422b-94cb-c036c212127a.c000.csv.gz
023110000,https://minedbuildings.z5.web.core.windows.net/global-buildings/2026-02-03/global-buildings.geojsonl/RegionName=UnitedStates/quadkey=023110000/part-00093-4feead82-d499-422b-94cb-c036c212127a.c000.csv.gz
023110001,https://minedbuildings.z5.web.core.windows.net/global-buildings/2026-02-03/global-buildings.geojsonl/RegionName=UnitedStates/quadkey=023110001/part-00042-4feead82-d499-422b-94cb-c036c212127a.c000.csv.gz
023110002,https://minedbuildings.z5.web.core.windows.net/global-buildings/2026-02-03/global-buildings.geojsonl/RegionName=UnitedStates/quadkey=023110002/part-00171-4feead82-d499-422b-94cb-c036c212127a.c000.csv.gz
023110003,https://minedbuildings.z5.web.core.windows.net/global-buildings/2026-02-03/global-buildings.geojsonl/RegionName=UnitedStates/quadkey=023110003/part-00022-4feead82-d499-422b-94cb-c036c212127a.c000.csv.gz
023110010,https://minedbuildings.z5.web.core.windows.net/global-buildings/2026-02-03/global-buildings.geojsonl/RegionName=UnitedStates/quadkey=023110010/part-00011-4feead82-d499-422b-94cb-c036c212127a.c000.csv.gz
023110011,https://minedbuildings.z5.web.core.windows.net/global-buildings/2026-02-03/global-buildings.geojsonl/RegionName=UnitedStates/quadkey=023110011/part-00164-4feead82-d499-422b-94cb-c036c212127a.c000.csv.gz
023110012,https://minedbuildings.z5.web.core.windows.net/global-buildings/2026-02-03/global-buildings.geojsonl/RegionName=UnitedStates/quadkey=023110012/part-00033-4feead82-d499-422b-94cb-c036c212127a.c000.csv.gz
023110013,https://minedbuildings.z5.web.core.windows.net/global-buildings/2026-02-03/global-buildings.geojsonl/RegionName=UnitedStates/quadkey=023110013/part-00065-4feead82-d499-422b-94cb-c036c212127a.c000.csv.gz
023110020,https://minedbuildings.z5.web.core.windows.net/global-buildings/2026-02-03/global-buildings.geojsonl/RegionName=UnitedStates/quadkey=023110020/part-00113-4feead82-d499-422b-94cb-c036c212127a.c000.csv.gz
023110021,https://minedbuildings.z5.web.core.windows.net/global-buildings/2026-02-03/global-buildings.geojsonl/RegionName=UnitedStates/quadkey=023110021/part-00046-4feead82-d499-422b-94cb-c036c212127a.c000.csv.gz
023110022,https://minedbuildings.z5.web.core.windows.net/global-buildings/2026-02-03/global-buildings.geojsonl/RegionName=UnitedStates/quadkey=023110022/part-00150-4feead82-d499-422b-94cb-c036c212127a.c000.csv.gz
023110023,https://minedbuildings.z5.web.core.windows.net/global-buildings/2026-02-03/global-buildings.geojsonl/RegionName=UnitedStates/quadkey=023110023/part-00148-4feead82-d499-422b-94cb-c036c212127a.c000.csv.gz
023110030,https://minedbuildings.z5.web.core.windows.net/global-buildings/2026-02-03/global-buildings.geojsonl/RegionName=UnitedStates/quadkey=023110030/part-00103-4feead82-d499-422b-94cb-c036c212127a.c000.csv.gz
023110031,https://minedbuildings.z5.web.core.windows.net/global-buildings/2026-02-03/global-buildings.geojsonl/RegionName=UnitedStates/quadkey=023110031/part-00140-4feead82-d499-422b-94cb-c036c212127a.c000.csv.gz
023110032,https://minedbuildings.z5.web.core.windows.net/global-buildings/2026-02-03/global-buildings.geojsonl/RegionName=UnitedStates/quadkey=023110032/part-00120-4feead82-d499-422b-94cb-c036c212127a.c000.csv.gz
023110033,https://minedbuildings.z5.web.core.windows.net/global-buildings/2026-02-03/global-buildings.geojsonl/RegionName=UnitedStates/quadkey=023110033/part-00174-4feead82-d499-422b-94cb-c036c212127a.c000.csv.gz
023110100,https://minedbuildings.z5.web.core.windows.net/global-buildings/2026-02-03/global-buildings.geojsonl/RegionName=UnitedStates/quadkey=023110100/part-00156-4feead82-d499-422b-94cb-c036c212127a.c000.csv.gz
023110101,https://minedbuildings.z5.web.core.windows.net/global-buildings/2026-02-03/global-buildings.geojsonl/RegionName=UnitedStates/quadkey=023110101/part-00014-4feead82-d499-422b-94cb-c036c212127a.c000.csv.gz
023110102,https://minedbuildings.z5.web.core.windows.net/global-buildings/2026-02-03/global-buildings.geojsonl/RegionName=UnitedStates/quadkey=023110102/part-00064-4feead82-d499-422b-94cb-c036c212127a.c000.csv.gz
023110103,https://minedbuildings.z5.web.core.windows.net/global-buildings/2026-02-03/global-buildings.geojsonl/RegionName=UnitedStates/quadkey=023110103/part-00012-4feead82-d499-422b-94cb-c036c212127a.c000.csv.gz
023110110,https://minedbuildings.z5.web.core.windows.net/global-buildings/2026-02-03/global-buildings.geojsonl/RegionName=UnitedStates/quadkey=023110110/part-00195-4feead82-d499-422b-94cb-c036c212127a.c000.csv.gz
023110111,https://minedbuildings.z5.web.core.windows.net/global-buildings/2026-02-03/global-buildings.geojsonl/RegionName=UnitedStates/quadkey=023110111/part-00007-4feead82-d499-422b-94cb-c036c212127a.c000.csv.gz
023110112,https://minedbuildings.z5.web.core.windows.net/global-buildings/2026-02-03/global-buildings.geojsonl/RegionName=UnitedStates/quadkey=023110112/part-00156-4feead82-d499-422b-94cb-c036c212127a.c000.csv.gz
023110113,https://minedbuildings.z5.web.core.windows.net/global-buildings/2026-02-03/global-buildings.geojsonl/RegionName=UnitedStates/quadkey=023110113/part-00019-4feead82-d499-422b-94cb-c036c212127a.c000.csv.gz
023110120,https://minedbuildings.z5.web.core.windows.net/global-buildings/2026-02-03/global-buildings.geojsonl/RegionName=UnitedStates/quadkey=023110120/part-00152-4feead82-d499-422b-94cb-c036c212127a.c000.csv.gz
023110121,https://minedbuildings.z5.web.core.windows.net/global-buildings/2026-02-03/global-buildings.geojsonl/RegionName=UnitedStates/quadkey=023110121/part-00169-4feead82-d499-422b-94cb-c036c212127a.c000.csv.gz
023110122,https://minedbuildings.z5.web.core.windows.net/global-buildings/2026-02-03/global-buildings.geojsonl/RegionName=UnitedStates/quadkey=023110122/part-00062-4feead82-d499-422b-94cb-c036c212127a.c000.csv.gz
023110123,https://minedbuildings.z5.web.core.windows.net/global-buildings/2026-02-03/global-buildings.geojsonl/RegionName=UnitedStates/quadkey=023110123/part-00194-4feead82-d499-422b-94cb-c036c212127a.c000.csv.gz
023110130,https://minedbuildings.z5.web.core.windows.net/global-buildings/2026-02-03/global-buildings.geojsonl/RegionName=UnitedStates/quadkey=023110130/part-00029-4feead82-d499-422b-94cb-c036c212127a.c000.csv.gz
023110131,https://minedbuildings.z5.web.core.windows.net/global-buildings/2026-02-03/global-buildings.geojsonl/RegionName=UnitedStates/quadkey=023110131/part-00042-4feead82-d499-422b-94cb-c036c212127a.c000.csv.gz
023110132,https://minedbuildings.z5.web.core.windows.net/global-buildings/2026-02-03/global-buildings.geojsonl/RegionName=UnitedStates/quadkey=023110132/part-00017-4feead82-d499-422b-94cb-c036c212127a.c000.csv.gz
023110133,https://minedbuildings.z5.web.core.windows.net/global-buildings/2026-02-03/global-buildings.geojsonl/RegionName=UnitedStates/quadkey=023110133/part-00136-4feead82-d499-422b-94cb-c036c212127a.c000.csv.gz
023110200,https://minedbuildings.z5.web.core.windows.net/global-buildings/2026-02-03/global-buildings.geojsonl/RegionName=UnitedStates/quadkey=023110200/part-00050-4feead82-d499-422b-94cb-c036c212127a.c000.csv.gz
023110201,https://minedbuildings.z5.web.core.windows.net/global-buildings/2026-02-03/global-buildings.geojsonl/RegionName=UnitedStates/quadkey=023110201/part-00157-4feead82-d499-422b-94cb-c036c212127a.c000.csv.gz
023110202,https://minedbuildings.z5.web.core.windows.net/global-buildings/2026-02-03/global-buildings.geojsonl/RegionName=UnitedStates/quadkey=023110202/part-00010-4feead82-d499-422b-94cb-c036c212127a.c000.csv.gz
023110203,https://minedbuildings.z5.web.core.windows.net/global-buildings/2026-02-03/global-buildings.geojsonl/RegionName=UnitedStates/quadkey=023110203/part-00110-4feead82-d499-422b-94cb-c036c212127a.c000.csv.gz
023110210,https://minedbuildings.z5.web.core.windows.net/global-buildings/2026-02-03/global-buildings.geojsonl/RegionName=UnitedStates/quadkey=023110210/part-00080-4feead82-d499-422b-94cb-c036c212127a.c000.csv.gz
023110211,https://minedbuildings.z5.web.core.windows.net/global-buildings/2026-02-03/global-buildings.geojsonl/RegionName=UnitedStates/quadkey=023110211/part-00078-4feead82-d499-422b-94cb-c036c212127a.c000.csv.gz
023110212,https://minedbuildings.z5.web.core.windows.net/global-buildings/2026-02-03/global-buildings.geojsonl/RegionName=UnitedStates/quadkey=023110212/part-00134-4feead82-d499-422b-94cb-c036c212127a.c000.csv.gz
023110213,https://minedbuildings.z5.web.core.windows.net/global-buildings/2026-02-03/global-buildings.geojsonl/RegionName=UnitedStates/quadkey=023110213/part-00153-4feead82-d499-422b-94cb-c036c212127a.c000.csv.gz
023110220,https://minedbuildings.z5.web.core.windows.net/global-buildings/2026-02-03/global-buildings.geojsonl/RegionName=UnitedStates/quadkey=023110220/part-00075-4feead82-d499-422b-94cb-c036c212127a.c000.csv.gz
023110221,https://minedbuildings.z5.web.core.windows.net/global-buildings/2026-02-03/global-buildings.geojsonl/RegionName=UnitedStates/quadkey=023110221/part-00026-4feead82-d499-422b-94cb-c036c212127a.c000.csv.gz
023110222,https://minedbuildings.z5.web.core.windows.net/global-buildings/2026-02-03/global-buildings.geojsonl/RegionName=UnitedStates/quadkey=023110222/part-00180-4feead82-d499-422b-94cb-c036c212127a.c000.csv.gz
023110223,https://minedbuildings.z5.web.core.windows.net/global-buildings/2026-02-03/global-buildings.geojsonl/RegionName=UnitedStates/quadkey=023110223/part-00118-4feead82-d499-422b-94cb-c036c212127a.c000.csv.gz
023110230,https://minedbuildings.z5.web.core.windows.net/global-buildings/2026-02-03/global-buildings.geojsonl/RegionName=UnitedStates/quadkey=023110230/part-00022-4feead82-d499-422b-94cb-c036c212127a.c000.csv.gz
023110231,https://minedbuildings.z5.web.core.windows.net/global-buildings/2026-02-03/global-buildings.geojsonl/RegionName=UnitedStates/quadkey=023110231/part-00145-4feead82-d499-422b-94cb-c036c212127a.c000.csv.gz
023110232,https://minedbuildings.z5.web.core.windows.net/global-buildings/2026-02-03/global-buildings.geojsonl/RegionName=UnitedStates/quadkey=023110232/part-00100-4feead82-d499-422b-94cb-c036c212127a.c000.csv.gz
023110233,https://minedbuildings.z5.web.core.windows.net/global-buildings/2026-02-03/global-buildings.geojsonl/RegionName=UnitedStates/quadkey=023110233/part-00012-4feead82-d499-422b-94cb-c036c212127a.c000.csv.gz
023110300,https://minedbuildings.z5.web.core.windows.net/global-buildings/2026-02-03/global-buildings.geojsonl/RegionName=UnitedStates/quadkey=023110300/part-00022-4feead82-d499-422b-94cb-c036c212127a.c000.csv.gz
023110301,https://minedbuildings.z5.web.core.windows.net/global-buildings/2026-02-03/global-buildings.geojsonl/RegionName=UnitedStates/quadkey=023110301/part-00118-4feead82-d499-422b-94cb-c036c212127a.c000.csv.gz
023110302,https://minedbuildings.z5.web.core.windows.net/global-buildings/2026-02-03/global-buildings.geojsonl/RegionName=UnitedStates/quadkey=023110302/part-00020-4feead82-d499-422b-94cb-c036c212127a.c000.csv.gz
023110303,https://minedbuildings.z5.web.core.windows.net/global-buildings/2026-02-03/global-buildings.geojsonl/RegionName=UnitedStates/quadkey=023110303/part-00021-4feead82-d499-422b-94cb-c036c212127a.c000.csv.gz
023110310,https://minedbuildings.z5.web.core.windows.net/global-buildings/2026-02-03/global-buildings.geojsonl/RegionName=UnitedStates/quadkey=023110310/part-00095-4feead82-d499-422b-94cb-c036c212127a.c000.csv.gz
023110311,https://minedbuildings.z5.web.core.windows.net/global-buildings/2026-02-03/global-buildings.geojsonl/RegionName=UnitedStates/quadkey=023110311/part-00109-4feead82-d499-422b-94cb-c036c212127a.c000.csv.gz
023110312,https://minedbuildings.z5.web.core.windows.net/global-buildings/2026-02-03/global-buildings.geojsonl/RegionName=UnitedStates/quadkey=023110312/part-00057-4feead82-d499-422b-94cb-c036c212127a.c000.csv.gz
023110313,https://minedbuildings.z5.web.core.windows.net/global-buildings/2026-02-03/global-buildings.geojsonl/RegionName=UnitedStates/quadkey=023110313/part-00047-4feead82-d499-422b-94cb-c036c212127a.c000.csv.gz
023110320,https://minedbuildings.z5.web.core.windows.net/global-buildings/2026-02-03/global-buildings.geojsonl/RegionName=UnitedStates/quadkey=023110320/part-00057-4feead82-d499-422b-94cb-c036c212127a.c000.csv.gz
023110321,https://minedbuildings.z5.web.core.windows.net/global-buildings/2026-02-03/global-buildings.geojsonl/RegionName=UnitedStates/quadkey=023110321/part-00081-4feead82-d499-422b-94cb-c036c212127a.c000.csv.gz
023110322,https://minedbuildings.z5.web.core.windows.net/global-buildings/2026-02-03/global-buildings.geojsonl/RegionName=UnitedStates/quadkey=023110322/part-00159-4feead82-d499-422b-94cb-c036c212127a.c000.csv.gz
023110323,https://minedbuildings.z5.web.core.windows.net/global-buildings/2026-02-03/global-buildings.geojsonl/RegionName=UnitedStates/quadkey=023110323/part-00139-4feead82-d499-422b-94cb-c036c212127a.c000.csv.gz
023110330,https://minedbuildings.z5.web.core.windows.net/global-buildings/2026-02-03/global-buildings.geojsonl/RegionName=UnitedStates/quadkey=023110330/part-00045-4feead82-d499-422b-94cb-c036c212127a.c000.csv.gz
023110331,https://minedbuildings.z5.web.core.windows.net/global-buildings/2026-02-03/global-buildings.geojsonl/RegionName=UnitedStates/quadkey=023110331/part-00008-4feead82-d499-422b-94cb-c036c212127a.c000.csv.gz
023110332,https://minedbuildings.z5.web.core.windows.net/global-buildings/2026-02-03/global-buildings.geojsonl/RegionName=UnitedStates/quadkey=023110332/part-00086-4feead82-d499-422b-94cb-c036c212127a.c000.csv.gz
023110333,https://minedbuildings.z5.web.core.windows.net/global-buildings/2026-02-03/global-buildings.geojsonl/RegionName=UnitedStates/quadkey=023110333/part-00004-4feead82-d499-422b-94cb-c036c212127a.c000.csv.gz
023111000,https://minedbuildings.z5.web.core.windows.net/global-buildings/2026-02-03/global-buildings.geojsonl/RegionName=UnitedStates/quadkey=023111000/part-00061-4feead82-d499-422b-94cb-c036c212127a.c000.csv.gz
023111001,https://minedbuildings.z5.web.core.windows.net/global-buildings/2026-02-03/global-buildings.geojsonl/RegionName=UnitedStates/quadkey=023111001/part-00074-4feead82-d499-422b-94cb-c036c212127a.c000.csv.gz
023111002,https://minedbuildings.z5.web.core.windows.net/global-buildings/2026-02-03/global-buildings.geojsonl/RegionName=UnitedStates/quadkey=023111002/part-00131-4feead82-d499-422b-94cb-c036c212127a.c000.csv.gz
023111003,https://minedbuildings.z5.web.core.windows.net/global-buildings/2026-02-03/global-buildings.geojsonl/RegionName=UnitedStates/quadkey=023111003/part-00141-4feead82-d499-422b-94cb-c036c212127a.c000.csv.gz
023111010,https://minedbuildings.z5.web.core.windows.net/global-buildings/2026-02-03/global-buildings.geojsonl/RegionName=UnitedStates/quadkey=023111010/part-00102-4feead82-d499-422b-94cb-c036c212127a.c000.csv.gz
023111011,https://minedbuildings.z5.web.core.windows.net/global-buildings/2026-02-03/global-buildings.geojsonl/RegionName=UnitedStates/quadkey=023111011/part-00017-4feead82-d499-422b-94cb-c036c212127a.c000.csv.gz
023111012,https://minedbuildings.z5.web.core.windows.net/global-buildings/2026-02-03/global-buildings.geojsonl/RegionName=UnitedStates/quadkey=023111012/part-00005-4feead82-d499-422b-94cb-c036c212127a.c000.csv.gz
023111013,https://minedbuildings.z5.web.core.windows.net/global-buildings/2026-02-03/global-buildings.geojsonl/RegionName=UnitedStates/quadkey=023111013/part-00131-4feead82-d499-422b-94cb-c036c212127a.c000.csv.gz
023111020,https://minedbuildings.z5.web.core.windows.net/global-buildings/2026-02-03/global-buildings.geojsonl/RegionName=UnitedStates/quadkey=023111020/part-00042-4feead82-d499-422b-94cb-c036c212127a.c000.csv.gz
023111021,https://minedbuildings.z5.web.core.windows.net/global-buildings/2026-02-03/global-buildings.geojsonl/RegionName=UnitedStates/quadkey=023111021/part-00043-4feead82-d499-422b-94cb-c036c212127a.c000.csv.gz
023111022,https://minedbuildings.z5.web.core.windows.net/global-buildings/2026-02-03/global-buildings.geojsonl/RegionName=UnitedStates/quadkey=023111022/part-00083-4feead82-d499-422b-94cb-c036c212127a.c000.csv.gz
023111023,https://minedbuildings.z5.web.core.windows.net/global-buildings/2026-02-03/global-buildings.geojsonl/RegionName=UnitedStates/quadkey=023111023/part-00146-4feead82-d499-422b-94cb-c036c212127a.c000.csv.gz
023111030,https://minedbuildings.z5.web.core.windows.net/global-buildings/2026-02-03/global-buildings.geojsonl/RegionName=UnitedStates/quadkey=023111030/part-00167-4feead82-d499-422b-94cb-c036c212127a.c000.csv.gz
023111031,https://minedbuildings.z5.web.core.windows.net/global-buildings/2026-02-03/global-buildings.geojsonl/RegionName=UnitedStates/quadkey=023111031/part-00003-4feead82-d499-422b-94cb-c036c212127a.c000.csv.gz
023111032,https://minedbuildings.z5.web.core.windows.net/global-buildings/2026-02-03/global-buildings.geojsonl/RegionName=UnitedStates/quadkey=023111032/part-00112-4feead82-d499-422b-94cb-c036c212127a.c000.csv.gz
023111033,https://minedbuildings.z5.web.core.windows.net/global-buildings/2026-02-03/global-buildings.geojsonl/RegionName=UnitedStates/quadkey=023111033/part-00088-4feead82-d499-422b-94cb-c036c212127a.c000.csv.gz
023111100,https://minedbuildings.z5.web.core.windows.net/global-buildings/2026-02-03/global-buildings.geojsonl/RegionName=UnitedStates/quadkey=023111100/part-00135-4feead82-d499-422b-94cb-c036c212127a.c000.csv.gz
023111101,https://minedbuildings.z5.web.core.windows.net/global-buildings/2026-02-03/global-buildings.geojsonl/RegionName=UnitedStates/quadkey=023111101/part-00051-4feead82-d499-422b-94cb-c036c212127a.c000.csv.gz
023111102,https://minedbuildings.z5.web.core.windows.net/global-buildings/2026-02-03/global-buildings.geojsonl/RegionName=UnitedStates/quadkey=023111102/part-00024-4feead82-d499-422b-94cb-c036c212127a.c000.csv.gz
023111103,https://minedbuildings.z5.web.core.windows.net/global-buildings/2026-02-03/global-buildings.geojsonl/RegionName=UnitedStates/quadkey=023111103/part-00007-4feead82-d499-422b-94cb-c036c212127a.c000.csv.gz
023111110,https://minedbuildings.z5.web.core.windows.net/global-buildings/2026-02-03/global-buildings.geojsonl/RegionName=UnitedStates/quadkey=023111110/part-00152-4feead82-d499-422b-94cb-c036c212127a.c000.csv.gz
023111111,https://minedbuildings.z5.web.core.windows.net/global-buildings/2026-02-03/global-buildings.geojsonl/RegionName=UnitedStates/quadkey=023111111/part-00119-4feead82-d499-422b-94cb-c036c212127a.c000.csv.gz
023111112,https://minedbuildings.z5.web.core.windows.net/global-buildings/2026-02-03/global-buildings.geojsonl/RegionName=UnitedStates/quadkey=023111112/part-00111-4feead82-d499-422b-94cb-c036c212127a.c000.csv.gz
023111113,https://minedbuildings.z5.web.core.windows.net/global-buildings/2026-02-03/global-buildings.geojsonl/RegionName=UnitedStates/quadkey=023111113/part-00081-4feead82-d499-422b-94cb-c036c212127a.c000.csv.gz
023111120,https://minedbuildings.z5.web.core.windows.net/global-buildings/2026-02-03/global-buildings.geojsonl/RegionName=UnitedStates/quadkey=023111120/part-00036-4feead82-d499-422b-94cb-c036c212127a.c000.csv.gz
023111121,https://minedbuildings.z5.web.core.windows.net/global-buildings/2026-02-03/global-buildings.geojsonl/RegionName=UnitedStates/quadkey=023111121/part-00150-4feead82-d499-422b-94cb-c036c212127a.c000.csv.gz
023111122,https://minedbuildings.z5.web.core.windows.net/global-buildings/2026-02-03/global-buildings.geojsonl/RegionName=UnitedStates/quadkey=023111122/part-00078-4feead82-d499-422b-94cb-c036c212127a.c000.csv.gz
023111123,https://minedbuildings.z5.web.core.windows.net/global-buildings/2026-02-03/global-buildings.geojsonl/RegionName=UnitedStates/quadkey=023111123/part-00165-4feead82-d499-422b-94cb-c036c212127a.c000.csv.gz
023111130,https://minedbuildings.z5.web.core.windows.net/global-buildings/2026-02-03/global-buildings.geojsonl/RegionName=UnitedStates/quadkey=023111130/part-00188-4feead82-d499-422b-94cb-c036c212127a.c000.csv.gz
023111131,https://minedbuildings.z5.web.core.windows.net/global-buildings/2026-02-03/global-buildings.geojsonl/RegionName=UnitedStates/quadkey=023111131/part-00190-4feead82-d499-422b-94cb-c036c212127a.c000.csv.gz
023111132,https://minedbuildings.z5.web.core.windows.net/global-buildings/2026-02-03/global-buildings.geojsonl/RegionName=UnitedStates/quadkey=023111132/part-00038-4feead82-d499-422b-94cb-c036c212127a.c000.csv.gz
023111133,https://minedbuildings.z5.web.core.windows.net/global-buildings/2026-02-03/global-buildings.geojsonl/RegionName=UnitedStates/quadkey=023111133/part-00183-4feead82-d499-422b-94cb-c036c212127a.c000.csv.gz
023111200,https://minedbuildings.z5.web.core.windows.net/global-buildings/2026-02-03/global-buildings.geojsonl/RegionName=UnitedStates/quadkey=023111200/part-00001-4feead82-d499-422b-94cb-c036c212127a.c000.csv.gz
023111201,https://minedbuildings.z5.web.core.windows.net/global-buildings/2026-02-03/global-buildings.geojsonl/RegionName=UnitedStates/quadkey=023111201/part-00149-4feead82-d499-422b-94cb-c036c212127a.c000.csv.gz
023111202,https://minedbuildings.z5.web.core.windows.net/global-buildings/2026-02-03/global-buildings.geojsonl/RegionName=UnitedStates/quadkey=023111202/part-00165-4feead82-d499-422b-94cb-c036c212127a.c000.csv.gz
023111203,https://minedbuildings.z5.web.core.windows.net/global-buildings/2026-02-03/global-buildings.geojsonl/RegionName=UnitedStates/quadkey=023111203/part-00110-4feead82-d499-422b-94cb-c036c212127a.c000.csv.gz
023111210,https://minedbuildings.z5.web.core.windows.net/global-buildings/2026-02-03/global-buildings.geojsonl/RegionName=UnitedStates/quadkey=023111210/part-00137-4feead82-d499-422b-94cb-c036c212127a.c000.csv.gz
023111211,https://minedbuildings.z5.web.core.windows.net/global-buildings/2026-02-03/global-buildings.geojsonl/RegionName=UnitedStates/quadkey=023111211/part-00054-4feead82-d499-422b-94cb-c036c212127a.c000.csv.gz
023111212,https://minedbuildings.z5.web.core.windows.net/global-buildings/2026-02-03/global-buildings.geojsonl/RegionName=UnitedStates/quadkey=023111212/part-00147-4feead82-d499-422b-94cb-c036c212127a.c000.csv.gz
023111213,https://minedbuildings.z5.web.core.windows.net/global-buildings/2026-02-03/global-buildings.geojsonl/RegionName=UnitedStates/quadkey=023111213/part-00189-4feead82-d499-422b-94cb-c036c212127a.c000.csv.gz
023111220,https://minedbuildings.z5.web.core.windows.net/global-buildings/2026-02-03/global-buildings.geojsonl/RegionName=UnitedStates/quadkey=023111220/part-00119-4feead82-d499-422b-94cb-c036c212127a.c000.csv.gz
023111221,https://minedbuildings.z5.web.core.windows.net/global-buildings/2026-02-03/global-buildings.geojsonl/RegionName=UnitedStates/quadkey=023111221/part-00124-4feead82-d499-422b-94cb-c036c212127a.c000.csv.gz
023111222,https://minedbuildings.z5.web.core.windows.net/global-buildings/2026-02-03/global-buildings.geojsonl/RegionName=UnitedStates/quadkey=023111222/part-00151-4feead82-d499-422b-94cb-c036c212127a.c000.csv.gz
023111223,https://minedbuildings.z5.web.core.windows.net/global-buildings/2026-02-03/global-buildings.geojsonl/RegionName=UnitedStates/quadkey=023111223/part-00039-4feead82-d499-422b-94cb-c036c212127a.c000.csv.gz
023111230,https://minedbuildings.z5.web.core.windows.net/global-buildings/2026-02-03/global-buildings.geojsonl/RegionName=UnitedStates/quadkey=023111230/part-00041-4feead82-d499-422b-94cb-c036c212127a.c000.csv.gz
023111231,https://minedbuildings.z5.web.core.windows.net/global-buildings/2026-02-03/global-buildings.geojsonl/RegionName=UnitedStates/quadkey=023111231/part-00179-4feead82-d499-422b-94cb-c036c212127a.c000.csv.gz
023111232,https://minedbuildings.z5.web.core.windows.net/global-buildings/2026-02-03/global-buildings.geojsonl/RegionName=UnitedStates/quadkey=023111232/part-00066-4feead82-d499-422b-94cb-c036c212127a.c000.csv.gz
023111233,https://minedbuildings.z5.web.core.windows.net/global-buildings/2026-02-03/global-buildings.geojsonl/RegionName=UnitedStates/quadkey=023111233/part-00193-4feead82-d499-422b-94cb-c036c212127a.c000.csv.gz
023111300,https://minedbuildings.z5.web.core.windows.net/global-buildings/2026-02-03/global-buildings.geojsonl/RegionName=UnitedStates/quadkey=023111300/part-00139-4feead82-d499-422b-94cb-c036c212127a.c000.csv.gz
023111301,https://minedbuildings.z5.web.core.windows.net/global-buildings/2026-02-03/global-buildings.geojsonl/RegionName=UnitedStates/quadkey=023111301/part-00061-4feead82-d499-422b-94cb-c036c212127a.c000.csv.gz
023111302,https://minedbuildings.z5.web.core.windows.net/global-buildings/2026-02-03/global-buildings.geojsonl/RegionName=UnitedStates/quadkey=023111302/part-00111-4feead82-d499-422b-94cb-c036c212127a.c000.csv.gz
023111303,https://minedbuildings.z5.web.core.windows.net/global-buildings/2026-02-03/global-buildings.geojsonl/RegionName=UnitedStates/quadkey=023111303/part-00016-4feead82-d499-422b-94cb-c036c212127a.c000.csv.gz
023111310,https://minedbuildings.z5.web.core.windows.net/global-buildings/2026-02-03/global-buildings.geojsonl/RegionName=UnitedStates/quadkey=023111310/part-00107-4feead82-d499-422b-94cb-c036c212127a.c000.csv.gz
023111311,https://minedbuildings.z5.web.core.windows.net/global-buildings/2026-02-03/global-buildings.geojsonl/RegionName=UnitedStates/quadkey=023111311/part-00084-4feead82-d499-422b-94cb-c036c212127a.c000.csv.gz
023111312,https://minedbuildings.z5.web.core.windows.net/global-buildings/2026-02-03/global-buildings.geojsonl/RegionName=UnitedStates/quadkey=023111312/part-00148-4feead82-d499-422b-94cb-c036c212127a.c000.csv.gz
023111313,https://minedbuildings.z5.web.core.windows.net/global-buildings/2026-02-03/global-buildings.geojsonl/RegionName=UnitedStates/quadkey=023111313/part-00168-4feead82-d499-422b-94cb-c036c212127a.c000.csv.gz
023111320,https://minedbuildings.z5.web.core.windows.net/global-buildings/2026-02-03/global-buildings.geojsonl/RegionName=UnitedStates/quadkey=023111320/part-00089-4feead82-d499-422b-94cb-c036c212127a.c000.csv.gz
023111321,https://minedbuildings.z5.web.core.windows.net/global-buildings/2026-02-03/global-buildings.geojsonl/RegionName=UnitedStates/quadkey=023111321/part-00199-4feead82-d499-422b-94cb-c036c212127a.c000.csv.gz
023111322,https://minedbuildings.z5.web.core.windows.net/global-buildings/2026-02-03/global-buildings.geojsonl/RegionName=UnitedStates/quadkey=023111322/part-00087-4feead82-d499-422b-94cb-c036c212127a.c000.csv.gz
023111323,https://minedbuildings.z5.web.core.windows.net/global-buildings/2026-02-03/global-buildings.geojsonl/RegionName=UnitedStates/quadkey=023111323/part-00021-4feead82-d499-422b-94cb-c036c212127a.c000.csv.gz
023111330,https://minedbuildings.z5.web.core.windows.net/global-buildings/2026-02-03/global-buildings.geojsonl/RegionName=UnitedStates/quadkey=023111330/part-00057-4feead82-d499-422b-94cb-c036c212127a.c000.csv.gz
023111331,https://minedbuildings.z5.web.core.windows.net/global-buildings/2026-02-03/global-buildings.geojsonl/RegionName=UnitedStates/quadkey=023111331/part-00092-4feead82-d499-422b-94cb-c036c212127a.c000.csv.gz
023111332,https://minedbuildings.z5.web.core.windows.net/global-buildings/2026-02-03/global-buildings.geojsonl/RegionName=UnitedStates/quadkey=023111332/part-00110-4feead82-d499-422b-94cb-c036c212127a.c000.csv.gz
023111333,https://minedbuildings.z5.web.core.windows.net/global-buildings/2026-02-03/global-buildings.geojsonl/RegionName=UnitedStates/quadkey=023111333/part-00103-4feead82-d499-422b-94cb-c036c212127a.c000.csv.gz
023112000,https://minedbuildings.z5.web.core.windows.net/global-buildings/2026-02-03/global-buildings.geojsonl/RegionName=UnitedStates/quadkey=023112000/part-00163-4feead82-d499-422b-94cb-c036c212127a.c000.csv.gz
023112001,https://minedbuildings.z5.web.core.windows.net/global-buildings/2026-02-03/global-buildings.geojsonl/RegionName=UnitedStates/quadkey=023112001/part-00074-4feead82-d499-422b-94cb-c036c212127a.c000.csv.gz
023112002,https://minedbuildings.z5.web.core.windows.net/global-buildings/2026-02-03/global-buildings.geojsonl/RegionName=UnitedStates/quadkey=023112002/part-00103-4feead82-d499-422b-94cb-c036c212127a.c000.csv.gz
023112003,https://minedbuildings.z5.web.core.windows.net/global-buildings/2026-02-03/global-buildings.geojsonl/RegionName=UnitedStates/quadkey=023112003/part-00183-4feead82-d499-422b-94cb-c036c212127a.c000.csv.gz
023112010,https://minedbuildings.z5.web.core.windows.net/global-buildings/2026-02-03/global-buildings.geojsonl/RegionName=UnitedStates/quadkey=023112010/part-00174-4feead82-d499-422b-94cb-c036c212127a.c000.csv.gz
023112011,https://minedbuildings.z5.web.core.windows.net/global-buildings/2026-02-03/global-buildings.geojsonl/RegionName=UnitedStates/quadkey=023112011/part-00063-4feead82-d499-422b-94cb-c036c212127a.c000.csv.gz
023112012,https://minedbuildings.z5.web.core.windows.net/global-buildings/2026-02-03/global-buildings.geojsonl/RegionName=UnitedStates/quadkey=023112012/part-00157-4feead82-d499-422b-94cb-c036c212127a.c000.csv.gz
023112013,https://minedbuildings.z5.web.core.windows.net/global-buildings/2026-02-03/global-buildings.geojsonl/RegionName=UnitedStates/quadkey=023112013/part-00166-4feead82-d499-422b-94cb-c036c212127a.c000.csv.gz
023112020,https://minedbuildings.z5.web.core.windows.net/global-buildings/2026-02-03/global-buildings.geojsonl/RegionName=UnitedStates/quadkey=023112020/part-00065-4feead82-d499-422b-94cb-c036c212127a.c000.csv.gz
023112021,https://minedbuildings.z5.web.core.windows.net/global-buildings/2026-02-03/global-buildings.geojsonl/RegionName=UnitedStates/quadkey=023112021/part-00068-4feead82-d499-422b-94cb-c036c212127a.c000.csv.gz
023112022,https://minedbuildings.z5.web.core.windows.net/global-buildings/2026-02-03/global-buildings.geojsonl/RegionName=UnitedStates/quadkey=023112022/part-00181-4feead82-d499-422b-94cb-c036c212127a.c000.csv.gz
023112023,https://minedbuildings.z5.web.core.windows.net/global-buildings/2026-02-03/global-buildings.geojsonl/RegionName=UnitedStates/quadkey=023112023/part-00182-4feead82-d499-422b-94cb-c036c212127a.c000.csv.gz
023112030,https://minedbuildings.z5.web.core.windows.net/global-buildings/2026-02-03/global-buildings.geojsonl/RegionName=UnitedStates/quadkey=023112030/part-00137-4feead82-d499-422b-94cb-c036c212127a.c000.csv.gz
023112031,https://minedbuildings.z5.web.core.windows.net/global-buildings/2026-02-03/global-buildings.geojsonl/RegionName=UnitedStates/quadkey=023112031/part-00093-4feead82-d499-422b-94cb-c036c212127a.c000.csv.gz
023112032,https://minedbuildings.z5.web.core.windows.net/global-buildings/2026-02-03/global-buildings.geojsonl/RegionName=UnitedStates/quadkey=023112032/part-00139-4feead82-d499-422b-94cb-c036c212127a.c000.csv.gz
023112033,https://minedbuildings.z5.web.core.windows.net/global-buildings/2026-02-03/global-buildings.geojsonl/RegionName=UnitedStates/quadkey=023112033/part-00125-4feead82-d499-422b-94cb-c036c212127a.c000.csv.gz
023112100,https://minedbuildings.z5.web.core.windows.net/global-buildings/2026-02-03/global-buildings.geojsonl/RegionName=UnitedStates/quadkey=023112100/part-00011-4feead82-d499-422b-94cb-c036c212127a.c000.csv.gz
023112101,https://minedbuildings.z5.web.core.windows.net/global-buildings/2026-02-03/global-buildings.geojsonl/RegionName=UnitedStates/quadkey=023112101/part-00144-4feead82-d499-422b-94cb-c036c212127a.c000.csv.gz
023112102,https://minedbuildings.z5.web.core.windows.net/global-buildings/2026-02-03/global-buildings.geojsonl/RegionName=UnitedStates/quadkey=023112102/part-00118-4feead82-d499-422b-94cb-c036c212127a.c000.csv.gz
023112103,https://minedbuildings.z5.web.core.windows.net/global-buildings/2026-02-03/global-buildings.geojsonl/RegionName=UnitedStates/quadkey=023112103/part-00164-4feead82-d499-422b-94cb-c036c212127a.c000.csv.gz
023112110,https://minedbuildings.z5.web.core.windows.net/global-buildings/2026-02-03/global-buildings.geojsonl/RegionName=UnitedStates/quadkey=023112110/part-00133-4feead82-d499-422b-94cb-c036c212127a.c000.csv.gz
023112111,https://minedbuildings.z5.web.core.windows.net/global-buildings/2026-02-03/global-buildings.geojsonl/RegionName=UnitedStates/quadkey=023112111/part-00101-4feead82-d499-422b-94cb-c036c212127a.c000.csv.gz
023112112,https://minedbuildings.z5.web.core.windows.net/global-buildings/2026-02-03/global-buildings.geojsonl/RegionName=UnitedStates/quadkey=023112112/part-00017-4feead82-d499-422b-94cb-c036c212127a.c000.csv.gz
023112113,https://minedbuildings.z5.web.core.windows.net/global-buildings/2026-02-03/global-buildings.geojsonl/RegionName=UnitedStates/quadkey=023112113/part-00164-4feead82-d499-422b-94cb-c036c212127a.c000.csv.gz
023112120,https://minedbuildings.z5.web.core.windows.net/global-buildings/2026-02-03/global-buildings.geojsonl/RegionName=UnitedStates/quadkey=023112120/part-00024-4feead82-d499-422b-94cb-c036c212127a.c000.csv.gz
023112121,https://minedbuildings.z5.web.core.windows.net/global-buildings/2026-02-03/global-buildings.geojsonl/RegionName=UnitedStates/quadkey=023112121/part-00096-4feead82-d499-422b-94cb-c036c212127a.c000.csv.gz
023112122,https://minedbuildings.z5.web.core.windows.net/global-buildings/2026-02-03/global-buildings.geojsonl/RegionName=UnitedStates/quadkey=023112122/part-00162-4feead82-d499-422b-94cb-c036c212127a.c000.csv.gz
023112123,https://minedbuildings.z5.web.core.windows.net/global-buildings/2026-02-03/global-buildings.geojsonl/RegionName=UnitedStates/quadkey=023112123/part-00095-4feead82-d499-422b-94cb-c036c212127a.c000.csv.gz
023112130,https://minedbuildings.z5.web.core.windows.net/global-buildings/2026-02-03/global-buildings.geojsonl/RegionName=UnitedStates/quadkey=023112130/part-00188-4feead82-d499-422b-94cb-c036c212127a.c000.csv.gz
023112131,https://minedbuildings.z5.web.core.windows.net/global-buildings/2026-02-03/global-buildings.geojsonl/RegionName=UnitedStates/quadkey=023112131/part-00034-4feead82-d499-422b-94cb-c036c212127a.c000.csv.gz
023112132,https://minedbuildings.z5.web.core.windows.net/global-buildings/2026-02-03/global-buildings.geojsonl/RegionName=UnitedStates/quadkey=023112132/part-00156-4feead82-d499-422b-94cb-c036c212127a.c000.csv.gz
023112133,https://minedbuildings.z5.web.core.windows.net/global-buildings/2026-02-03/global-buildings.geojsonl/RegionName=UnitedStates/quadkey=023112133/part-00134-4feead82-d499-422b-94cb-c036c212127a.c000.csv.gz
023112200,https://minedbuildings.z5.web.core.windows.net/global-buildings/2026-02-03/global-buildings.geojsonl/RegionName=UnitedStates/quadkey=023112200/part-00087-4feead82-d499-422b-94cb-c036c212127a.c000.csv.gz
023112201,https://minedbuildings.z5.web.core.windows.net/global-buildings/2026-02-03/global-buildings.geojsonl/RegionName=UnitedStates/quadkey=023112201/part-00139-4feead82-d499-422b-94cb-c036c212127a.c000.csv.gz
023112202,https://minedbuildings.z5.web.core.windows.net/global-buildings/2026-02-03/global-buildings.geojsonl/RegionName=UnitedStates/quadkey=023112202/part-00063-4feead82-d499-422b-94cb-c036c212127a.c000.csv.gz
023112203,https://minedbuildings.z5.web.core.windows.net/global-buildings/2026-02-03/global-buildings.geojsonl/RegionName=UnitedStates/quadkey=023112203/part-00141-4feead82-d499-422b-94cb-c036c212127a.c000.csv.gz
023112210,https://minedbuildings.z5.web.core.windows.net/global-buildings/2026-02-03/global-buildings.geojsonl/RegionName=UnitedStates/quadkey=023112210/part-00053-4feead82-d499-422b-94cb-c036c212127a.c000.csv.gz
023112211,https://minedbuildings.z5.web.core.windows.net/global-buildings/2026-02-03/global-buildings.geojsonl/RegionName=UnitedStates/quadkey=023112211/part-00097-4feead82-d499-422b-94cb-c036c212127a.c000.csv.gz
023112212,https://minedbuildings.z5.web.core.windows.net/global-buildings/2026-02-03/global-buildings.geojsonl/RegionName=UnitedStates/quadkey=023112212/part-00088-4feead82-d499-422b-94cb-c036c212127a.c000.csv.gz
023112213,https://minedbuildings.z5.web.core.windows.net/global-buildings/2026-02-03/global-buildings.geojsonl/RegionName=UnitedStates/quadkey=023112213/part-00040-4feead82-d499-422b-94cb-c036c212127a.c000.csv.gz
023112220,https://minedbuildings.z5.web.core.windows.net/global-buildings/2026-02-03/global-buildings.geojsonl/RegionName=UnitedStates/quadkey=023112220/part-00025-4feead82-d499-422b-94cb-c036c212127a.c000.csv.gz
023112221,https://minedbuildings.z5.web.core.windows.net/global-buildings/2026-02-03/global-buildings.geojsonl/RegionName=UnitedStates/quadkey=023112221/part-00109-4feead82-d499-422b-94cb-c036c212127a.c000.csv.gz
023112222,https://minedbuildings.z5.web.core.windows.net/global-buildings/2026-02-03/global-buildings.geojsonl/RegionName=UnitedStates/quadkey=023112222/part-00008-4feead82-d499-422b-94cb-c036c212127a.c000.csv.gz
023112223,https://minedbuildings.z5.web.core.windows.net/global-buildings/2026-02-03/global-buildings.geojsonl/RegionName=UnitedStates/quadkey=023112223/part-00046-4feead82-d499-422b-94cb-c036c212127a.c000.csv.gz
023112230,https://minedbuildings.z5.web.core.windows.net/global-buildings/2026-02-03/global-buildings.geojsonl/RegionName=UnitedStates/quadkey=023112230/part-00016-4feead82-d499-422b-94cb-c036c212127a.c000.csv.gz
023112231,https://minedbuildings.z5.web.core.windows.net/global-buildings/2026-02-03/global-buildings.geojsonl/RegionName=UnitedStates/quadkey=023112231/part-00186-4feead82-d499-422b-94cb-c036c212127a.c000.csv.gz
023112232,https://minedbuildings.z5.web.core.windows.net/global-buildings/2026-02-03/global-buildings.geojsonl/RegionName=UnitedStates/quadkey=023112232/part-00036-4feead82-d499-422b-94cb-c036c212127a.c000.csv.gz
023112233,https://minedbuildings.z5.web.core.windows.net/global-buildings/2026-02-03/global-buildings.geojsonl/RegionName=UnitedStates/quadkey=023112233/part-00162-4feead82-d499-422b-94cb-c036c212127a.c000.csv.gz
023112300,https://minedbuildings.z5.web.core.windows.net/global-buildings/2026-02-03/global-buildings.geojsonl/RegionName=UnitedStates/quadkey=023112300/part-00179-4feead82-d499-422b-94cb-c036c212127a.c000.csv.gz
023112301,https://minedbuildings.z5.web.core.windows.net/global-buildings/2026-02-03/global-buildings.geojsonl/RegionName=UnitedStates/quadkey=023112301/part-00197-4feead82-d499-422b-94cb-c036c212127a.c000.csv.gz
023112302,https://minedbuildings.z5.web.core.windows.net/global-buildings/2026-02-03/global-buildings.geojsonl/RegionName=UnitedStates/quadkey=023112302/part-00078-4feead82-d499-422b-94cb-c036c212127a.c000.csv.gz
023112303,https://minedbuildings.z5.web.core.windows.net/global-buildings/2026-02-03/global-buildings.geojsonl/RegionName=UnitedStates/quadkey=023112303/part-00156-4feead82-d499-422b-94cb-c036c212127a.c000.csv.gz
023112310,https://minedbuildings.z5.web.core.windows.net/global-buildings/2026-02-03/global-buildings.geojsonl/RegionName=UnitedStates/quadkey=023112310/part-00015-4feead82-d499-422b-94cb-c036c212127a.c000.csv.gz
023112311,https://minedbuildings.z5.web.core.windows.net/global-buildings/2026-02-03/global-buildings.geojsonl/RegionName=UnitedStates/quadkey=023112311/part-00100-4feead82-d499-422b-94cb-c036c212127a.c000.csv.gz
023112312,https://minedbuildings.z5.web.core.windows.net/global-buildings/2026-02-03/global-buildings.geojsonl/RegionName=UnitedStates/quadkey=023112312/part-00029-4feead82-d499-422b-94cb-c036c212127a.c000.csv.gz
023112313,https://minedbuildings.z5.web.core.windows.net/global-buildings/2026-02-03/global-buildings.geojsonl/RegionName=UnitedStates/quadkey=023112313/part-00143-4feead82-d499-422b-94cb-c036c212127a.c000.csv.gz
023112320,https://minedbuildings.z5.web.core.windows.net/global-buildings/2026-02-03/global-buildings.geojsonl/RegionName=UnitedStates/quadkey=023112320/part-00185-4feead82-d499-422b-94cb-c036c212127a.c000.csv.gz
023112321,https://minedbuildings.z5.web.core.windows.net/global-buildings/2026-02-03/global-buildings.geojsonl/RegionName=UnitedStates/quadkey=023112321/part-00046-4feead82-d499-422b-94cb-c036c212127a.c000.csv.gz
023112322,https://minedbuildings.z5.web.core.windows.net/global-buildings/2026-02-03/global-buildings.geojsonl/RegionName=UnitedStates/quadkey=023112322/part-00039-4feead82-d499-422b-94cb-c036c212127a.c000.csv.gz
023112323,https://minedbuildings.z5.web.core.windows.net/global-buildings/2026-02-03/global-buildings.geojsonl/RegionName=UnitedStates/quadkey=023112323/part-00058-4feead82-d499-422b-94cb-c036c212127a.c000.csv.gz
023112330,https://minedbuildings.z5.web.core.windows.net/global-buildings/2026-02-03/global-buildings.geojsonl/RegionName=UnitedStates/quadkey=023112330/part-00058-4feead82-d499-422b-94cb-c036c212127a.c000.csv.gz
023112331,https://minedbuildings.z5.web.core.windows.net/global-buildings/2026-02-03/global-buildings.geojsonl/RegionName=UnitedStates/quadkey=023112331/part-00110-4feead82-d499-422b-94cb-c036c212127a.c000.csv.gz
023112332,https://minedbuildings.z5.web.core.windows.net/global-buildings/2026-02-03/global-buildings.geojsonl/RegionName=UnitedStates/quadkey=023112332/part-00124-4feead82-d499-422b-94cb-c036c212127a.c000.csv.gz
023112333,https://minedbuildings.z5.web.core.windows.net/global-buildings/2026-02-03/global-buildings.geojsonl/RegionName=UnitedStates/quadkey=023112333/part-00150-4feead82-d499-422b-94cb-c036c212127a.c000.csv.gz
023113000,https://minedbuildings.z5.web.core.windows.net/global-buildings/2026-02-03/global-buildings.geojsonl/RegionName=UnitedStates/quadkey=023113000/part-00161-4feead82-d499-422b-94cb-c036c212127a.c000.csv.gz
023113001,https://minedbuildings.z5.web.core.windows.net/global-buildings/2026-02-03/global-buildings.geojsonl/RegionName=UnitedStates/quadkey=023113001/part-00087-4feead82-d499-422b-94cb-c036c212127a.c000.csv.gz
023113002,https://minedbuildings.z5.web.core.windows.net/global-buildings/2026-02-03/global-buildings.geojsonl/RegionName=UnitedStates/quadkey=023113002/part-00026-4feead82-d499-422b-94cb-c036c212127a.c000.csv.gz
023113003,https://minedbuildings.z5.web.core.windows.net/global-buildings/2026-02-03/global-buildings.geojsonl/RegionName=UnitedStates/quadkey=023113003/part-00019-4feead82-d499-422b-94cb-c036c212127a.c000.csv.gz
023113010,https://minedbuildings.z5.web.core.windows.net/global-buildings/2026-02-03/global-buildings.geojsonl/RegionName=UnitedStates/quadkey=023113010/part-00160-4feead82-d499-422b-94cb-c036c212127a.c000.csv.gz
023113011,https://minedbuildings.z5.web.core.windows.net/global-buildings/2026-02-03/global-buildings.geojsonl/RegionName=UnitedStates/quadkey=023113011/part-00077-4feead82-d499-422b-94cb-c036c212127a.c000.csv.gz
023113012,https://minedbuildings.z5.web.core.windows.net/global-buildings/2026-02-03/global-buildings.geojsonl/RegionName=UnitedStates/quadkey=023113012/part-00003-4feead82-d499-422b-94cb-c036c212127a.c000.csv.gz
023113013,https://minedbuildings.z5.web.core.windows.net/global-buildings/2026-02-03/global-buildings.geojsonl/RegionName=UnitedStates/quadkey=023113013/part-00013-4feead82-d499-422b-94cb-c036c212127a.c000.csv.gz
023113020,https://minedbuildings.z5.web.core.windows.net/global-buildings/2026-02-03/global-buildings.geojsonl/RegionName=UnitedStates/quadkey=023113020/part-00097-4feead82-d499-422b-94cb-c036c212127a.c000.csv.gz
023113021,https://minedbuildings.z5.web.core.windows.net/global-buildings/2026-02-03/global-buildings.geojsonl/RegionName=UnitedStates/quadkey=023113021/part-00027-4feead82-d499-422b-94cb-c036c212127a.c000.csv.gz
023113022,https://minedbuildings.z5.web.core.windows.net/global-buildings/2026-02-03/global-buildings.geojsonl/RegionName=UnitedStates/quadkey=023113022/part-00098-4feead82-d499-422b-94cb-c036c212127a.c000.csv.gz
023113023,https://minedbuildings.z5.web.core.windows.net/global-buildings/2026-02-03/global-buildings.geojsonl/RegionName=UnitedStates/quadkey=023113023/part-00154-4feead82-d499-422b-94cb-c036c212127a.c000.csv.gz
023113030,https://minedbuildings.z5.web.core.windows.net/global-buildings/2026-02-03/global-buildings.geojsonl/RegionName=UnitedStates/quadkey=023113030/part-00165-4feead82-d499-422b-94cb-c036c212127a.c000.csv.gz
023113031,https://minedbuildings.z5.web.core.windows.net/global-buildings/2026-02-03/global-buildings.geojsonl/RegionName=UnitedStates/quadkey=023113031/part-00016-4feead82-d499-422b-94cb-c036c212127a.c000.csv.gz
023113032,https://minedbuildings.z5.web.core.windows.net/global-buildings/2026-02-03/global-buildings.geojsonl/RegionName=UnitedStates/quadkey=023113032/part-00026-4feead82-d499-422b-94cb-c036c212127a.c000.csv.gz
023113033,https://minedbuildings.z5.web.core.windows.net/global-buildings/2026-02-03/global-buildings.geojsonl/RegionName=UnitedStates/quadkey=023113033/part-00150-4feead82-d499-422b-94cb-c036c212127a.c000.csv.gz
023113100,https://minedbuildings.z5.web.core.windows.net/global-buildings/2026-02-03/global-buildings.geojsonl/RegionName=UnitedStates/quadkey=023113100/part-00028-4feead82-d499-422b-94cb-c036c212127a.c000.csv.gz
023113101,https://minedbuildings.z5.web.core.windows.net/global-buildings/2026-02-03/global-buildings.geojsonl/RegionName=UnitedStates/quadkey=023113101/part-00032-4feead82-d499-422b-94cb-c036c212127a.c000.csv.gz
023113102,https://minedbuildings.z5.web.core.windows.net/global-buildings/2026-02-03/global-buildings.geojsonl/RegionName=UnitedStates/quadkey=023113102/part-00080-4feead82-d499-422b-94cb-c036c212127a.c000.csv.gz
023113103,https://minedbuildings.z5.web.core.windows.net/global-buildings/2026-02-03/global-buildings.geojsonl/RegionName=UnitedStates/quadkey=023113103/part-00025-4feead82-d499-422b-94cb-c036c212127a.c000.csv.gz
023113110,https://minedbuildings.z5.web.core.windows.net/global-buildings/2026-02-03/global-buildings.geojsonl/RegionName=UnitedStates/quadkey=023113110/part-00161-4feead82-d499-422b-94cb-c036c212127a.c000.csv.gz
023113111,https://minedbuildings.z5.web.core.windows.net/global-buildings/2026-02-03/global-buildings.geojsonl/RegionName=UnitedStates/quadkey=023113111/part-00132-4feead82-d499-422b-94cb-c036c212127a.c000.csv.gz
023113112,https://minedbuildings.z5.web.core.windows.net/global-buildings/2026-02-03/global-buildings.geojsonl/RegionName=UnitedStates/quadkey=023113112/part-00094-4feead82-d499-422b-94cb-c036c212127a.c000.csv.gz
023113113,https://minedbuildings.z5.web.core.windows.net/global-buildings/2026-02-03/global-buildings.geojsonl/RegionName=UnitedStates/quadkey=023113113/part-00042-4feead82-d499-422b-94cb-c036c212127a.c000.csv.gz
023113120,https://minedbuildings.z5.web.core.windows.net/global-buildings/2026-02-03/global-buildings.geojsonl/RegionName=UnitedStates/quadkey=023113120/part-00109-4feead82-d499-422b-94cb-c036c212127a.c000.csv.gz
023113121,https://minedbuildings.z5.web.core.windows.net/global-buildings/2026-02-03/global-buildings.geojsonl/RegionName=UnitedStates/quadkey=023113121/part-00012-4feead82-d499-422b-94cb-c036c212127a.c000.csv.gz
023113122,https://minedbuildings.z5.web.core.windows.net/global-buildings/2026-02-03/global-buildings.geojsonl/RegionName=UnitedStates/quadkey=023113122/part-00176-4feead82-d499-422b-94cb-c036c212127a.c000.csv.gz
023113123,https://minedbuildings.z5.web.core.windows.net/global-buildings/2026-02-03/global-buildings.geojsonl/RegionName=UnitedStates/quadkey=023113123/part-00191-4feead82-d499-422b-94cb-c036c212127a.c000.csv.gz
023113130,https://minedbuildings.z5.web.core.windows.net/global-buildings/2026-02-03/global-buildings.geojsonl/RegionName=UnitedStates/quadkey=023113130/part-00199-4feead82-d499-422b-94cb-c036c212127a.c000.csv.gz
023113131,https://minedbuildings.z5.web.core.windows.net/global-buildings/2026-02-03/global-buildings.geojsonl/RegionName=UnitedStates/quadkey=023113131/part-00086-4feead82-d499-422b-94cb-c036c212127a.c000.csv.gz
023113132,https://minedbuildings.z5.web.core.windows.net/global-buildings/2026-02-03/global-buildings.geojsonl/RegionName=UnitedStates/quadkey=023113132/part-00110-4feead82-d499-422b-94cb-c036c212127a.c000.csv.gz
023113133,https://minedbuildings.z5.web.core.windows.net/global-buildings/2026-02-03/global-buildings.geojsonl/RegionName=UnitedStates/quadkey=023113133/part-00123-4feead82-d499-422b-94cb-c036c212127a.c000.csv.gz
023113200,https://minedbuildings.z5.web.core.windows.net/global-buildings/2026-02-03/global-buildings.geojsonl/RegionName=UnitedStates/quadkey=023113200/part-00140-4feead82-d499-422b-94cb-c036c212127a.c000.csv.gz
023113201,https://minedbuildings.z5.web.core.windows.net/global-buildings/2026-02-03/global-buildings.geojsonl/RegionName=UnitedStates/quadkey=023113201/part-00045-4feead82-d499-422b-94cb-c036c212127a.c000.csv.gz
023113202,https://minedbuildings.z5.web.core.windows.net/global-buildings/2026-02-03/global-buildings.geojsonl/RegionName=UnitedStates/quadkey=023113202/part-00025-4feead82-d499-422b-94cb-c036c212127a.c000.csv.gz
023113203,https://minedbuildings.z5.web.core.windows.net/global-buildings/2026-02-03/global-buildings.geojsonl/RegionName=UnitedStates/quadkey=023113203/part-00163-4feead82-d499-422b-94cb-c036c212127a.c000.csv.gz
023113210,https://minedbuildings.z5.web.core.windows.net/global-buildings/2026-02-03/global-buildings.geojsonl/RegionName=UnitedStates/quadkey=023113210/part-00095-4feead82-d499-422b-94cb-c036c212127a.c000.csv.gz
023113211,https://minedbuildings.z5.web.core.windows.net/global-buildings/2026-02-03/global-buildings.geojsonl/RegionName=UnitedStates/quadkey=023113211/part-00100-4feead82-d499-422b-94cb-c036c212127a.c000.csv.gz
023113212,https://minedbuildings.z5.web.core.windows.net/global-buildings/2026-02-03/global-buildings.geojsonl/RegionName=UnitedStates/quadkey=023113212/part-00042-4feead82-d499-422b-94cb-c036c212127a.c000.csv.gz
023113213,https://minedbuildings.z5.web.core.windows.net/global-buildings/2026-02-03/global-buildings.geojsonl/RegionName=UnitedStates/quadkey=023113213/part-00177-4feead82-d499-422b-94cb-c036c212127a.c000.csv.gz
023113220,https://minedbuildings.z5.web.core.windows.net/global-buildings/2026-02-03/global-buildings.geojsonl/RegionName=UnitedStates/quadkey=023113220/part-00169-4feead82-d499-422b-94cb-c036c212127a.c000.csv.gz
023113221,https://minedbuildings.z5.web.core.windows.net/global-buildings/2026-02-03/global-buildings.geojsonl/RegionName=UnitedStates/quadkey=023113221/part-00104-4feead82-d499-422b-94cb-c036c212127a.c000.csv.gz
023113222,https://minedbuildings.z5.web.core.windows.net/global-buildings/2026-02-03/global-buildings.geojsonl/RegionName=UnitedStates/quadkey=023113222/part-00004-4feead82-d499-422b-94cb-c036c212127a.c000.csv.gz
023113223,https://minedbuildings.z5.web.core.windows.net/global-buildings/2026-02-03/global-buildings.geojsonl/RegionName=UnitedStates/quadkey=023113223/part-00078-4feead82-d499-422b-94cb-c036c212127a.c000.csv.gz
023113230,https://minedbuildings.z5.web.core.windows.net/global-buildings/2026-02-03/global-buildings.geojsonl/RegionName=UnitedStates/quadkey=023113230/part-00152-4feead82-d499-422b-94cb-c036c212127a.c000.csv.gz
023113231,https://minedbuildings.z5.web.core.windows.net/global-buildings/2026-02-03/global-buildings.geojsonl/RegionName=UnitedStates/quadkey=023113231/part-00065-4feead82-d499-422b-94cb-c036c212127a.c000.csv.gz
023113232,https://minedbuildings.z5.web.core.windows.net/global-buildings/2026-02-03/global-buildings.geojsonl/RegionName=UnitedStates/quadkey=023113232/part-00098-4feead82-d499-422b-94cb-c036c212127a.c000.csv.gz
023113233,https://minedbuildings.z5.web.core.windows.net/global-buildings/2026-02-03/global-buildings.geojsonl/RegionName=UnitedStates/quadkey=023113233/part-00129-4feead82-d499-422b-94cb-c036c212127a.c000.csv.gz
023113300,https://minedbuildings.z5.web.core.windows.net/global-buildings/2026-02-03/global-buildings.geojsonl/RegionName=UnitedStates/quadkey=023113300/part-00139-4feead82-d499-422b-94cb-c036c212127a.c000.csv.gz
023113301,https://minedbuildings.z5.web.core.windows.net/global-buildings/2026-02-03/global-buildings.geojsonl/RegionName=UnitedStates/quadkey=023113301/part-00070-4feead82-d499-422b-94cb-c036c212127a.c000.csv.gz
023113302,https://minedbuildings.z5.web.core.windows.net/global-buildings/2026-02-03/global-buildings.geojsonl/RegionName=UnitedStates/quadkey=023113302/part-00186-4feead82-d499-422b-94cb-c036c212127a.c000.csv.gz
023113303,https://minedbuildings.z5.web.core.windows.net/global-buildings/2026-02-03/global-buildings.geojsonl/RegionName=UnitedStates/quadkey=023113303/part-00009-4feead82-d499-422b-94cb-c036c212127a.c000.csv.gz
023113310,https://minedbuildings.z5.web.core.windows.net/global-buildings/2026-02-03/global-buildings.geojsonl/RegionName=UnitedStates/quadkey=023113310/part-00068-4feead82-d499-422b-94cb-c036c212127a.c000.csv.gz
023113311,https://minedbuildings.z5.web.core.windows.net/global-buildings/2026-02-03/global-buildings.geojsonl/RegionName=UnitedStates/quadkey=023113311/part-00014-4feead82-d499-422b-94cb-c036c212127a.c000.csv.gz
023113312,https://minedbuildings.z5.web.core.windows.net/global-buildings/2026-02-03/global-buildings.geojsonl/RegionName=UnitedStates/quadkey=023113312/part-00187-4feead82-d499-422b-94cb-c036c212127a.c000.csv.gz
023113313,https://minedbuildings.z5.web.core.windows.net/global-buildings/2026-02-03/global-buildings.geojsonl/RegionName=UnitedStates/quadkey=023113313/part-00011-4feead82-d499-422b-94cb-c036c212127a.c000.csv.gz
023113320,https://minedbuildings.z5.web.core.windows.net/global-buildings/2026-02-03/global-buildings.geojsonl/RegionName=UnitedStates/quadkey=023113320/part-00142-4feead82-d499-422b-94cb-c036c212127a.c000.csv.gz
023113321,https://minedbuildings.z5.web.core.windows.net/global-buildings/2026-02-03/global-buildings.geojsonl/RegionName=UnitedStates/quadkey=023113321/part-00077-4feead82-d499-422b-94cb-c036c212127a.c000.csv.gz
023113322,https://minedbuildings.z5.web.core.windows.net/global-buildings/2026-02-03/global-buildings.geojsonl/RegionName=UnitedStates/quadkey=023113322/part-00117-4feead82-d499-422b-94cb-c036c212127a.c000.csv.gz
023113323,https://minedbuildings.z5.web.core.windows.net/global-buildings/2026-02-03/global-buildings.geojsonl/RegionName=UnitedStates/quadkey=023113323/part-00158-4feead82-d499-422b-94cb-c036c212127a.c000.csv.gz
023113330,https://minedbuildings.z5.web.core.windows.net/global-buildings/2026-02-03/global-buildings.geojsonl/RegionName=UnitedStates/quadkey=023113330/part-00067-4feead82-d499-422b-94cb-c036c212127a.c000.csv.gz
023113331,https://minedbuildings.z5.web.core.windows.net/global-buildings/2026-02-03/global-buildings.geojsonl/RegionName=UnitedStates/quadkey=023113331/part-00136-4feead82-d499-422b-94cb-c036c212127a.c000.csv.gz
023113332,https://minedbuildings.z5.web.core.windows.net/global-buildings/2026-02-03/global-buildings.geojsonl/RegionName=UnitedStates/quadkey=023113332/part-00058-4feead82-d499-422b-94cb-c036c212127a.c000.csv.gz
023113333,https://minedbuildings.z5.web.core.windows.net/global-buildings/2026-02-03/global-buildings.geojsonl/RegionName=UnitedStates/quadkey=023113333/part-00179-4feead82-d499-422b-94cb-c036c212127a.c000.csv.gz
023120000,https://minedbuildings.z5.web.core.windows.net/global-buildings/2026-02-03/global-buildings.geojsonl/RegionName=UnitedStates/quadkey=023120000/part-00176-4feead82-d499-422b-94cb-c036c212127a.c000.csv.gz
023120001,https://minedbuildings.z5.web.core.windows.net/global-buildings/2026-02-03/global-buildings.geojsonl/RegionName=UnitedStates/quadkey=023120001/part-00175-4feead82-d499-422b-94cb-c036c212127a.c000.csv.gz
023120010,https://minedbuildings.z5.web.core.windows.net/global-buildings/2026-02-03/global-buildings.geojsonl/RegionName=UnitedStates/quadkey=023120010/part-00034-4feead82-d499-422b-94cb-c036c212127a.c000.csv.gz
023120011,https://minedbuildings.z5.web.core.windows.net/global-buildings/2026-02-03/global-buildings.geojsonl/RegionName=UnitedStates/quadkey=023120011/part-00125-4feead82-d499-422b-94cb-c036c212127a.c000.csv.gz
023120012,https://minedbuildings.z5.web.core.windows.net/global-buildings/2026-02-03/global-buildings.geojsonl/RegionName=UnitedStates/quadkey=023120012/part-00159-4feead82-d499-422b-94cb-c036c212127a.c000.csv.gz
023120013,https://minedbuildings.z5.web.core.windows.net/global-buildings/2026-02-03/global-buildings.geojsonl/RegionName=UnitedStates/quadkey=023120013/part-00117-4feead82-d499-422b-94cb-c036c212127a.c000.csv.gz
023120100,https://minedbuildings.z5.web.core.windows.net/global-buildings/2026-02-03/global-buildings.geojsonl/RegionName=UnitedStates/quadkey=023120100/part-00054-4feead82-d499-422b-94cb-c036c212127a.c000.csv.gz
023120101,https://minedbuildings.z5.web.core.windows.net/global-buildings/2026-02-03/global-buildings.geojsonl/RegionName=UnitedStates/quadkey=023120101/part-00183-4feead82-d499-422b-94cb-c036c212127a.c000.csv.gz
023120102,https://minedbuildings.z5.web.core.windows.net/global-buildings/2026-02-03/global-buildings.geojsonl/RegionName=UnitedStates/quadkey=023120102/part-00169-4feead82-d499-422b-94cb-c036c212127a.c000.csv.gz
023120103,https://minedbuildings.z5.web.core.windows.net/global-buildings/2026-02-03/global-buildings.geojsonl/RegionName=UnitedStates/quadkey=023120103/part-00074-4feead82-d499-422b-94cb-c036c212127a.c000.csv.gz
023120110,https://minedbuildings.z5.web.core.windows.net/global-buildings/2026-02-03/global-buildings.geojsonl/RegionName=UnitedStates/quadkey=023120110/part-00129-4feead82-d499-422b-94cb-c036c212127a.c000.csv.gz
023120111,https://minedbuildings.z5.web.core.windows.net/global-buildings/2026-02-03/global-buildings.geojsonl/RegionName=UnitedStates/quadkey=023120111/part-00086-4feead82-d499-422b-94cb-c036c212127a.c000.csv.gz
023121000,https://minedbuildings.z5.web.core.windows.net/global-buildings/2026-02-03/global-buildings.geojsonl/RegionName=UnitedStates/quadkey=023121000/part-00046-4feead82-d499-422b-94cb-c036c212127a.c000.csv.gz
023121001,https://minedbuildings.z5.web.core.windows.net/global-buildings/2026-02-03/global-buildings.geojsonl/RegionName=UnitedStates/quadkey=023121001/part-00090-4feead82-d499-422b-94cb-c036c212127a.c000.csv.gz
023121003,https://minedbuildings.z5.web.core.windows.net/global-buildings/2026-02-03/global-buildings.geojsonl/RegionName=UnitedStates/quadkey=023121003/part-00110-4feead82-d499-422b-94cb-c036c212127a.c000.csv.gz
023121010,https://minedbuildings.z5.web.core.windows.net/global-buildings/2026-02-03/global-buildings.geojsonl/RegionName=UnitedStates/quadkey=023121010/part-00113-4feead82-d499-422b-94cb-c036c212127a.c000.csv.gz
023121011,https://minedbuildings.z5.web.core.windows.net/global-buildings/2026-02-03/global-buildings.geojsonl/RegionName=UnitedStates/quadkey=023121011/part-00148-4feead82-d499-422b-94cb-c036c212127a.c000.csv.gz
023121012,https://minedbuildings.z5.web.core.windows.net/global-buildings/2026-02-03/global-buildings.geojsonl/RegionName=UnitedStates/quadkey=023121012/part-00037-4feead82-d499-422b-94cb-c036c212127a.c000.csv.gz
023121013,https://minedbuildings.z5.web.core.windows.net/global-buildings/2026-02-03/global-buildings.geojsonl/RegionName=UnitedStates/quadkey=023121013/part-00067-4feead82-d499-422b-94cb-c036c212127a.c000.csv.gz
023121030,https://minedbuildings.z5.web.core.windows.net/global-buildings/2026-02-03/global-buildings.geojsonl/RegionName=UnitedStates/quadkey=023121030/part-00152-4feead82-d499-422b-94cb-c036c212127a.c000.csv.gz
023121031,https://minedbuildings.z5.web.core.windows.net/global-buildings/2026-02-03/global-buildings.geojsonl/RegionName=UnitedStates/quadkey=023121031/part-00050-4feead82-d499-422b-94cb-c036c212127a.c000.csv.gz
023121033,https://minedbuildings.z5.web.core.windows.net/global-buildings/2026-02-03/global-buildings.geojsonl/RegionName=UnitedStates/quadkey=023121033/part-00030-4feead82-d499-422b-94cb-c036c212127a.c000.csv.gz
023121100,https://minedbuildings.z5.web.core.windows.net/global-buildings/2026-02-03/global-buildings.geojsonl/RegionName=UnitedStates/quadkey=023121100/part-00062-4feead82-d499-422b-94cb-c036c212127a.c000.csv.gz
023121101,https://minedbuildings.z5.web.core.windows.net/global-buildings/2026-02-03/global-buildings.geojsonl/RegionName=UnitedStates/quadkey=023121101/part-00180-4feead82-d499-422b-94cb-c036c212127a.c000.csv.gz
023121102,https://minedbuildings.z5.web.core.windows.net/global-buildings/2026-02-03/global-buildings.geojsonl/RegionName=UnitedStates/quadkey=023121102/part-00116-4feead82-d499-422b-94cb-c036c212127a.c000.csv.gz
023121103,https://minedbuildings.z5.web.core.windows.net/global-buildings/2026-02-03/global-buildings.geojsonl/RegionName=UnitedStates/quadkey=023121103/part-00095-4feead82-d499-422b-94cb-c036c212127a.c000.csv.gz
023121110,https://minedbuildings.z5.web.core.windows.net/global-buildings/2026-02-03/global-buildings.geojsonl/RegionName=UnitedStates/quadkey=023121110/part-00052-4feead82-d499-422b-94cb-c036c212127a.c000.csv.gz
023121111,https://minedbuildings.z5.web.core.windows.net/global-buildings/2026-02-03/global-buildings.geojsonl/RegionName=UnitedStates/quadkey=023121111/part-00114-4feead82-d499-422b-94cb-c036c212127a.c000.csv.gz
023121112,https://minedbuildings.z5.web.core.windows.net/global-buildings/2026-02-03/global-buildings.geojsonl/RegionName=UnitedStates/quadkey=023121112/part-00078-4feead82-d499-422b-94cb-c036c212127a.c000.csv.gz
023121113,https://minedbuildings.z5.web.core.windows.net/global-buildings/2026-02-03/global-buildings.geojsonl/RegionName=UnitedStates/quadkey=023121113/part-00033-4feead82-d499-422b-94cb-c036c212127a.c000.csv.gz
023121120,https://minedbuildings.z5.web.core.windows.net/global-buildings/2026-02-03/global-buildings.geojsonl/RegionName=UnitedStates/quadkey=023121120/part-00130-4feead82-d499-422b-94cb-c036c212127a.c000.csv.gz
023121121,https://minedbuildings.z5.web.core.windows.net/global-buildings/2026-02-03/global-buildings.geojsonl/RegionName=UnitedStates/quadkey=023121121/part-00156-4feead82-d499-422b-94cb-c036c212127a.c000.csv.gz
023121122,https://minedbuildings.z5.web.core.windows.net/global-buildings/2026-02-03/global-buildings.geojsonl/RegionName=UnitedStates/quadkey=023121122/part-00169-4feead82-d499-422b-94cb-c036c212127a.c000.csv.gz
023121123,https://minedbuildings.z5.web.core.windows.net/global-buildings/2026-02-03/global-buildings.geojsonl/RegionName=UnitedStates/quadkey=023121123/part-00080-4feead82-d499-422b-94cb-c036c212127a.c000.csv.gz
023121130,https://minedbuildings.z5.web.core.windows.net/global-buildings/2026-02-03/global-buildings.geojsonl/RegionName=UnitedStates/quadkey=023121130/part-00171-4feead82-d499-422b-94cb-c036c212127a.c000.csv.gz
023121131,https://minedbuildings.z5.web.core.windows.net/global-buildings/2026-02-03/global-buildings.geojsonl/RegionName=UnitedStates/quadkey=023121131/part-00177-4feead82-d499-422b-94cb-c036c212127a.c000.csv.gz
023121132,https://minedbuildings.z5.web.core.windows.net/global-buildings/2026-02-03/global-buildings.geojsonl/RegionName=UnitedStates/quadkey=023121132/part-00175-4feead82-d499-422b-94cb-c036c212127a.c000.csv.gz
023121133,https://minedbuildings.z5.web.core.windows.net/global-buildings/2026-02-03/global-buildings.geojsonl/RegionName=UnitedStates/quadkey=023121133/part-00174-4feead82-d499-422b-94cb-c036c212127a.c000.csv.gz
023121211,https://minedbuildings.z5.web.core.windows.net/global-buildings/2026-02-03/global-buildings.geojsonl/RegionName=UnitedStates/quadkey=023121211/part-00075-4feead82-d499-422b-94cb-c036c212127a.c000.csv.gz
023121300,https://minedbuildings.z5.web.core.windows.net/global-buildings/2026-02-03/global-buildings.geojsonl/RegionName=UnitedStates/quadkey=023121300/part-00167-4feead82-d499-422b-94cb-c036c212127a.c000.csv.gz
023121301,https://minedbuildings.z5.web.core.windows.net/global-buildings/2026-02-03/global-buildings.geojsonl/RegionName=UnitedStates/quadkey=023121301/part-00080-4feead82-d499-422b-94cb-c036c212127a.c000.csv.gz
023130000,https://minedbuildings.z5.web.core.windows.net/global-buildings/2026-02-03/global-buildings.geojsonl/RegionName=UnitedStates/quadkey=023130000/part-00156-4feead82-d499-422b-94cb-c036c212127a.c000.csv.gz
023130001,https://minedbuildings.z5.web.core.windows.net/global-buildings/2026-02-03/global-buildings.geojsonl/RegionName=UnitedStates/quadkey=023130001/part-00011-4feead82-d499-422b-94cb-c036c212127a.c000.csv.gz
023130002,https://minedbuildings.z5.web.core.windows.net/global-buildings/2026-02-03/global-buildings.geojsonl/RegionName=UnitedStates/quadkey=023130002/part-00141-4feead82-d499-422b-94cb-c036c212127a.c000.csv.gz
023130003,https://minedbuildings.z5.web.core.windows.net/global-buildings/2026-02-03/global-buildings.geojsonl/RegionName=UnitedStates/quadkey=023130003/part-00071-4feead82-d499-422b-94cb-c036c212127a.c000.csv.gz
023130010,https://minedbuildings.z5.web.core.windows.net/global-buildings/2026-02-03/global-buildings.geojsonl/RegionName=UnitedStates/quadkey=023130010/part-00098-4feead82-d499-422b-94cb-c036c212127a.c000.csv.gz
023130011,https://minedbuildings.z5.web.core.windows.net/global-buildings/2026-02-03/global-buildings.geojsonl/RegionName=UnitedStates/quadkey=023130011/part-00127-4feead82-d499-422b-94cb-c036c212127a.c000.csv.gz
023130012,https://minedbuildings.z5.web.core.windows.net/global-buildings/2026-02-03/global-buildings.geojsonl/RegionName=UnitedStates/quadkey=023130012/part-00014-4feead82-d499-422b-94cb-c036c212127a.c000.csv.gz
023130013,https://minedbuildings.z5.web.core.windows.net/global-buildings/2026-02-03/global-buildings.geojsonl/RegionName=UnitedStates/quadkey=023130013/part-00098-4feead82-d499-422b-94cb-c036c212127a.c000.csv.gz
023130020,https://minedbuildings.z5.web.core.windows.net/global-buildings/2026-02-03/global-buildings.geojsonl/RegionName=UnitedStates/quadkey=023130020/part-00048-4feead82-d499-422b-94cb-c036c212127a.c000.csv.gz
023130021,https://minedbuildings.z5.web.core.windows.net/global-buildings/2026-02-03/global-buildings.geojsonl/RegionName=UnitedStates/quadkey=023130021/part-00105-4feead82-d499-422b-94cb-c036c212127a.c000.csv.gz
023130022,https://minedbuildings.z5.web.core.windows.net/global-buildings/2026-02-03/global-buildings.geojsonl/RegionName=UnitedStates/quadkey=023130022/part-00063-4feead82-d499-422b-94cb-c036c212127a.c000.csv.gz
023130023,https://minedbuildings.z5.web.core.windows.net/global-buildings/2026-02-03/global-buildings.geojsonl/RegionName=UnitedStates/quadkey=023130023/part-00153-4feead82-d499-422b-94cb-c036c212127a.c000.csv.gz
023130030,https://minedbuildings.z5.web.core.windows.net/global-buildings/2026-02-03/global-buildings.geojsonl/RegionName=UnitedStates/quadkey=023130030/part-00020-4feead82-d499-422b-94cb-c036c212127a.c000.csv.gz
023130031,https://minedbuildings.z5.web.core.windows.net/global-buildings/2026-02-03/global-buildings.geojsonl/RegionName=UnitedStates/quadkey=023130031/part-00145-4feead82-d499-422b-94cb-c036c212127a.c000.csv.gz
023130032,https://minedbuildings.z5.web.core.windows.net/global-buildings/2026-02-03/global-buildings.geojsonl/RegionName=UnitedStates/quadkey=023130032/part-00187-4feead82-d499-422b-94cb-c036c212127a.c000.csv.gz
023130033,https://minedbuildings.z5.web.core.windows.net/global-buildings/2026-02-03/global-buildings.geojsonl/RegionName=UnitedStates/quadkey=023130033/part-00004-4feead82-d499-422b-94cb-c036c212127a.c000.csv.gz
023130100,https://minedbuildings.z5.web.core.windows.net/global-buildings/2026-02-03/global-buildings.geojsonl/RegionName=UnitedStates/quadkey=023130100/part-00179-4feead82-d499-422b-94cb-c036c212127a.c000.csv.gz
023130101,https://minedbuildings.z5.web.core.windows.net/global-buildings/2026-02-03/global-buildings.geojsonl/RegionName=UnitedStates/quadkey=023130101/part-00170-4feead82-d499-422b-94cb-c036c212127a.c000.csv.gz
023130102,https://minedbuildings.z5.web.core.windows.net/global-buildings/2026-02-03/global-buildings.geojsonl/RegionName=UnitedStates/quadkey=023130102/part-00011-4feead82-d499-422b-94cb-c036c212127a.c000.csv.gz
023130103,https://minedbuildings.z5.web.core.windows.net/global-buildings/2026-02-03/global-buildings.geojsonl/RegionName=UnitedStates/quadkey=023130103/part-00104-4feead82-d499-422b-94cb-c036c212127a.c000.csv.gz
023130110,https://minedbuildings.z5.web.core.windows.net/global-buildings/2026-02-03/global-buildings.geojsonl/RegionName=UnitedStates/quadkey=023130110/part-00027-4feead82-d499-422b-94cb-c036c212127a.c000.csv.gz
023130111,https://minedbuildings.z5.web.core.windows.net/global-buildings/2026-02-03/global-buildings.geojsonl/RegionName=UnitedStates/quadkey=023130111/part-00016-4feead82-d499-422b-94cb-c036c212127a.c000.csv.gz
023130112,https://minedbuildings.z5.web.core.windows.net/global-buildings/2026-02-03/global-buildings.geojsonl/RegionName=UnitedStates/quadkey=023130112/part-00060-4feead82-d499-422b-94cb-c036c212127a.c000.csv.gz
023130113,https://minedbuildings.z5.web.core.windows.net/global-buildings/2026-02-03/global-buildings.geojsonl/RegionName=UnitedStates/quadkey=023130113/part-00045-4feead82-d499-422b-94cb-c036c212127a.c000.csv.gz
023130120,https://minedbuildings.z5.web.core.windows.net/global-buildings/2026-02-03/global-buildings.geojsonl/RegionName=UnitedStates/quadkey=023130120/part-00140-4feead82-d499-422b-94cb-c036c212127a.c000.csv.gz
023130121,https://minedbuildings.z5.web.core.windows.net/global-buildings/2026-02-03/global-buildings.geojsonl/RegionName=UnitedStates/quadkey=023130121/part-00189-4feead82-d499-422b-94cb-c036c212127a.c000.csv.gz
023130122,https://minedbuildings.z5.web.core.windows.net/global-buildings/2026-02-03/global-buildings.geojsonl/RegionName=UnitedStates/quadkey=023130122/part-00123-4feead82-d499-422b-94cb-c036c212127a.c000.csv.gz
023130123,https://minedbuildings.z5.web.core.windows.net/global-buildings/2026-02-03/global-buildings.geojsonl/RegionName=UnitedStates/quadkey=023130123/part-00197-4feead82-d499-422b-94cb-c036c212127a.c000.csv.gz
023130130,https://minedbuildings.z5.web.core.windows.net/global-buildings/2026-02-03/global-buildings.geojsonl/RegionName=UnitedStates/quadkey=023130130/part-00020-4feead82-d499-422b-94cb-c036c212127a.c000.csv.gz
023130131,https://minedbuildings.z5.web.core.windows.net/global-buildings/2026-02-03/global-buildings.geojsonl/RegionName=UnitedStates/quadkey=023130131/part-00054-4feead82-d499-422b-94cb-c036c212127a.c000.csv.gz
023130132,https://minedbuildings.z5.web.core.windows.net/global-buildings/2026-02-03/global-buildings.geojsonl/RegionName=UnitedStates/quadkey=023130132/part-00053-4feead82-d499-422b-94cb-c036c212127a.c000.csv.gz
023130133,https://minedbuildings.z5.web.core.windows.net/global-buildings/2026-02-03/global-buildings.geojsonl/RegionName=UnitedStates/quadkey=023130133/part-00137-4feead82-d499-422b-94cb-c036c212127a.c000.csv.gz
023130200,https://minedbuildings.z5.web.core.windows.net/global-buildings/2026-02-03/global-buildings.geojsonl/RegionName=UnitedStates/quadkey=023130200/part-00133-4feead82-d499-422b-94cb-c036c212127a.c000.csv.gz
023130201,https://minedbuildings.z5.web.core.windows.net/global-buildings/2026-02-03/global-buildings.geojsonl/RegionName=UnitedStates/quadkey=023130201/part-00163-4feead82-d499-422b-94cb-c036c212127a.c000.csv.gz
023130202,https://minedbuildings.z5.web.core.windows.net/global-buildings/2026-02-03/global-buildings.geojsonl/RegionName=UnitedStates/quadkey=023130202/part-00109-4feead82-d499-422b-94cb-c036c212127a.c000.csv.gz
023130203,https://minedbuildings.z5.web.core.windows.net/global-buildings/2026-02-03/global-buildings.geojsonl/RegionName=UnitedStates/quadkey=023130203/part-00046-4feead82-d499-422b-94cb-c036c212127a.c000.csv.gz
023130210,https://minedbuildings.z5.web.core.windows.net/global-buildings/2026-02-03/global-buildings.geojsonl/RegionName=UnitedStates/quadkey=023130210/part-00077-4feead82-d499-422b-94cb-c036c212127a.c000.csv.gz
023130211,https://minedbuildings.z5.web.core.windows.net/global-buildings/2026-02-03/global-buildings.geojsonl/RegionName=UnitedStates/quadkey=023130211/part-00183-4feead82-d499-422b-94cb-c036c212127a.c000.csv.gz
023130212,https://minedbuildings.z5.web.core.windows.net/global-buildings/2026-02-03/global-buildings.geojsonl/RegionName=UnitedStates/quadkey=023130212/part-00118-4feead82-d499-422b-94cb-c036c212127a.c000.csv.gz
023130213,https://minedbuildings.z5.web.core.windows.net/global-buildings/2026-02-03/global-buildings.geojsonl/RegionName=UnitedStates/quadkey=023130213/part-00133-4feead82-d499-422b-94cb-c036c212127a.c000.csv.gz
023130221,https://minedbuildings.z5.web.core.windows.net/global-buildings/2026-02-03/global-buildings.geojsonl/RegionName=UnitedStates/quadkey=023130221/part-00168-4feead82-d499-422b-94cb-c036c212127a.c000.csv.gz
023130230,https://minedbuildings.z5.web.core.windows.net/global-buildings/2026-02-03/global-buildings.geojsonl/RegionName=UnitedStates/quadkey=023130230/part-00044-4feead82-d499-422b-94cb-c036c212127a.c000.csv.gz
023130231,https://minedbuildings.z5.web.core.windows.net/global-buildings/2026-02-03/global-buildings.geojsonl/RegionName=UnitedStates/quadkey=023130231/part-00011-4feead82-d499-422b-94cb-c036c212127a.c000.csv.gz
023130232,https://minedbuildings.z5.web.core.windows.net/global-buildings/2026-02-03/global-buildings.geojsonl/RegionName=UnitedStates/quadkey=023130232/part-00192-4feead82-d499-422b-94cb-c036c212127a.c000.csv.gz
023130233,https://minedbuildings.z5.web.core.windows.net/global-buildings/2026-02-03/global-buildings.geojsonl/RegionName=UnitedStates/quadkey=023130233/part-00046-4feead82-d499-422b-94cb-c036c212127a.c000.csv.gz
023130300,https://minedbuildings.z5.web.core.windows.net/global-buildings/2026-02-03/global-buildings.geojsonl/RegionName=UnitedStates/quadkey=023130300/part-00148-4feead82-d499-422b-94cb-c036c212127a.c000.csv.gz
023130301,https://minedbuildings.z5.web.core.windows.net/global-buildings/2026-02-03/global-buildings.geojsonl/RegionName=UnitedStates/quadkey=023130301/part-00087-4feead82-d499-422b-94cb-c036c212127a.c000.csv.gz
023130302,https://minedbuildings.z5.web.core.windows.net/global-buildings/2026-02-03/global-buildings.geojsonl/RegionName=UnitedStates/quadkey=023130302/part-00141-4feead82-d499-422b-94cb-c036c212127a.c000.csv.gz
023130303,https://minedbuildings.z5.web.core.windows.net/global-buildings/2026-02-03/global-buildings.geojsonl/RegionName=UnitedStates/quadkey=023130303/part-00045-4feead82-d499-422b-94cb-c036c212127a.c000.csv.gz
023130310,https://minedbuildings.z5.web.core.windows.net/global-buildings/2026-02-03/global-buildings.geojsonl/RegionName=UnitedStates/quadkey=023130310/part-00017-4feead82-d499-422b-94cb-c036c212127a.c000.csv.gz
023130311,https://minedbuildings.z5.web.core.windows.net/global-buildings/2026-02-03/global-buildings.geojsonl/RegionName=UnitedStates/quadkey=023130311/part-00111-4feead82-d499-422b-94cb-c036c212127a.c000.csv.gz
023130312,https://minedbuildings.z5.web.core.windows.net/global-buildings/2026-02-03/global-buildings.geojsonl/RegionName=UnitedStates/quadkey=023130312/part-00153-4feead82-d499-422b-94cb-c036c212127a.c000.csv.gz
023130313,https://minedbuildings.z5.web.core.windows.net/global-buildings/2026-02-03/global-buildings.geojsonl/RegionName=UnitedStates/quadkey=023130313/part-00071-4feead82-d499-422b-94cb-c036c212127a.c000.csv.gz
023130320,https://minedbuildings.z5.web.core.windows.net/global-buildings/2026-02-03/global-buildings.geojsonl/RegionName=UnitedStates/quadkey=023130320/part-00155-4feead82-d499-422b-94cb-c036c212127a.c000.csv.gz
023130321,https://minedbuildings.z5.web.core.windows.net/global-buildings/2026-02-03/global-buildings.geojsonl/RegionName=UnitedStates/quadkey=023130321/part-00157-4feead82-d499-422b-94cb-c036c212127a.c000.csv.gz
023130322,https://minedbuildings.z5.web.core.windows.net/global-buildings/2026-02-03/global-buildings.geojsonl/RegionName=UnitedStates/quadkey=023130322/part-00156-4feead82-d499-422b-94cb-c036c212127a.c000.csv.gz
023130323,https://minedbuildings.z5.web.core.windows.net/global-buildings/2026-02-03/global-buildings.geojsonl/RegionName=UnitedStates/quadkey=023130323/part-00143-4feead82-d499-422b-94cb-c036c212127a.c000.csv.gz
023130330,https://minedbuildings.z5.web.core.windows.net/global-buildings/2026-02-03/global-buildings.geojsonl/RegionName=UnitedStates/quadkey=023130330/part-00045-4feead82-d499-422b-94cb-c036c212127a.c000.csv.gz
023131000,https://minedbuildings.z5.web.core.windows.net/global-buildings/2026-02-03/global-buildings.geojsonl/RegionName=UnitedStates/quadkey=023131000/part-00024-4feead82-d499-422b-94cb-c036c212127a.c000.csv.gz
023131001,https://minedbuildings.z5.web.core.windows.net/global-buildings/2026-02-03/global-buildings.geojsonl/RegionName=UnitedStates/quadkey=023131001/part-00161-4feead82-d499-422b-94cb-c036c212127a.c000.csv.gz
023131002,https://minedbuildings.z5.web.core.windows.net/global-buildings/2026-02-03/global-buildings.geojsonl/RegionName=UnitedStates/quadkey=023131002/part-00170-4feead82-d499-422b-94cb-c036c212127a.c000.csv.gz
023131003,https://minedbuildings.z5.web.core.windows.net/global-buildings/2026-02-03/global-buildings.geojsonl/RegionName=UnitedStates/quadkey=023131003/part-00046-4feead82-d499-422b-94cb-c036c212127a.c000.csv.gz
023131010,https://minedbuildings.z5.web.core.windows.net/global-buildings/2026-02-03/global-buildings.geojsonl/RegionName=UnitedStates/quadkey=023131010/part-00193-4feead82-d499-422b-94cb-c036c212127a.c000.csv.gz
023131011,https://minedbuildings.z5.web.core.windows.net/global-buildings/2026-02-03/global-buildings.geojsonl/RegionName=UnitedStates/quadkey=023131011/part-00112-4feead82-d499-422b-94cb-c036c212127a.c000.csv.gz
023131012,https://minedbuildings.z5.web.core.windows.net/global-buildings/2026-02-03/global-buildings.geojsonl/RegionName=UnitedStates/quadkey=023131012/part-00153-4feead82-d499-422b-94cb-c036c212127a.c000.csv.gz
023131013,https://minedbuildings.z5.web.core.windows.net/global-buildings/2026-02-03/global-buildings.geojsonl/RegionName=UnitedStates/quadkey=023131013/part-00129-4feead82-d499-422b-94cb-c036c212127a.c000.csv.gz
023131020,https://minedbuildings.z5.web.core.windows.net/global-buildings/2026-02-03/global-buildings.geojsonl/RegionName=UnitedStates/quadkey=023131020/part-00119-4feead82-d499-422b-94cb-c036c212127a.c000.csv.gz
023131021,https://minedbuildings.z5.web.core.windows.net/global-buildings/2026-02-03/global-buildings.geojsonl/RegionName=UnitedStates/quadkey=023131021/part-00110-4feead82-d499-422b-94cb-c036c212127a.c000.csv.gz
023131022,https://minedbuildings.z5.web.core.windows.net/global-buildings/2026-02-03/global-buildings.geojsonl/RegionName=UnitedStates/quadkey=023131022/part-00188-4feead82-d499-422b-94cb-c036c212127a.c000.csv.gz
023131023,https://minedbuildings.z5.web.core.windows.net/global-buildings/2026-02-03/global-buildings.geojsonl/RegionName=UnitedStates/quadkey=023131023/part-00149-4feead82-d499-422b-94cb-c036c212127a.c000.csv.gz
023131030,https://minedbuildings.z5.web.core.windows.net/global-buildings/2026-02-03/global-buildings.geojsonl/RegionName=UnitedStates/quadkey=023131030/part-00199-4feead82-d499-422b-94cb-c036c212127a.c000.csv.gz
023131031,https://minedbuildings.z5.web.core.windows.net/global-buildings/2026-02-03/global-buildings.geojsonl/RegionName=UnitedStates/quadkey=023131031/part-00150-4feead82-d499-422b-94cb-c036c212127a.c000.csv.gz
023131032,https://minedbuildings.z5.web.core.windows.net/global-buildings/2026-02-03/global-buildings.geojsonl/RegionName=UnitedStates/quadkey=023131032/part-00193-4feead82-d499-422b-94cb-c036c212127a.c000.csv.gz
023131033,https://minedbuildings.z5.web.core.windows.net/global-buildings/2026-02-03/global-buildings.geojsonl/RegionName=UnitedStates/quadkey=023131033/part-00142-4feead82-d499-422b-94cb-c036c212127a.c000.csv.gz
023131100,https://minedbuildings.z5.web.core.windows.net/global-buildings/2026-02-03/global-buildings.geojsonl/RegionName=UnitedStates/quadkey=023131100/part-00096-4feead82-d499-422b-94cb-c036c212127a.c000.csv.gz
023131101,https://minedbuildings.z5.web.core.windows.net/global-buildings/2026-02-03/global-buildings.geojsonl/RegionName=UnitedStates/quadkey=023131101/part-00048-4feead82-d499-422b-94cb-c036c212127a.c000.csv.gz
023131102,https://minedbuildings.z5.web.core.windows.net/global-buildings/2026-02-03/global-buildings.geojsonl/RegionName=UnitedStates/quadkey=023131102/part-00081-4feead82-d499-422b-94cb-c036c212127a.c000.csv.gz
023131103,https://minedbuildings.z5.web.core.windows.net/global-buildings/2026-02-03/global-buildings.geojsonl/RegionName=UnitedStates/quadkey=023131103/part-00114-4feead82-d499-422b-94cb-c036c212127a.c000.csv.gz
023131110,https://minedbuildings.z5.web.core.windows.net/global-buildings/2026-02-03/global-buildings.geojsonl/RegionName=UnitedStates/quadkey=023131110/part-00153-4feead82-d499-422b-94cb-c036c212127a.c000.csv.gz
023131111,https://minedbuildings.z5.web.core.windows.net/global-buildings/2026-02-03/global-buildings.geojsonl/RegionName=UnitedStates/quadkey=023131111/part-00026-4feead82-d499-422b-94cb-c036c212127a.c000.csv.gz
023131112,https://minedbuildings.z5.web.core.windows.net/global-buildings/2026-02-03/global-buildings.geojsonl/RegionName=UnitedStates/quadkey=023131112/part-00197-4feead82-d499-422b-94cb-c036c212127a.c000.csv.gz
023131113,https://minedbuildings.z5.web.core.windows.net/global-buildings/2026-02-03/global-buildings.geojsonl/RegionName=UnitedStates/quadkey=023131113/part-00128-4feead82-d499-422b-94cb-c036c212127a.c000.csv.gz
023131120,https://minedbuildings.z5.web.core.windows.net/global-buildings/2026-02-03/global-buildings.geojsonl/RegionName=UnitedStates/quadkey=023131120/part-00094-4feead82-d499-422b-94cb-c036c212127a.c000.csv.gz
023131121,https://minedbuildings.z5.web.core.windows.net/global-buildings/2026-02-03/global-buildings.geojsonl/RegionName=UnitedStates/quadkey=023131121/part-00027-4feead82-d499-422b-94cb-c036c212127a.c000.csv.gz
023131122,https://minedbuildings.z5.web.core.windows.net/global-buildings/2026-02-03/global-buildings.geojsonl/RegionName=UnitedStates/quadkey=023131122/part-00128-4feead82-d499-422b-94cb-c036c212127a.c000.csv.gz
023131123,https://minedbuildings.z5.web.core.windows.net/global-buildings/2026-02-03/global-buildings.geojsonl/RegionName=UnitedStates/quadkey=023131123/part-00056-4feead82-d499-422b-94cb-c036c212127a.c000.csv.gz
023131130,https://minedbuildings.z5.web.core.windows.net/global-buildings/2026-02-03/global-buildings.geojsonl/RegionName=UnitedStates/quadkey=023131130/part-00004-4feead82-d499-422b-94cb-c036c212127a.c000.csv.gz
023131131,https://minedbuildings.z5.web.core.windows.net/global-buildings/2026-02-03/global-buildings.geojsonl/RegionName=UnitedStates/quadkey=023131131/part-00088-4feead82-d499-422b-94cb-c036c212127a.c000.csv.gz
023131132,https://minedbuildings.z5.web.core.windows.net/global-buildings/2026-02-03/global-buildings.geojsonl/RegionName=UnitedStates/quadkey=023131132/part-00159-4feead82-d499-422b-94cb-c036c212127a.c000.csv.gz
023131133,https://minedbuildings.z5.web.core.windows.net/global-buildings/2026-02-03/global-buildings.geojsonl/RegionName=UnitedStates/quadkey=023131133/part-00038-4feead82-d499-422b-94cb-c036c212127a.c000.csv.gz
023131200,https://minedbuildings.z5.web.core.windows.net/global-buildings/2026-02-03/global-buildings.geojsonl/RegionName=UnitedStates/quadkey=023131200/part-00007-4feead82-d499-422b-94cb-c036c212127a.c000.csv.gz
023131201,https://minedbuildings.z5.web.core.windows.net/global-buildings/2026-02-03/global-buildings.geojsonl/RegionName=UnitedStates/quadkey=023131201/part-00123-4feead82-d499-422b-94cb-c036c212127a.c000.csv.gz
023131202,https://minedbuildings.z5.web.core.windows.net/global-buildings/2026-02-03/global-buildings.geojsonl/RegionName=UnitedStates/quadkey=023131202/part-00098-4feead82-d499-422b-94cb-c036c212127a.c000.csv.gz
023131301,https://minedbuildings.z5.web.core.windows.net/global-buildings/2026-02-03/global-buildings.geojsonl/RegionName=UnitedStates/quadkey=023131301/part-00018-4feead82-d499-422b-94cb-c036c212127a.c000.csv.gz
023131310,https://minedbuildings.z5.web.core.windows.net/global-buildings/2026-02-03/global-buildings.geojsonl/RegionName=UnitedStates/quadkey=023131310/part-00081-4feead82-d499-422b-94cb-c036c212127a.c000.csv.gz
023131311,https://minedbuildings.z5.web.core.windows.net/global-buildings/2026-02-03/global-buildings.geojsonl/RegionName=UnitedStates/quadkey=023131311/part-00185-4feead82-d499-422b-94cb-c036c212127a.c000.csv.gz
023132010,https://minedbuildings.z5.web.core.windows.net/global-buildings/2026-02-03/global-buildings.geojsonl/RegionName=UnitedStates/quadkey=023132010/part-00068-4feead82-d499-422b-94cb-c036c212127a.c000.csv.gz
023132011,https://minedbuildings.z5.web.core.windows.net/global-buildings/2026-02-03/global-buildings.geojsonl/RegionName=UnitedStates/quadkey=023132011/part-00060-4feead82-d499-422b-94cb-c036c212127a.c000.csv.gz
023132013,https://minedbuildings.z5.web.core.windows.net/global-buildings/2026-02-03/global-buildings.geojsonl/RegionName=UnitedStates/quadkey=023132013/part-00054-4feead82-d499-422b-94cb-c036c212127a.c000.csv.gz
023132100,https://minedbuildings.z5.web.core.windows.net/global-buildings/2026-02-03/global-buildings.geojsonl/RegionName=UnitedStates/quadkey=023132100/part-00012-4feead82-d499-422b-94cb-c036c212127a.c000.csv.gz
023132101,https://minedbuildings.z5.web.core.windows.net/global-buildings/2026-02-03/global-buildings.geojsonl/RegionName=UnitedStates/quadkey=023132101/part-00032-4feead82-d499-422b-94cb-c036c212127a.c000.csv.gz
023132102,https://minedbuildings.z5.web.core.windows.net/global-buildings/2026-02-03/global-buildings.geojsonl/RegionName=UnitedStates/quadkey=023132102/part-00126-4feead82-d499-422b-94cb-c036c212127a.c000.csv.gz
023132103,https://minedbuildings.z5.web.core.windows.net/global-buildings/2026-02-03/global-buildings.geojsonl/RegionName=UnitedStates/quadkey=023132103/part-00113-4feead82-d499-422b-94cb-c036c212127a.c000.csv.gz
030220002,https://minedbuildings.z5.web.core.windows.net/global-buildings/2026-02-03/global-buildings.geojsonl/RegionName=UnitedStates/quadkey=030220002/part-00069-4feead82-d499-422b-94cb-c036c212127a.c000.csv.gz
030220003,https://minedbuildings.z5.web.core.windows.net/global-buildings/2026-02-03/global-buildings.geojsonl/RegionName=UnitedStates/quadkey=030220003/part-00107-4feead82-d499-422b-94cb-c036c212127a.c000.csv.gz
030220012,https://minedbuildings.z5.web.core.windows.net/global-buildings/2026-02-03/global-buildings.geojsonl/RegionName=UnitedStates/quadkey=030220012/part-00024-4feead82-d499-422b-94cb-c036c212127a.c000.csv.gz
030220020,https://minedbuildings.z5.web.core.windows.net/global-buildings/2026-02-03/global-buildings.geojsonl/RegionName=UnitedStates/quadkey=030220020/part-00137-4feead82-d499-422b-94cb-c036c212127a.c000.csv.gz
030220021,https://minedbuildings.z5.web.core.windows.net/global-buildings/2026-02-03/global-buildings.geojsonl/RegionName=UnitedStates/quadkey=030220021/part-00151-4feead82-d499-422b-94cb-c036c212127a.c000.csv.gz
030220023,https://minedbuildings.z5.web.core.windows.net/global-buildings/2026-02-03/global-buildings.geojsonl/RegionName=UnitedStates/quadkey=030220023/part-00034-4feead82-d499-422b-94cb-c036c212127a.c000.csv.gz
030220032,https://minedbuildings.z5.web.core.windows.net/global-buildings/2026-02-03/global-buildings.geojsonl/RegionName=UnitedStates/quadkey=030220032/part-00049-4feead82-d499-422b-94cb-c036c212127a.c000.csv.gz
030220033,https://minedbuildings.z5.web.core.windows.net/global-buildings/2026-02-03/global-buildings.geojsonl/RegionName=UnitedStates/quadkey=030220033/part-00162-4feead82-d499-422b-94cb-c036c212127a.c000.csv.gz
030220200,https://minedbuildings.z5.web.core.windows.net/global-buildings/2026-02-03/global-buildings.geojsonl/RegionName=UnitedStates/quadkey=030220200/part-00006-4feead82-d499-422b-94cb-c036c212127a.c000.csv.gz
030220201,https://minedbuildings.z5.web.core.windows.net/global-buildings/2026-02-03/global-buildings.geojsonl/RegionName=UnitedStates/quadkey=030220201/part-00091-4feead82-d499-422b-94cb-c036c212127a.c000.csv.gz
030220202,https://minedbuildings.z5.web.core.windows.net/global-buildings/2026-02-03/global-buildings.geojsonl/RegionName=UnitedStates/quadkey=030220202/part-00116-4feead82-d499-422b-94cb-c036c212127a.c000.csv.gz
030220203,https://minedbuildings.z5.web.core.windows.net/global-buildings/2026-02-03/global-buildings.geojsonl/RegionName=UnitedStates/quadkey=030220203/part-00040-4feead82-d499-422b-94cb-c036c212127a.c000.csv.gz
030220210,https://minedbuildings.z5.web.core.windows.net/global-buildings/2026-02-03/global-buildings.geojsonl/RegionName=UnitedStates/quadkey=030220210/part-00085-4feead82-d499-422b-94cb-c036c212127a.c000.csv.gz
030220211,https://minedbuildings.z5.web.core.windows.net/global-buildings/2026-02-03/global-buildings.geojsonl/RegionName=UnitedStates/quadkey=030220211/part-00134-4feead82-d499-422b-94cb-c036c212127a.c000.csv.gz
030220212,https://minedbuildings.z5.web.core.windows.net/global-buildings/2026-02-03/global-buildings.geojsonl/RegionName=UnitedStates/quadkey=030220212/part-00120-4feead82-d499-422b-94cb-c036c212127a.c000.csv.gz
030220213,https://minedbuildings.z5.web.core.windows.net/global-buildings/2026-02-03/global-buildings.geojsonl/RegionName=UnitedStates/quadkey=030220213/part-00191-4feead82-d499-422b-94cb-c036c212127a.c000.csv.gz
030220220,https://minedbuildings.z5.web.core.windows.net/global-buildings/2026-02-03/global-buildings.geojsonl/RegionName=UnitedStates/quadkey=030220220/part-00060-4feead82-d499-422b-94cb-c036c212127a.c000.csv.gz
030220221,https://minedbuildings.z5.web.core.windows.net/global-buildings/2026-02-03/global-buildings.geojsonl/RegionName=UnitedStates/quadkey=030220221/part-00179-4feead82-d499-422b-94cb-c036c212127a.c000.csv.gz
030220222,https://minedbuildings.z5.web.core.windows.net/global-buildings/2026-02-03/global-buildings.geojsonl/RegionName=UnitedStates/quadkey=030220222/part-00158-4feead82-d499-422b-94cb-c036c212127a.c000.csv.gz
030220223,https://minedbuildings.z5.web.core.windows.net/global-buildings/2026-02-03/global-buildings.geojsonl/RegionName=UnitedStates/quadkey=030220223/part-00137-4feead82-d499-422b-94cb-c036c212127a.c000.csv.gz
030220230,https://minedbuildings.z5.web.core.windows.net/global-buildings/2026-02-03/global-buildings.geojsonl/RegionName=UnitedStates/quadkey=030220230/part-00023-4feead82-d499-422b-94cb-c036c212127a.c000.csv.gz
030220231,https://minedbuildings.z5.web.core.windows.net/global-buildings/2026-02-03/global-buildings.geojsonl/RegionName=UnitedStates/quadkey=030220231/part-00128-4feead82-d499-422b-94cb-c036c212127a.c000.csv.gz
030220232,https://minedbuildings.z5.web.core.windows.net/global-buildings/2026-02-03/global-buildings.geojsonl/RegionName=UnitedStates/quadkey=030220232/part-00040-4feead82-d499-422b-94cb-c036c212127a.c000.csv.gz
030220233,https://minedbuildings.z5.web.core.windows.net/global-buildings/2026-02-03/global-buildings.geojsonl/RegionName=UnitedStates/quadkey=030220233/part-00183-4feead82-d499-422b-94cb-c036c212127a.c000.csv.gz
030220301,https://minedbuildings.z5.web.core.windows.net/global-buildings/2026-02-03/global-buildings.geojsonl/RegionName=UnitedStates/quadkey=030220301/part-00185-4feead82-d499-422b-94cb-c036c212127a.c000.csv.gz
030220302,https://minedbuildings.z5.web.core.windows.net/global-buildings/2026-02-03/global-buildings.geojsonl/RegionName=UnitedStates/quadkey=030220302/part-00132-4feead82-d499-422b-94cb-c036c212127a.c000.csv.gz
030220303,https://minedbuildings.z5.web.core.windows.net/global-buildings/2026-02-03/global-buildings.geojsonl/RegionName=UnitedStates/quadkey=030220303/part-00129-4feead82-d499-422b-94cb-c036c212127a.c000.csv.gz
030220310,https://minedbuildings.z5.web.core.windows.net/global-buildings/2026-02-03/global-buildings.geojsonl/RegionName=UnitedStates/quadkey=030220310/part-00148-4feead82-d499-422b-94cb-c036c212127a.c000.csv.gz
030220311,https://minedbuildings.z5.web.core.windows.net/global-buildings/2026-02-03/global-buildings.geojsonl/RegionName=UnitedStates/quadkey=030220311/part-00094-4feead82-d499-422b-94cb-c036c212127a.c000.csv.gz
030220312,https://minedbuildings.z5.web.core.windows.net/global-buildings/2026-02-03/global-buildings.geojsonl/RegionName=UnitedStates/quadkey=030220312/part-00126-4feead82-d499-422b-94cb-c036c212127a.c000.csv.gz
030220313,https://minedbuildings.z5.web.core.windows.net/global-buildings/2026-02-03/global-buildings.geojsonl/RegionName=UnitedStates/quadkey=030220313/part-00058-4feead82-d499-422b-94cb-c036c212127a.c000.csv.gz
030220320,https://minedbuildings.z5.web.core.windows.net/global-buildings/2026-02-03/global-buildings.geojsonl/RegionName=UnitedStates/quadkey=030220320/part-00196-4feead82-d499-422b-94cb-c036c212127a.c000.csv.gz
030220321,https://minedbuildings.z5.web.core.windows.net/global-buildings/2026-02-03/global-buildings.geojsonl/RegionName=UnitedStates/quadkey=030220321/part-00059-4feead82-d499-422b-94cb-c036c212127a.c000.csv.gz
030220322,https://minedbuildings.z5.web.core.windows.net/global-buildings/2026-02-03/global-buildings.geojsonl/RegionName=UnitedStates/quadkey=030220322/part-00185-4feead82-d499-422b-94cb-c036c212127a.c000.csv.gz
030220323,https://minedbuildings.z5.web.core.windows.net/global-buildings/2026-02-03/global-buildings.geojsonl/RegionName=UnitedStates/quadkey=030220323/part-00130-4feead82-d499-422b-94cb-c036c212127a.c000.csv.gz
030220330,https://minedbuildings.z5.web.core.windows.net/global-buildings/2026-02-03/global-buildings.geojsonl/RegionName=UnitedStates/quadkey=030220330/part-00100-4feead82-d499-422b-94cb-c036c212127a.c000.csv.gz
030220331,https://minedbuildings.z5.web.core.windows.net/global-buildings/2026-02-03/global-buildings.geojsonl/RegionName=UnitedStates/quadkey=030220331/part-00096-4feead82-d499-422b-94cb-c036c212127a.c000.csv.gz
030220332,https://minedbuildings.z5.web.core.windows.net/global-buildings/2026-02-03/global-buildings.geojsonl/RegionName=UnitedStates/quadkey=030220332/part-00006-4feead82-d499-422b-94cb-c036c212127a.c000.csv.gz
030220333,https://minedbuildings.z5.web.core.windows.net/global-buildings/2026-02-03/global-buildings.geojsonl/RegionName=UnitedStates/quadkey=030220333/part-00003-4feead82-d499-422b-94cb-c036c212127a.c000.csv.gz
030221202,https://minedbuildings.z5.web.core.windows.net/global-buildings/2026-02-03/global-buildings.geojsonl/RegionName=UnitedStates/quadkey=030221202/part-00156-4feead82-d499-422b-94cb-c036c212127a.c000.csv.gz
030221203,https://minedbuildings.z5.web.core.windows.net/global-buildings/2026-02-03/global-buildings.geojsonl/RegionName=UnitedStates/quadkey=030221203/part-00139-4feead82-d499-422b-94cb-c036c212127a.c000.csv.gz
030221220,https://minedbuildings.z5.web.core.windows.net/global-buildings/2026-02-03/global-buildings.geojsonl/RegionName=UnitedStates/quadkey=030221220/part-00159-4feead82-d499-422b-94cb-c036c212127a.c000.csv.gz
030221221,https://minedbuildings.z5.web.core.windows.net/global-buildings/2026-02-03/global-buildings.geojsonl/RegionName=UnitedStates/quadkey=030221221/part-00075-4feead82-d499-422b-94cb-c036c212127a.c000.csv.gz
030221222,https://minedbuildings.z5.web.core.windows.net/global-buildings/2026-02-03/global-buildings.geojsonl/RegionName=UnitedStates/quadkey=030221222/part-00176-4feead82-d499-422b-94cb-c036c212127a.c000.csv.gz
030221223,https://minedbuildings.z5.web.core.windows.net/global-buildings/2026-02-03/global-buildings.geojsonl/RegionName=UnitedStates/quadkey=030221223/part-00139-4feead82-d499-422b-94cb-c036c212127a.c000.csv.gz
030222000,https://minedbuildings.z5.web.core.windows.net/global-buildings/2026-02-03/global-buildings.geojsonl/RegionName=UnitedStates/quadkey=030222000/part-00186-4feead82-d499-422b-94cb-c036c212127a.c000.csv.gz
030222001,https://minedbuildings.z5.web.core.windows.net/global-buildings/2026-02-03/global-buildings.geojsonl/RegionName=UnitedStates/quadkey=030222001/part-00121-4feead82-d499-422b-94cb-c036c212127a.c000.csv.gz
030222002,https://minedbuildings.z5.web.core.windows.net/global-buildings/2026-02-03/global-buildings.geojsonl/RegionName=UnitedStates/quadkey=030222002/part-00093-4feead82-d499-422b-94cb-c036c212127a.c000.csv.gz
030222003,https://minedbuildings.z5.web.core.windows.net/global-buildings/2026-02-03/global-buildings.geojsonl/RegionName=UnitedStates/quadkey=030222003/part-00033-4feead82-d499-422b-94cb-c036c212127a.c000.csv.gz
030222010,https://minedbuildings.z5.web.core.windows.net/global-buildings/2026-02-03/global-buildings.geojsonl/RegionName=UnitedStates/quadkey=030222010/part-00132-4feead82-d499-422b-94cb-c036c212127a.c000.csv.gz
030222011,https://minedbuildings.z5.web.core.windows.net/global-buildings/2026-02-03/global-buildings.geojsonl/RegionName=UnitedStates/quadkey=030222011/part-00127-4feead82-d499-422b-94cb-c036c212127a.c000.csv.gz
030222012,https://minedbuildings.z5.web.core.windows.net/global-buildings/2026-02-03/global-buildings.geojsonl/RegionName=UnitedStates/quadkey=030222012/part-00136-4feead82-d499-422b-94cb-c036c212127a.c000.csv.gz
030222013,https://minedbuildings.z5.web.core.windows.net/global-buildings/2026-02-03/global-buildings.geojsonl/RegionName=UnitedStates/quadkey=030222013/part-00074-4feead82-d499-422b-94cb-c036c212127a.c000.csv.gz
030222020,https://minedbuildings.z5.web.core.windows.net/global-buildings/2026-02-03/global-buildings.geojsonl/RegionName=UnitedStates/quadkey=030222020/part-00040-4feead82-d499-422b-94cb-c036c212127a.c000.csv.gz
030222021,https://minedbuildings.z5.web.core.windows.net/global-buildings/2026-02-03/global-buildings.geojsonl/RegionName=UnitedStates/quadkey=030222021/part-00146-4feead82-d499-422b-94cb-c036c212127a.c000.csv.gz
030222022,https://minedbuildings.z5.web.core.windows.net/global-buildings/2026-02-03/global-buildings.geojsonl/RegionName=UnitedStates/quadkey=030222022/part-00160-4feead82-d499-422b-94cb-c036c212127a.c000.csv.gz
030222023,https://minedbuildings.z5.web.core.windows.net/global-buildings/2026-02-03/global-buildings.geojsonl/RegionName=UnitedStates/quadkey=030222023/part-00114-4feead82-d499-422b-94cb-c036c212127a.c000.csv.gz
030222030,https://minedbuildings.z5.web.core.windows.net/global-buildings/2026-02-03/global-buildings.geojsonl/RegionName=UnitedStates/quadkey=030222030/part-00154-4feead82-d499-422b-94cb-c036c212127a.c000.csv.gz
030222031,https://minedbuildings.z5.web.core.windows.net/global-buildings/2026-02-03/global-buildings.geojsonl/RegionName=UnitedStates/quadkey=030222031/part-00115-4feead82-d499-422b-94cb-c036c212127a.c000.csv.gz
030222032,https://minedbuildings.z5.web.core.windows.net/global-buildings/2026-02-03/global-buildings.geojsonl/RegionName=UnitedStates/quadkey=030222032/part-00158-4feead82-d499-422b-94cb-c036c212127a.c000.csv.gz
030222033,https://minedbuildings.z5.web.core.windows.net/global-buildings/2026-02-03/global-buildings.geojsonl/RegionName=UnitedStates/quadkey=030222033/part-00062-4feead82-d499-422b-94cb-c036c212127a.c000.csv.gz
030222100,https://minedbuildings.z5.web.core.windows.net/global-buildings/2026-02-03/global-buildings.geojsonl/RegionName=UnitedStates/quadkey=030222100/part-00009-4feead82-d499-422b-94cb-c036c212127a.c000.csv.gz
030222101,https://minedbuildings.z5.web.core.windows.net/global-buildings/2026-02-03/global-buildings.geojsonl/RegionName=UnitedStates/quadkey=030222101/part-00028-4feead82-d499-422b-94cb-c036c212127a.c000.csv.gz
030222103,https://minedbuildings.z5.web.core.windows.net/global-buildings/2026-02-03/global-buildings.geojsonl/RegionName=UnitedStates/quadkey=030222103/part-00059-4feead82-d499-422b-94cb-c036c212127a.c000.csv.gz
030222110,https://minedbuildings.z5.web.core.windows.net/global-buildings/2026-02-03/global-buildings.geojsonl/RegionName=UnitedStates/quadkey=030222110/part-00157-4feead82-d499-422b-94cb-c036c212127a.c000.csv.gz
030222111,https://minedbuildings.z5.web.core.windows.net/global-buildings/2026-02-03/global-buildings.geojsonl/RegionName=UnitedStates/quadkey=030222111/part-00082-4feead82-d499-422b-94cb-c036c212127a.c000.csv.gz
030222112,https://minedbuildings.z5.web.core.windows.net/global-buildings/2026-02-03/global-buildings.geojsonl/RegionName=UnitedStates/quadkey=030222112/part-00139-4feead82-d499-422b-94cb-c036c212127a.c000.csv.gz
030222113,https://minedbuildings.z5.web.core.windows.net/global-buildings/2026-02-03/global-buildings.geojsonl/RegionName=UnitedStates/quadkey=030222113/part-00080-4feead82-d499-422b-94cb-c036c212127a.c000.csv.gz
030222120,https://minedbuildings.z5.web.core.windows.net/global-buildings/2026-02-03/global-buildings.geojsonl/RegionName=UnitedStates/quadkey=030222120/part-00062-4feead82-d499-422b-94cb-c036c212127a.c000.csv.gz
030222121,https://minedbuildings.z5.web.core.windows.net/global-buildings/2026-02-03/global-buildings.geojsonl/RegionName=UnitedStates/quadkey=030222121/part-00017-4feead82-d499-422b-94cb-c036c212127a.c000.csv.gz
030222122,https://minedbuildings.z5.web.core.windows.net/global-buildings/2026-02-03/global-buildings.geojsonl/RegionName=UnitedStates/quadkey=030222122/part-00038-4feead82-d499-422b-94cb-c036c212127a.c000.csv.gz
030222123,https://minedbuildings.z5.web.core.windows.net/global-buildings/2026-02-03/global-buildings.geojsonl/RegionName=UnitedStates/quadkey=030222123/part-00045-4feead82-d499-422b-94cb-c036c212127a.c000.csv.gz
030222130,https://minedbuildings.z5.web.core.windows.net/global-buildings/2026-02-03/global-buildings.geojsonl/RegionName=UnitedStates/quadkey=030222130/part-00075-4feead82-d499-422b-94cb-c036c212127a.c000.csv.gz
030222131,https://minedbuildings.z5.web.core.windows.net/global-buildings/2026-02-03/global-buildings.geojsonl/RegionName=UnitedStates/quadkey=030222131/part-00072-4feead82-d499-422b-94cb-c036c212127a.c000.csv.gz
030222132,https://minedbuildings.z5.web.core.windows.net/global-buildings/2026-02-03/global-buildings.geojsonl/RegionName=UnitedStates/quadkey=030222132/part-00002-4feead82-d499-422b-94cb-c036c212127a.c000.csv.gz
030222133,https://minedbuildings.z5.web.core.windows.net/global-buildings/2026-02-03/global-buildings.geojsonl/RegionName=UnitedStates/quadkey=030222133/part-00142-4feead82-d499-422b-94cb-c036c212127a.c000.csv.gz
030222200,https://minedbuildings.z5.web.core.windows.net/global-buildings/2026-02-03/global-buildings.geojsonl/RegionName=UnitedStates/quadkey=030222200/part-00153-4feead82-d499-422b-94cb-c036c212127a.c000.csv.gz
030222201,https://minedbuildings.z5.web.core.windows.net/global-buildings/2026-02-03/global-buildings.geojsonl/RegionName=UnitedStates/quadkey=030222201/part-00037-4feead82-d499-422b-94cb-c036c212127a.c000.csv.gz
030222202,https://minedbuildings.z5.web.core.windows.net/global-buildings/2026-02-03/global-buildings.geojsonl/RegionName=UnitedStates/quadkey=030222202/part-00034-4feead82-d499-422b-94cb-c036c212127a.c000.csv.gz
030222203,https://minedbuildings.z5.web.core.windows.net/global-buildings/2026-02-03/global-buildings.geojsonl/RegionName=UnitedStates/quadkey=030222203/part-00097-4feead82-d499-422b-94cb-c036c212127a.c000.csv.gz
030222210,https://minedbuildings.z5.web.core.windows.net/global-buildings/2026-02-03/global-buildings.geojsonl/RegionName=UnitedStates/quadkey=030222210/part-00100-4feead82-d499-422b-94cb-c036c212127a.c000.csv.gz
030222211,https://minedbuildings.z5.web.core.windows.net/global-buildings/2026-02-03/global-buildings.geojsonl/RegionName=UnitedStates/quadkey=030222211/part-00136-4feead82-d499-422b-94cb-c036c212127a.c000.csv.gz
030222212,https://minedbuildings.z5.web.core.windows.net/global-buildings/2026-02-03/global-buildings.geojsonl/RegionName=UnitedStates/quadkey=030222212/part-00105-4feead82-d499-422b-94cb-c036c212127a.c000.csv.gz
030222213,https://minedbuildings.z5.web.core.windows.net/global-buildings/2026-02-03/global-buildings.geojsonl/RegionName=UnitedStates/quadkey=030222213/part-00131-4feead82-d499-422b-94cb-c036c212127a.c000.csv.gz
030222220,https://minedbuildings.z5.web.core.windows.net/global-buildings/2026-02-03/global-buildings.geojsonl/RegionName=UnitedStates/quadkey=030222220/part-00160-4feead82-d499-422b-94cb-c036c212127a.c000.csv.gz
030222221,https://minedbuildings.z5.web.core.windows.net/global-buildings/2026-02-03/global-buildings.geojsonl/RegionName=UnitedStates/quadkey=030222221/part-00033-4feead82-d499-422b-94cb-c036c212127a.c000.csv.gz
030222222,https://minedbuildings.z5.web.core.windows.net/global-buildings/2026-02-03/global-buildings.geojsonl/RegionName=UnitedStates/quadkey=030222222/part-00015-4feead82-d499-422b-94cb-c036c212127a.c000.csv.gz
030222223,https://minedbuildings.z5.web.core.windows.net/global-buildings/2026-02-03/global-buildings.geojsonl/RegionName=UnitedStates/quadkey=030222223/part-00126-4feead82-d499-422b-94cb-c036c212127a.c000.csv.gz
030222230,https://minedbuildings.z5.web.core.windows.net/global-buildings/2026-02-03/global-buildings.geojsonl/RegionName=UnitedStates/quadkey=030222230/part-00150-4feead82-d499-422b-94cb-c036c212127a.c000.csv.gz
030222231,https://minedbuildings.z5.web.core.windows.net/global-buildings/2026-02-03/global-buildings.geojsonl/RegionName=UnitedStates/quadkey=030222231/part-00081-4feead82-d499-422b-94cb-c036c212127a.c000.csv.gz
030222232,https://minedbuildings.z5.web.core.windows.net/global-buildings/2026-02-03/global-buildings.geojsonl/RegionName=UnitedStates/quadkey=030222232/part-00059-4feead82-d499-422b-94cb-c036c212127a.c000.csv.gz
030222233,https://minedbuildings.z5.web.core.windows.net/global-buildings/2026-02-03/global-buildings.geojsonl/RegionName=UnitedStates/quadkey=030222233/part-00011-4feead82-d499-422b-94cb-c036c212127a.c000.csv.gz
030222301,https://minedbuildings.z5.web.core.windows.net/global-buildings/2026-02-03/global-buildings.geojsonl/RegionName=UnitedStates/quadkey=030222301/part-00124-4feead82-d499-422b-94cb-c036c212127a.c000.csv.gz
030222302,https://minedbuildings.z5.web.core.windows.net/global-buildings/2026-02-03/global-buildings.geojsonl/RegionName=UnitedStates/quadkey=030222302/part-00082-4feead82-d499-422b-94cb-c036c212127a.c000.csv.gz
030222303,https://minedbuildings.z5.web.core.windows.net/global-buildings/2026-02-03/global-buildings.geojsonl/RegionName=UnitedStates/quadkey=030222303/part-00132-4feead82-d499-422b-94cb-c036c212127a.c000.csv.gz
030222310,https://minedbuildings.z5.web.core.windows.net/global-buildings/2026-02-03/global-buildings.geojsonl/RegionName=UnitedStates/quadkey=030222310/part-00125-4feead82-d499-422b-94cb-c036c212127a.c000.csv.gz
030222311,https://minedbuildings.z5.web.core.windows.net/global-buildings/2026-02-03/global-buildings.geojsonl/RegionName=UnitedStates/quadkey=030222311/part-00080-4feead82-d499-422b-94cb-c036c212127a.c000.csv.gz
030222312,https://minedbuildings.z5.web.core.windows.net/global-buildings/2026-02-03/global-buildings.geojsonl/RegionName=UnitedStates/quadkey=030222312/part-00040-4feead82-d499-422b-94cb-c036c212127a.c000.csv.gz
030222313,https://minedbuildings.z5.web.core.windows.net/global-buildings/2026-02-03/global-buildings.geojsonl/RegionName=UnitedStates/quadkey=030222313/part-00105-4feead82-d499-422b-94cb-c036c212127a.c000.csv.gz
030222320,https://minedbuildings.z5.web.core.windows.net/global-buildings/2026-02-03/global-buildings.geojsonl/RegionName=UnitedStates/quadkey=030222320/part-00103-4feead82-d499-422b-94cb-c036c212127a.c000.csv.gz
030222321,https://minedbuildings.z5.web.core.windows.net/global-buildings/2026-02-03/global-buildings.geojsonl/RegionName=UnitedStates/quadkey=030222321/part-00177-4feead82-d499-422b-94cb-c036c212127a.c000.csv.gz
030222322,https://minedbuildings.z5.web.core.windows.net/global-buildings/2026-02-03/global-buildings.geojsonl/RegionName=UnitedStates/quadkey=030222322/part-00152-4feead82-d499-422b-94cb-c036c212127a.c000.csv.gz
030222323,https://minedbuildings.z5.web.core.windows.net/global-buildings/2026-02-03/global-buildings.geojsonl/RegionName=UnitedStates/quadkey=030222323/part-00083-4feead82-d499-422b-94cb-c036c212127a.c000.csv.gz
030222330,https://minedbuildings.z5.web.core.windows.net/global-buildings/2026-02-03/global-buildings.geojsonl/RegionName=UnitedStates/quadkey=030222330/part-00118-4feead82-d499-422b-94cb-c036c212127a.c000.csv.gz
030222331,https://minedbuildings.z5.web.core.windows.net/global-buildings/2026-02-03/global-buildings.geojsonl/RegionName=UnitedStates/quadkey=030222331/part-00128-4feead82-d499-422b-94cb-c036c212127a.c000.csv.gz
030222332,https://minedbuildings.z5.web.core.windows.net/global-buildings/2026-02-03/global-buildings.geojsonl/RegionName=UnitedStates/quadkey=030222332/part-00156-4feead82-d499-422b-94cb-c036c212127a.c000.csv.gz
030222333,https://minedbuildings.z5.web.core.windows.net/global-buildings/2026-02-03/global-buildings.geojsonl/RegionName=UnitedStates/quadkey=030222333/part-00143-4feead82-d499-422b-94cb-c036c212127a.c000.csv.gz
030223000,https://minedbuildings.z5.web.core.windows.net/global-buildings/2026-02-03/global-buildings.geojsonl/RegionName=UnitedStates/quadkey=030223000/part-00039-4feead82-d499-422b-94cb-c036c212127a.c000.csv.gz
030223001,https://minedbuildings.z5.web.core.windows.net/global-buildings/2026-02-03/global-buildings.geojsonl/RegionName=UnitedStates/quadkey=030223001/part-00066-4feead82-d499-422b-94cb-c036c212127a.c000.csv.gz
030223002,https://minedbuildings.z5.web.core.windows.net/global-buildings/2026-02-03/global-buildings.geojsonl/RegionName=UnitedStates/quadkey=030223002/part-00056-4feead82-d499-422b-94cb-c036c212127a.c000.csv.gz
030223003,https://minedbuildings.z5.web.core.windows.net/global-buildings/2026-02-03/global-buildings.geojsonl/RegionName=UnitedStates/quadkey=030223003/part-00053-4feead82-d499-422b-94cb-c036c212127a.c000.csv.gz
030223020,https://minedbuildings.z5.web.core.windows.net/global-buildings/2026-02-03/global-buildings.geojsonl/RegionName=UnitedStates/quadkey=030223020/part-00117-4feead82-d499-422b-94cb-c036c212127a.c000.csv.gz
030223021,https://minedbuildings.z5.web.core.windows.net/global-buildings/2026-02-03/global-buildings.geojsonl/RegionName=UnitedStates/quadkey=030223021/part-00122-4feead82-d499-422b-94cb-c036c212127a.c000.csv.gz
030223022,https://minedbuildings.z5.web.core.windows.net/global-buildings/2026-02-03/global-buildings.geojsonl/RegionName=UnitedStates/quadkey=030223022/part-00126-4feead82-d499-422b-94cb-c036c212127a.c000.csv.gz
030223023,https://minedbuildings.z5.web.core.windows.net/global-buildings/2026-02-03/global-buildings.geojsonl/RegionName=UnitedStates/quadkey=030223023/part-00114-4feead82-d499-422b-94cb-c036c212127a.c000.csv.gz
030223030,https://minedbuildings.z5.web.core.windows.net/global-buildings/2026-02-03/global-buildings.geojsonl/RegionName=UnitedStates/quadkey=030223030/part-00066-4feead82-d499-422b-94cb-c036c212127a.c000.csv.gz
030223032,https://minedbuildings.z5.web.core.windows.net/global-buildings/2026-02-03/global-buildings.geojsonl/RegionName=UnitedStates/quadkey=030223032/part-00082-4feead82-d499-422b-94cb-c036c212127a.c000.csv.gz
030223133,https://minedbuildings.z5.web.core.windows.net/global-buildings/2026-02-03/global-buildings.geojsonl/RegionName=UnitedStates/quadkey=030223133/part-00057-4feead82-d499-422b-94cb-c036c212127a.c000.csv.gz
030223200,https://minedbuildings.z5.web.core.windows.net/global-buildings/2026-02-03/global-buildings.geojsonl/RegionName=UnitedStates/quadkey=030223200/part-00088-4feead82-d499-422b-94cb-c036c212127a.c000.csv.gz
030223201,https://minedbuildings.z5.web.core.windows.net/global-buildings/2026-02-03/global-buildings.geojsonl/RegionName=UnitedStates/quadkey=030223201/part-00112-4feead82-d499-422b-94cb-c036c212127a.c000.csv.gz
030223202,https://minedbuildings.z5.web.core.windows.net/global-buildings/2026-02-03/global-buildings.geojsonl/RegionName=UnitedStates/quadkey=030223202/part-00080-4feead82-d499-422b-94cb-c036c212127a.c000.csv.gz
030223203,https://minedbuildings.z5.web.core.windows.net/global-buildings/2026-02-03/global-buildings.geojsonl/RegionName=UnitedStates/quadkey=030223203/part-00148-4feead82-d499-422b-94cb-c036c212127a.c000.csv.gz
030223210,https://minedbuildings.z5.web.core.windows.net/global-buildings/2026-02-03/global-buildings.geojsonl/RegionName=UnitedStates/quadkey=030223210/part-00031-4feead82-d499-422b-94cb-c036c212127a.c000.csv.gz
030223212,https://minedbuildings.z5.web.core.windows.net/global-buildings/2026-02-03/global-buildings.geojsonl/RegionName=UnitedStates/quadkey=030223212/part-00095-4feead82-d499-422b-94cb-c036c212127a.c000.csv.gz
030223220,https://minedbuildings.z5.web.core.windows.net/global-buildings/2026-02-03/global-buildings.geojsonl/RegionName=UnitedStates/quadkey=030223220/part-00103-4feead82-d499-422b-94cb-c036c212127a.c000.csv.gz
030223221,https://minedbuildings.z5.web.core.windows.net/global-buildings/2026-02-03/global-buildings.geojsonl/RegionName=UnitedStates/quadkey=030223221/part-00150-4feead82-d499-422b-94cb-c036c212127a.c000.csv.gz
030223222,https://minedbuildings.z5.web.core.windows.net/global-buildings/2026-02-03/global-buildings.geojsonl/RegionName=UnitedStates/quadkey=030223222/part-00162-4feead82-d499-422b-94cb-c036c212127a.c000.csv.gz
030223223,https://minedbuildings.z5.web.core.windows.net/global-buildings/2026-02-03/global-buildings.geojsonl/RegionName=UnitedStates/quadkey=030223223/part-00065-4feead82-d499-422b-94cb-c036c212127a.c000.csv.gz
030223230,https://minedbuildings.z5.web.core.windows.net/global-buildings/2026-02-03/global-buildings.geojsonl/RegionName=UnitedStates/quadkey=030223230/part-00130-4feead82-d499-422b-94cb-c036c212127a.c000.csv.gz
030223231,https://minedbuildings.z5.web.core.windows.net/global-buildings/2026-02-03/global-buildings.geojsonl/RegionName=UnitedStates/quadkey=030223231/part-00029-4feead82-d499-422b-94cb-c036c212127a.c000.csv.gz
030223232,https://minedbuildings.z5.web.core.windows.net/global-buildings/2026-02-03/global-buildings.geojsonl/RegionName=UnitedStates/quadkey=030223232/part-00042-4feead82-d499-422b-94cb-c036c212127a.c000.csv.gz
030223233,https://minedbuildings.z5.web.core.windows.net/global-buildings/2026-02-03/global-buildings.geojsonl/RegionName=UnitedStates/quadkey=030223233/part-00025-4feead82-d499-422b-94cb-c036c212127a.c000.csv.gz
030223303,https://minedbuildings.z5.web.core.windows.net/global-buildings/2026-02-03/global-buildings.geojsonl/RegionName=UnitedStates/quadkey=030223303/part-00033-4feead82-d499-422b-94cb-c036c212127a.c000.csv.gz
030223311,https://minedbuildings.z5.web.core.windows.net/global-buildings/2026-02-03/global-buildings.geojsonl/RegionName=UnitedStates/quadkey=030223311/part-00042-4feead82-d499-422b-94cb-c036c212127a.c000.csv.gz
030223312,https://minedbuildings.z5.web.core.windows.net/global-buildings/2026-02-03/global-buildings.geojsonl/RegionName=UnitedStates/quadkey=030223312/part-00128-4feead82-d499-422b-94cb-c036c212127a.c000.csv.gz
030223313,https://minedbuildings.z5.web.core.windows.net/global-buildings/2026-02-03/global-buildings.geojsonl/RegionName=UnitedStates/quadkey=030223313/part-00070-4feead82-d499-422b-94cb-c036c212127a.c000.csv.gz
030223320,https://minedbuildings.z5.web.core.windows.net/global-buildings/2026-02-03/global-buildings.geojsonl/RegionName=UnitedStates/quadkey=030223320/part-00102-4feead82-d499-422b-94cb-c036c212127a.c000.csv.gz
030223321,https://minedbuildings.z5.web.core.windows.net/global-buildings/2026-02-03/global-buildings.geojsonl/RegionName=UnitedStates/quadkey=030223321/part-00082-4feead82-d499-422b-94cb-c036c212127a.c000.csv.gz
030223322,https://minedbuildings.z5.web.core.windows.net/global-buildings/2026-02-03/global-buildings.geojsonl/RegionName=UnitedStates/quadkey=030223322/part-00160-4feead82-d499-422b-94cb-c036c212127a.c000.csv.gz
030223323,https://minedbuildings.z5.web.core.windows.net/global-buildings/2026-02-03/global-buildings.geojsonl/RegionName=UnitedStates/quadkey=030223323/part-00064-4feead82-d499-422b-94cb-c036c212127a.c000.csv.gz
030223330,https://minedbuildings.z5.web.core.windows.net/global-buildings/2026-02-03/global-buildings.geojsonl/RegionName=UnitedStates/quadkey=030223330/part-00170-4feead82-d499-422b-94cb-c036c212127a.c000.csv.gz
030223331,https://minedbuildings.z5.web.core.windows.net/global-buildings/2026-02-03/global-buildings.geojsonl/RegionName=UnitedStates/quadkey=030223331/part-00160-4feead82-d499-422b-94cb-c036c212127a.c000.csv.gz
030223332,https://minedbuildings.z5.web.core.windows.net/global-buildings/2026-02-03/global-buildings.geojsonl/RegionName=UnitedStates/quadkey=030223332/part-00095-4feead82-d499-422b-94cb-c036c212127a.c000.csv.gz
030223333,https://minedbuildings.z5.web.core.windows.net/global-buildings/2026-02-03/global-buildings.geojsonl/RegionName=UnitedStates/quadkey=030223333/part-00025-4feead82-d499-422b-94cb-c036c212127a.c000.csv.gz
030231123,https://minedbuildings.z5.web.core.windows.net/global-buildings/2026-02-03/global-buildings.geojsonl/RegionName=UnitedStates/quadkey=030231123/part-00122-4feead82-d499-422b-94cb-c036c212127a.c000.csv.gz
030231132,https://minedbuildings.z5.web.core.windows.net/global-buildings/2026-02-03/global-buildings.geojsonl/RegionName=UnitedStates/quadkey=030231132/part-00152-4feead82-d499-422b-94cb-c036c212127a.c000.csv.gz
030231133,https://minedbuildings.z5.web.core.windows.net/global-buildings/2026-02-03/global-buildings.geojsonl/RegionName=UnitedStates/quadkey=030231133/part-00169-4feead82-d499-422b-94cb-c036c212127a.c000.csv.gz
030231231,https://minedbuildings.z5.web.core.windows.net/global-buildings/2026-02-03/global-buildings.geojsonl/RegionName=UnitedStates/quadkey=030231231/part-00198-4feead82-d499-422b-94cb-c036c212127a.c000.csv.gz
030231232,https://minedbuildings.z5.web.core.windows.net/global-buildings/2026-02-03/global-buildings.geojsonl/RegionName=UnitedStates/quadkey=030231232/part-00107-4feead82-d499-422b-94cb-c036c212127a.c000.csv.gz
030231233,https://minedbuildings.z5.web.core.windows.net/global-buildings/2026-02-03/global-buildings.geojsonl/RegionName=UnitedStates/quadkey=030231233/part-00198-4feead82-d499-422b-94cb-c036c212127a.c000.csv.gz
030231300,https://minedbuildings.z5.web.core.windows.net/global-buildings/2026-02-03/global-buildings.geojsonl/RegionName=UnitedStates/quadkey=030231300/part-00196-4feead82-d499-422b-94cb-c036c212127a.c000.csv.gz
030231301,https://minedbuildings.z5.web.core.windows.net/global-buildings/2026-02-03/global-buildings.geojsonl/RegionName=UnitedStates/quadkey=030231301/part-00153-4feead82-d499-422b-94cb-c036c212127a.c000.csv.gz
030231302,https://minedbuildings.z5.web.core.windows.net/global-buildings/2026-02-03/global-buildings.geojsonl/RegionName=UnitedStates/quadkey=030231302/part-00153-4feead82-d499-422b-94cb-c036c212127a.c000.csv.gz
030231303,https://minedbuildings.z5.web.core.windows.net/global-buildings/2026-02-03/global-buildings.geojsonl/RegionName=UnitedStates/quadkey=030231303/part-00187-4feead82-d499-422b-94cb-c036c212127a.c000.csv.gz
030231310,https://minedbuildings.z5.web.core.windows.net/global-buildings/2026-02-03/global-buildings.geojsonl/RegionName=UnitedStates/quadkey=030231310/part-00019-4feead82-d499-422b-94cb-c036c212127a.c000.csv.gz
030231311,https://minedbuildings.z5.web.core.windows.net/global-buildings/2026-02-03/global-buildings.geojsonl/RegionName=UnitedStates/quadkey=030231311/part-00019-4feead82-d499-422b-94cb-c036c212127a.c000.csv.gz
030231312,https://minedbuildings.z5.web.core.windows.net/global-buildings/2026-02-03/global-buildings.geojsonl/RegionName=UnitedStates/quadkey=030231312/part-00193-4feead82-d499-422b-94cb-c036c212127a.c000.csv.gz
030231313,https://minedbuildings.z5.web.core.windows.net/global-buildings/2026-02-03/global-buildings.geojsonl/RegionName=UnitedStates/quadkey=030231313/part-00159-4feead82-d499-422b-94cb-c036c212127a.c000.csv.gz
030231320,https://minedbuildings.z5.web.core.windows.net/global-buildings/2026-02-03/global-buildings.geojsonl/RegionName=UnitedStates/quadkey=030231320/part-00162-4feead82-d499-422b-94cb-c036c212127a.c000.csv.gz
030231321,https://minedbuildings.z5.web.core.windows.net/global-buildings/2026-02-03/global-buildings.geojsonl/RegionName=UnitedStates/quadkey=030231321/part-00119-4feead82-d499-422b-94cb-c036c212127a.c000.csv.gz
030231322,https://minedbuildings.z5.web.core.windows.net/global-buildings/2026-02-03/global-buildings.geojsonl/RegionName=UnitedStates/quadkey=030231322/part-00188-4feead82-d499-422b-94cb-c036c212127a.c000.csv.gz
030231323,https://minedbuildings.z5.web.core.windows.net/global-buildings/2026-02-03/global-buildings.geojsonl/RegionName=UnitedStates/quadkey=030231323/part-00148-4feead82-d499-422b-94cb-c036c212127a.c000.csv.gz
030231330,https://minedbuildings.z5.web.core.windows.net/global-buildings/2026-02-03/global-buildings.geojsonl/RegionName=UnitedStates/quadkey=030231330/part-00020-4feead82-d499-422b-94cb-c036c212127a.c000.csv.gz
030231331,https://minedbuildings.z5.web.core.windows.net/global-buildings/2026-02-03/global-buildings.geojsonl/RegionName=UnitedStates/quadkey=030231331/part-00114-4feead82-d499-422b-94cb-c036c212127a.c000.csv.gz
030231332,https://minedbuildings.z5.web.core.windows.net/global-buildings/2026-02-03/global-buildings.geojsonl/RegionName=UnitedStates/quadkey=030231332/part-00194-4feead82-d499-422b-94cb-c036c212127a.c000.csv.gz
030231333,https://minedbuildings.z5.web.core.windows.net/global-buildings/2026-02-03/global-buildings.geojsonl/RegionName=UnitedStates/quadkey=030231333/part-00093-4feead82-d499-422b-94cb-c036c212127a.c000.csv.gz
030232013,https://minedbuildings.z5.web.core.windows.net/global-buildings/2026-02-03/global-buildings.geojsonl/RegionName=UnitedStates/quadkey=030232013/part-00031-4feead82-d499-422b-94cb-c036c212127a.c000.csv.gz
030232022,https://minedbuildings.z5.web.core.windows.net/global-buildings/2026-02-03/global-buildings.geojsonl/RegionName=UnitedStates/quadkey=030232022/part-00105-4feead82-d499-422b-94cb-c036c212127a.c000.csv.gz
030232023,https://minedbuildings.z5.web.core.windows.net/global-buildings/2026-02-03/global-buildings.geojsonl/RegionName=UnitedStates/quadkey=030232023/part-00005-4feead82-d499-422b-94cb-c036c212127a.c000.csv.gz
030232031,https://minedbuildings.z5.web.core.windows.net/global-buildings/2026-02-03/global-buildings.geojsonl/RegionName=UnitedStates/quadkey=030232031/part-00133-4feead82-d499-422b-94cb-c036c212127a.c000.csv.gz
030232032,https://minedbuildings.z5.web.core.windows.net/global-buildings/2026-02-03/global-buildings.geojsonl/RegionName=UnitedStates/quadkey=030232032/part-00090-4feead82-d499-422b-94cb-c036c212127a.c000.csv.gz
030232033,https://minedbuildings.z5.web.core.windows.net/global-buildings/2026-02-03/global-buildings.geojsonl/RegionName=UnitedStates/quadkey=030232033/part-00127-4feead82-d499-422b-94cb-c036c212127a.c000.csv.gz
030232100,https://minedbuildings.z5.web.core.windows.net/global-buildings/2026-02-03/global-buildings.geojsonl/RegionName=UnitedStates/quadkey=030232100/part-00170-4feead82-d499-422b-94cb-c036c212127a.c000.csv.gz
030232101,https://minedbuildings.z5.web.core.windows.net/global-buildings/2026-02-03/global-buildings.geojsonl/RegionName=UnitedStates/quadkey=030232101/part-00197-4feead82-d499-422b-94cb-c036c212127a.c000.csv.gz
030232102,https://minedbuildings.z5.web.core.windows.net/global-buildings/2026-02-03/global-buildings.geojsonl/RegionName=UnitedStates/quadkey=030232102/part-00019-4feead82-d499-422b-94cb-c036c212127a.c000.csv.gz
030232103,https://minedbuildings.z5.web.core.windows.net/global-buildings/2026-02-03/global-buildings.geojsonl/RegionName=UnitedStates/quadkey=030232103/part-00087-4feead82-d499-422b-94cb-c036c212127a.c000.csv.gz
030232110,https://minedbuildings.z5.web.core.windows.net/global-buildings/2026-02-03/global-buildings.geojsonl/RegionName=UnitedStates/quadkey=030232110/part-00073-4feead82-d499-422b-94cb-c036c212127a.c000.csv.gz
030232111,https://minedbuildings.z5.web.core.windows.net/global-buildings/2026-02-03/global-buildings.geojsonl/RegionName=UnitedStates/quadkey=030232111/part-00014-4feead82-d499-422b-94cb-c036c212127a.c000.csv.gz
030232112,https://minedbuildings.z5.web.core.windows.net/global-buildings/2026-02-03/global-buildings.geojsonl/RegionName=UnitedStates/quadkey=030232112/part-00146-4feead82-d499-422b-94cb-c036c212127a.c000.csv.gz
030232113,https://minedbuildings.z5.web.core.windows.net/global-buildings/2026-02-03/global-buildings.geojsonl/RegionName=UnitedStates/quadkey=030232113/part-00036-4feead82-d499-422b-94cb-c036c212127a.c000.csv.gz
030232120,https://minedbuildings.z5.web.core.windows.net/global-buildings/2026-02-03/global-buildings.geojsonl/RegionName=UnitedStates/quadkey=030232120/part-00013-4feead82-d499-422b-94cb-c036c212127a.c000.csv.gz
030232121,https://minedbuildings.z5.web.core.windows.net/global-buildings/2026-02-03/global-buildings.geojsonl/RegionName=UnitedStates/quadkey=030232121/part-00089-4feead82-d499-422b-94cb-c036c212127a.c000.csv.gz
030232122,https://minedbuildings.z5.web.core.windows.net/global-buildings/2026-02-03/global-buildings.geojsonl/RegionName=UnitedStates/quadkey=030232122/part-00136-4feead82-d499-422b-94cb-c036c212127a.c000.csv.gz
030232123,https://minedbuildings.z5.web.core.windows.net/global-buildings/2026-02-03/global-buildings.geojsonl/RegionName=UnitedStates/quadkey=030232123/part-00013-4feead82-d499-422b-94cb-c036c212127a.c000.csv.gz
030232130,https://minedbuildings.z5.web.core.windows.net/global-buildings/2026-02-03/global-buildings.geojsonl/RegionName=UnitedStates/quadkey=030232130/part-00011-4feead82-d499-422b-94cb-c036c212127a.c000.csv.gz
030232131,https://minedbuildings.z5.web.core.windows.net/global-buildings/2026-02-03/global-buildings.geojsonl/RegionName=UnitedStates/quadkey=030232131/part-00165-4feead82-d499-422b-94cb-c036c212127a.c000.csv.gz
030232132,https://minedbuildings.z5.web.core.windows.net/global-buildings/2026-02-03/global-buildings.geojsonl/RegionName=UnitedStates/quadkey=030232132/part-00111-4feead82-d499-422b-94cb-c036c212127a.c000.csv.gz
030232133,https://minedbuildings.z5.web.core.windows.net/global-buildings/2026-02-03/global-buildings.geojsonl/RegionName=UnitedStates/quadkey=030232133/part-00190-4feead82-d499-422b-94cb-c036c212127a.c000.csv.gz
030232200,https://minedbuildings.z5.web.core.windows.net/global-buildings/2026-02-03/global-buildings.geojsonl/RegionName=UnitedStates/quadkey=030232200/part-00187-4feead82-d499-422b-94cb-c036c212127a.c000.csv.gz
030232201,https://minedbuildings.z5.web.core.windows.net/global-buildings/2026-02-03/global-buildings.geojsonl/RegionName=UnitedStates/quadkey=030232201/part-00016-4feead82-d499-422b-94cb-c036c212127a.c000.csv.gz
030232202,https://minedbuildings.z5.web.core.windows.net/global-buildings/2026-02-03/global-buildings.geojsonl/RegionName=UnitedStates/quadkey=030232202/part-00096-4feead82-d499-422b-94cb-c036c212127a.c000.csv.gz
030232203,https://minedbuildings.z5.web.core.windows.net/global-buildings/2026-02-03/global-buildings.geojsonl/RegionName=UnitedStates/quadkey=030232203/part-00132-4feead82-d499-422b-94cb-c036c212127a.c000.csv.gz
030232210,https://minedbuildings.z5.web.core.windows.net/global-buildings/2026-02-03/global-buildings.geojsonl/RegionName=UnitedStates/quadkey=030232210/part-00137-4feead82-d499-422b-94cb-c036c212127a.c000.csv.gz
030232211,https://minedbuildings.z5.web.core.windows.net/global-buildings/2026-02-03/global-buildings.geojsonl/RegionName=UnitedStates/quadkey=030232211/part-00180-4feead82-d499-422b-94cb-c036c212127a.c000.csv.gz
030232212,https://minedbuildings.z5.web.core.windows.net/global-buildings/2026-02-03/global-buildings.geojsonl/RegionName=UnitedStates/quadkey=030232212/part-00195-4feead82-d499-422b-94cb-c036c212127a.c000.csv.gz
030232213,https://minedbuildings.z5.web.core.windows.net/global-buildings/2026-02-03/global-buildings.geojsonl/RegionName=UnitedStates/quadkey=030232213/part-00189-4feead82-d499-422b-94cb-c036c212127a.c000.csv.gz
030232220,https://minedbuildings.z5.web.core.windows.net/global-buildings/2026-02-03/global-buildings.geojsonl/RegionName=UnitedStates/quadkey=030232220/part-00019-4feead82-d499-422b-94cb-c036c212127a.c000.csv.gz
030232221,https://minedbuildings.z5.web.core.windows.net/global-buildings/2026-02-03/global-buildings.geojsonl/RegionName=UnitedStates/quadkey=030232221/part-00041-4feead82-d499-422b-94cb-c036c212127a.c000.csv.gz
030232222,https://minedbuildings.z5.web.core.windows.net/global-buildings/2026-02-03/global-buildings.geojsonl/RegionName=UnitedStates/quadkey=030232222/part-00113-4feead82-d499-422b-94cb-c036c212127a.c000.csv.gz
030232223,https://minedbuildings.z5.web.core.windows.net/global-buildings/2026-02-03/global-buildings.geojsonl/RegionName=UnitedStates/quadkey=030232223/part-00196-4feead82-d499-422b-94cb-c036c212127a.c000.csv.gz
030232230,https://minedbuildings.z5.web.core.windows.net/global-buildings/2026-02-03/global-buildings.geojsonl/RegionName=UnitedStates/quadkey=030232230/part-00114-4feead82-d499-422b-94cb-c036c212127a.c000.csv.gz
030232231,https://minedbuildings.z5.web.core.windows.net/global-buildings/2026-02-03/global-buildings.geojsonl/RegionName=UnitedStates/quadkey=030232231/part-00106-4feead82-d499-422b-94cb-c036c212127a.c000.csv.gz
030232232,https://minedbuildings.z5.web.core.windows.net/global-buildings/2026-02-03/global-buildings.geojsonl/RegionName=UnitedStates/quadkey=030232232/part-00173-4feead82-d499-422b-94cb-c036c212127a.c000.csv.gz
030232233,https://minedbuildings.z5.web.core.windows.net/global-buildings/2026-02-03/global-buildings.geojsonl/RegionName=UnitedStates/quadkey=030232233/part-00130-4feead82-d499-422b-94cb-c036c212127a.c000.csv.gz
030232300,https://minedbuildings.z5.web.core.windows.net/global-buildings/2026-02-03/global-buildings.geojsonl/RegionName=UnitedStates/quadkey=030232300/part-00166-4feead82-d499-422b-94cb-c036c212127a.c000.csv.gz
030232301,https://minedbuildings.z5.web.core.windows.net/global-buildings/2026-02-03/global-buildings.geojsonl/RegionName=UnitedStates/quadkey=030232301/part-00033-4feead82-d499-422b-94cb-c036c212127a.c000.csv.gz
030232302,https://minedbuildings.z5.web.core.windows.net/global-buildings/2026-02-03/global-buildings.geojsonl/RegionName=UnitedStates/quadkey=030232302/part-00011-4feead82-d499-422b-94cb-c036c212127a.c000.csv.gz
030232303,https://minedbuildings.z5.web.core.windows.net/global-buildings/2026-02-03/global-buildings.geojsonl/RegionName=UnitedStates/quadkey=030232303/part-00106-4feead82-d499-422b-94cb-c036c212127a.c000.csv.gz
030232310,https://minedbuildings.z5.web.core.windows.net/global-buildings/2026-02-03/global-buildings.geojsonl/RegionName=UnitedStates/quadkey=030232310/part-00179-4feead82-d499-422b-94cb-c036c212127a.c000.csv.gz
030232311,https://minedbuildings.z5.web.core.windows.net/global-buildings/2026-02-03/global-buildings.geojsonl/RegionName=UnitedStates/quadkey=030232311/part-00035-4feead82-d499-422b-94cb-c036c212127a.c000.csv.gz
030232312,https://minedbuildings.z5.web.core.windows.net/global-buildings/2026-02-03/global-buildings.geojsonl/RegionName=UnitedStates/quadkey=030232312/part-00021-4feead82-d499-422b-94cb-c036c212127a.c000.csv.gz
030232313,https://minedbuildings.z5.web.core.windows.net/global-buildings/2026-02-03/global-buildings.geojsonl/RegionName=UnitedStates/quadkey=030232313/part-00014-4feead82-d499-422b-94cb-c036c212127a.c000.csv.gz
030232320,https://minedbuildings.z5.web.core.windows.net/global-buildings/2026-02-03/global-buildings.geojsonl/RegionName=UnitedStates/quadkey=030232320/part-00184-4feead82-d499-422b-94cb-c036c212127a.c000.csv.gz
030232321,https://minedbuildings.z5.web.core.windows.net/global-buildings/2026-02-03/global-buildings.geojsonl/RegionName=UnitedStates/quadkey=030232321/part-00052-4feead82-d499-422b-94cb-c036c212127a.c000.csv.gz
030232322,https://minedbuildings.z5.web.core.windows.net/global-buildings/2026-02-03/global-buildings.geojsonl/RegionName=UnitedStates/quadkey=030232322/part-00056-4feead82-d499-422b-94cb-c036c212127a.c000.csv.gz
030232323,https://minedbuildings.z5.web.core.windows.net/global-buildings/2026-02-03/global-buildings.geojsonl/RegionName=UnitedStates/quadkey=030232323/part-00119-4feead82-d499-422b-94cb-c036c212127a.c000.csv.gz
030232330,https://minedbuildings.z5.web.core.windows.net/global-buildings/2026-02-03/global-buildings.geojsonl/RegionName=UnitedStates/quadkey=030232330/part-00155-4feead82-d499-422b-94cb-c036c212127a.c000.csv.gz
030232331,https://minedbuildings.z5.web.core.windows.net/global-buildings/2026-02-03/global-buildings.geojsonl/RegionName=UnitedStates/quadkey=030232331/part-00098-4feead82-d499-422b-94cb-c036c212127a.c000.csv.gz
030232332,https://minedbuildings.z5.web.core.windows.net/global-buildings/2026-02-03/global-buildings.geojsonl/RegionName=UnitedStates/quadkey=030232332/part-00007-4feead82-d499-422b-94cb-c036c212127a.c000.csv.gz
030232333,https://minedbuildings.z5.web.core.windows.net/global-buildings/2026-02-03/global-buildings.geojsonl/RegionName=UnitedStates/quadkey=030232333/part-00057-4feead82-d499-422b-94cb-c036c212127a.c000.csv.gz
030233000,https://minedbuildings.z5.web.core.windows.net/global-buildings/2026-02-03/global-buildings.geojsonl/RegionName=UnitedStates/quadkey=030233000/part-00119-4feead82-d499-422b-94cb-c036c212127a.c000.csv.gz
030233001,https://minedbuildings.z5.web.core.windows.net/global-buildings/2026-02-03/global-buildings.geojsonl/RegionName=UnitedStates/quadkey=030233001/part-00030-4feead82-d499-422b-94cb-c036c212127a.c000.csv.gz
030233002,https://minedbuildings.z5.web.core.windows.net/global-buildings/2026-02-03/global-buildings.geojsonl/RegionName=UnitedStates/quadkey=030233002/part-00113-4feead82-d499-422b-94cb-c036c212127a.c000.csv.gz
030233003,https://minedbuildings.z5.web.core.windows.net/global-buildings/2026-02-03/global-buildings.geojsonl/RegionName=UnitedStates/quadkey=030233003/part-00165-4feead82-d499-422b-94cb-c036c212127a.c000.csv.gz
030233010,https://minedbuildings.z5.web.core.windows.net/global-buildings/2026-02-03/global-buildings.geojsonl/RegionName=UnitedStates/quadkey=030233010/part-00195-4feead82-d499-422b-94cb-c036c212127a.c000.csv.gz
030233011,https://minedbuildings.z5.web.core.windows.net/global-buildings/2026-02-03/global-buildings.geojsonl/RegionName=UnitedStates/quadkey=030233011/part-00168-4feead82-d499-422b-94cb-c036c212127a.c000.csv.gz
030233012,https://minedbuildings.z5.web.core.windows.net/global-buildings/2026-02-03/global-buildings.geojsonl/RegionName=UnitedStates/quadkey=030233012/part-00134-4feead82-d499-422b-94cb-c036c212127a.c000.csv.gz
030233013,https://minedbuildings.z5.web.core.windows.net/global-buildings/2026-02-03/global-buildings.geojsonl/RegionName=UnitedStates/quadkey=030233013/part-00087-4feead82-d499-422b-94cb-c036c212127a.c000.csv.gz
030233020,https://minedbuildings.z5.web.core.windows.net/global-buildings/2026-02-03/global-buildings.geojsonl/RegionName=UnitedStates/quadkey=030233020/part-00187-4feead82-d499-422b-94cb-c036c212127a.c000.csv.gz
030233021,https://minedbuildings.z5.web.core.windows.net/global-buildings/2026-02-03/global-buildings.geojsonl/RegionName=UnitedStates/quadkey=030233021/part-00092-4feead82-d499-422b-94cb-c036c212127a.c000.csv.gz
030233022,https://minedbuildings.z5.web.core.windows.net/global-buildings/2026-02-03/global-buildings.geojsonl/RegionName=UnitedStates/quadkey=030233022/part-00170-4feead82-d499-422b-94cb-c036c212127a.c000.csv.gz
030233023,https://minedbuildings.z5.web.core.windows.net/global-buildings/2026-02-03/global-buildings.geojsonl/RegionName=UnitedStates/quadkey=030233023/part-00032-4feead82-d499-422b-94cb-c036c212127a.c000.csv.gz
030233030,https://minedbuildings.z5.web.core.windows.net/global-buildings/2026-02-03/global-buildings.geojsonl/RegionName=UnitedStates/quadkey=030233030/part-00172-4feead82-d499-422b-94cb-c036c212127a.c000.csv.gz
030233031,https://minedbuildings.z5.web.core.windows.net/global-buildings/2026-02-03/global-buildings.geojsonl/RegionName=UnitedStates/quadkey=030233031/part-00196-4feead82-d499-422b-94cb-c036c212127a.c000.csv.gz
030233032,https://minedbuildings.z5.web.core.windows.net/global-buildings/2026-02-03/global-buildings.geojsonl/RegionName=UnitedStates/quadkey=030233032/part-00029-4feead82-d499-422b-94cb-c036c212127a.c000.csv.gz
030233033,https://minedbuildings.z5.web.core.windows.net/global-buildings/2026-02-03/global-buildings.geojsonl/RegionName=UnitedStates/quadkey=030233033/part-00115-4feead82-d499-422b-94cb-c036c212127a.c000.csv.gz
030233100,https://minedbuildings.z5.web.core.windows.net/global-buildings/2026-02-03/global-buildings.geojsonl/RegionName=UnitedStates/quadkey=030233100/part-00097-4feead82-d499-422b-94cb-c036c212127a.c000.csv.gz
030233101,https://minedbuildings.z5.web.core.windows.net/global-buildings/2026-02-03/global-buildings.geojsonl/RegionName=UnitedStates/quadkey=030233101/part-00022-4feead82-d499-422b-94cb-c036c212127a.c000.csv.gz
030233102,https://minedbuildings.z5.web.core.windows.net/global-buildings/2026-02-03/global-buildings.geojsonl/RegionName=UnitedStates/quadkey=030233102/part-00088-4feead82-d499-422b-94cb-c036c212127a.c000.csv.gz
030233103,https://minedbuildings.z5.web.core.windows.net/global-buildings/2026-02-03/global-buildings.geojsonl/RegionName=UnitedStates/quadkey=030233103/part-00115-4feead82-d499-422b-94cb-c036c212127a.c000.csv.gz
030233110,https://minedbuildings.z5.web.core.windows.net/global-buildings/2026-02-03/global-buildings.geojsonl/RegionName=UnitedStates/quadkey=030233110/part-00097-4feead82-d499-422b-94cb-c036c212127a.c000.csv.gz
030233111,https://minedbuildings.z5.web.core.windows.net/global-buildings/2026-02-03/global-buildings.geojsonl/RegionName=UnitedStates/quadkey=030233111/part-00126-4feead82-d499-422b-94cb-c036c212127a.c000.csv.gz
030233112,https://minedbuildings.z5.web.core.windows.net/global-buildings/2026-02-03/global-buildings.geojsonl/RegionName=UnitedStates/quadkey=030233112/part-00041-4feead82-d499-422b-94cb-c036c212127a.c000.csv.gz
030233113,https://minedbuildings.z5.web.core.windows.net/global-buildings/2026-02-03/global-buildings.geojsonl/RegionName=UnitedStates/quadkey=030233113/part-00091-4feead82-d499-422b-94cb-c036c212127a.c000.csv.gz
030233120,https://minedbuildings.z5.web.core.windows.net/global-buildings/2026-02-03/global-buildings.geojsonl/RegionName=UnitedStates/quadkey=030233120/part-00169-4feead82-d499-422b-94cb-c036c212127a.c000.csv.gz
030233121,https://minedbuildings.z5.web.core.windows.net/global-buildings/2026-02-03/global-buildings.geojsonl/RegionName=UnitedStates/quadkey=030233121/part-00173-4feead82-d499-422b-94cb-c036c212127a.c000.csv.gz
030233122,https://minedbuildings.z5.web.core.windows.net/global-buildings/2026-02-03/global-buildings.geojsonl/RegionName=UnitedStates/quadkey=030233122/part-00069-4feead82-d499-422b-94cb-c036c212127a.c000.csv.gz
030233130,https://minedbuildings.z5.web.core.windows.net/global-buildings/2026-02-03/global-buildings.geojsonl/RegionName=UnitedStates/quadkey=030233130/part-00165-4feead82-d499-422b-94cb-c036c212127a.c000.csv.gz
030233200,https://minedbuildings.z5.web.core.windows.net/global-buildings/2026-02-03/global-buildings.geojsonl/RegionName=UnitedStates/quadkey=030233200/part-00168-4feead82-d499-422b-94cb-c036c212127a.c000.csv.gz
030233201,https://minedbuildings.z5.web.core.windows.net/global-buildings/2026-02-03/global-buildings.geojsonl/RegionName=UnitedStates/quadkey=030233201/part-00089-4feead82-d499-422b-94cb-c036c212127a.c000.csv.gz
030233202,https://minedbuildings.z5.web.core.windows.net/global-buildings/2026-02-03/global-buildings.geojsonl/RegionName=UnitedStates/quadkey=030233202/part-00016-4feead82-d499-422b-94cb-c036c212127a.c000.csv.gz
030233203,https://minedbuildings.z5.web.core.windows.net/global-buildings/2026-02-03/global-buildings.geojsonl/RegionName=UnitedStates/quadkey=030233203/part-00005-4feead82-d499-422b-94cb-c036c212127a.c000.csv.gz
030233210,https://minedbuildings.z5.web.core.windows.net/global-buildings/2026-02-03/global-buildings.geojsonl/RegionName=UnitedStates/quadkey=030233210/part-00046-4feead82-d499-422b-94cb-c036c212127a.c000.csv.gz
030233211,https://minedbuildings.z5.web.core.windows.net/global-buildings/2026-02-03/global-buildings.geojsonl/RegionName=UnitedStates/quadkey=030233211/part-00198-4feead82-d499-422b-94cb-c036c212127a.c000.csv.gz
030233212,https://minedbuildings.z5.web.core.windows.net/global-buildings/2026-02-03/global-buildings.geojsonl/RegionName=UnitedStates/quadkey=030233212/part-00194-4feead82-d499-422b-94cb-c036c212127a.c000.csv.gz
030233213,https://minedbuildings.z5.web.core.windows.net/global-buildings/2026-02-03/global-buildings.geojsonl/RegionName=UnitedStates/quadkey=030233213/part-00118-4feead82-d499-422b-94cb-c036c212127a.c000.csv.gz
030233220,https://minedbuildings.z5.web.core.windows.net/global-buildings/2026-02-03/global-buildings.geojsonl/RegionName=UnitedStates/quadkey=030233220/part-00067-4feead82-d499-422b-94cb-c036c212127a.c000.csv.gz
030233221,https://minedbuildings.z5.web.core.windows.net/global-buildings/2026-02-03/global-buildings.geojsonl/RegionName=UnitedStates/quadkey=030233221/part-00151-4feead82-d499-422b-94cb-c036c212127a.c000.csv.gz
030233222,https://minedbuildings.z5.web.core.windows.net/global-buildings/2026-02-03/global-buildings.geojsonl/RegionName=UnitedStates/quadkey=030233222/part-00035-4feead82-d499-422b-94cb-c036c212127a.c000.csv.gz
030233223,https://minedbuildings.z5.web.core.windows.net/global-buildings/2026-02-03/global-buildings.geojsonl/RegionName=UnitedStates/quadkey=030233223/part-00028-4feead82-d499-422b-94cb-c036c212127a.c000.csv.gz
030233230,https://minedbuildings.z5.web.core.windows.net/global-buildings/2026-02-03/global-buildings.geojsonl/RegionName=UnitedStates/quadkey=030233230/part-00118-4feead82-d499-422b-94cb-c036c212127a.c000.csv.gz
030233231,https://minedbuildings.z5.web.core.windows.net/global-buildings/2026-02-03/global-buildings.geojsonl/RegionName=UnitedStates/quadkey=030233231/part-00161-4feead82-d499-422b-94cb-c036c212127a.c000.csv.gz
030233232,https://minedbuildings.z5.web.core.windows.net/global-buildings/2026-02-03/global-buildings.geojsonl/RegionName=UnitedStates/quadkey=030233232/part-00123-4feead82-d499-422b-94cb-c036c212127a.c000.csv.gz
030233233,https://minedbuildings.z5.web.core.windows.net/global-buildings/2026-02-03/global-buildings.geojsonl/RegionName=UnitedStates/quadkey=030233233/part-00101-4feead82-d499-422b-94cb-c036c212127a.c000.csv.gz
030233302,https://minedbuildings.z5.web.core.windows.net/global-buildings/2026-02-03/global-buildings.geojsonl/RegionName=UnitedStates/quadkey=030233302/part-00042-4feead82-d499-422b-94cb-c036c212127a.c000.csv.gz
030233320,https://minedbuildings.z5.web.core.windows.net/global-buildings/2026-02-03/global-buildings.geojsonl/RegionName=UnitedStates/quadkey=030233320/part-00138-4feead82-d499-422b-94cb-c036c212127a.c000.csv.gz
030233322,https://minedbuildings.z5.web.core.windows.net/global-buildings/2026-02-03/global-buildings.geojsonl/RegionName=UnitedStates/quadkey=030233322/part-00190-4feead82-d499-422b-94cb-c036c212127a.c000.csv.gz
030320220,https://minedbuildings.z5.web.core.windows.net/global-buildings/2026-02-03/global-buildings.geojsonl/RegionName=UnitedStates/quadkey=030320220/part-00195-4feead82-d499-422b-94cb-c036c212127a.c000.csv.gz
030320222,https://minedbuildings.z5.web.core.windows.net/global-buildings/2026-02-03/global-buildings.geojsonl/RegionName=UnitedStates/quadkey=030320222/part-00067-4feead82-d499-422b-94cb-c036c212127a.c000.csv.gz
030322000,https://minedbuildings.z5.web.core.windows.net/global-buildings/2026-02-03/global-buildings.geojsonl/RegionName=UnitedStates/quadkey=030322000/part-00058-4feead82-d499-422b-94cb-c036c212127a.c000.csv.gz
030322002,https://minedbuildings.z5.web.core.windows.net/global-buildings/2026-02-03/global-buildings.geojsonl/RegionName=UnitedStates/quadkey=030322002/part-00158-4feead82-d499-422b-94cb-c036c212127a.c000.csv.gz
032000000,https://minedbuildings.z5.web.core.windows.net/global-buildings/2026-02-03/global-buildings.geojsonl/RegionName=UnitedStates/quadkey=032000000/part-00176-4feead82-d499-422b-94cb-c036c212127a.c000.csv.gz
032000001,https://minedbuildings.z5.web.core.windows.net/global-buildings/2026-02-03/global-buildings.geojsonl/RegionName=UnitedStates/quadkey=032000001/part-00044-4feead82-d499-422b-94cb-c036c212127a.c000.csv.gz
032000002,https://minedbuildings.z5.web.core.windows.net/global-buildings/2026-02-03/global-buildings.geojsonl/RegionName=UnitedStates/quadkey=032000002/part-00190-4feead82-d499-422b-94cb-c036c212127a.c000.csv.gz
032000003,https://minedbuildings.z5.web.core.windows.net/global-buildings/2026-02-03/global-buildings.geojsonl/RegionName=UnitedStates/quadkey=032000003/part-00068-4feead82-d499-422b-94cb-c036c212127a.c000.csv.gz
032000010,https://minedbuildings.z5.web.core.windows.net/global-buildings/2026-02-03/global-buildings.geojsonl/RegionName=UnitedStates/quadkey=032000010/part-00098-4feead82-d499-422b-94cb-c036c212127a.c000.csv.gz
032000011,https://minedbuildings.z5.web.core.windows.net/global-buildings/2026-02-03/global-buildings.geojsonl/RegionName=UnitedStates/quadkey=032000011/part-00182-4feead82-d499-422b-94cb-c036c212127a.c000.csv.gz
032000012,https://minedbuildings.z5.web.core.windows.net/global-buildings/2026-02-03/global-buildings.geojsonl/RegionName=UnitedStates/quadkey=032000012/part-00045-4feead82-d499-422b-94cb-c036c212127a.c000.csv.gz
032000013,https://minedbuildings.z5.web.core.windows.net/global-buildings/2026-02-03/global-buildings.geojsonl/RegionName=UnitedStates/quadkey=032000013/part-00075-4feead82-d499-422b-94cb-c036c212127a.c000.csv.gz
032000020,https://minedbuildings.z5.web.core.windows.net/global-buildings/2026-02-03/global-buildings.geojsonl/RegionName=UnitedStates/quadkey=032000020/part-00084-4feead82-d499-422b-94cb-c036c212127a.c000.csv.gz
032000021,https://minedbuildings.z5.web.core.windows.net/global-buildings/2026-02-03/global-buildings.geojsonl/RegionName=UnitedStates/quadkey=032000021/part-00063-4feead82-d499-422b-94cb-c036c212127a.c000.csv.gz
032000022,https://minedbuildings.z5.web.core.windows.net/global-buildings/2026-02-03/global-buildings.geojsonl/RegionName=UnitedStates/quadkey=032000022/part-00164-4feead82-d499-422b-94cb-c036c212127a.c000.csv.gz
032000023,https://minedbuildings.z5.web.core.windows.net/global-buildings/2026-02-03/global-buildings.geojsonl/RegionName=UnitedStates/quadkey=032000023/part-00141-4feead82-d499-422b-94cb-c036c212127a.c000.csv.gz
032000030,https://minedbuildings.z5.web.core.windows.net/global-buildings/2026-02-03/global-buildings.geojsonl/RegionName=UnitedStates/quadkey=032000030/part-00150-4feead82-d499-422b-94cb-c036c212127a.c000.csv.gz
032000031,https://minedbuildings.z5.web.core.windows.net/global-buildings/2026-02-03/global-buildings.geojsonl/RegionName=UnitedStates/quadkey=032000031/part-00055-4feead82-d499-422b-94cb-c036c212127a.c000.csv.gz
032000032,https://minedbuildings.z5.web.core.windows.net/global-buildings/2026-02-03/global-buildings.geojsonl/RegionName=UnitedStates/quadkey=032000032/part-00166-4feead82-d499-422b-94cb-c036c212127a.c000.csv.gz
032000033,https://minedbuildings.z5.web.core.windows.net/global-buildings/2026-02-03/global-buildings.geojsonl/RegionName=UnitedStates/quadkey=032000033/part-00160-4feead82-d499-422b-94cb-c036c212127a.c000.csv.gz
032000100,https://minedbuildings.z5.web.core.windows.net/global-buildings/2026-02-03/global-buildings.geojsonl/RegionName=UnitedStates/quadkey=032000100/part-00056-4feead82-d499-422b-94cb-c036c212127a.c000.csv.gz
032000101,https://minedbuildings.z5.web.core.windows.net/global-buildings/2026-02-03/global-buildings.geojsonl/RegionName=UnitedStates/quadkey=032000101/part-00084-4feead82-d499-422b-94cb-c036c212127a.c000.csv.gz
032000102,https://minedbuildings.z5.web.core.windows.net/global-buildings/2026-02-03/global-buildings.geojsonl/RegionName=UnitedStates/quadkey=032000102/part-00154-4feead82-d499-422b-94cb-c036c212127a.c000.csv.gz
032000103,https://minedbuildings.z5.web.core.windows.net/global-buildings/2026-02-03/global-buildings.geojsonl/RegionName=UnitedStates/quadkey=032000103/part-00000-4feead82-d499-422b-94cb-c036c212127a.c000.csv.gz
032000110,https://minedbuildings.z5.web.core.windows.net/global-buildings/2026-02-03/global-buildings.geojsonl/RegionName=UnitedStates/quadkey=032000110/part-00189-4feead82-d499-422b-94cb-c036c212127a.c000.csv.gz
032000111,https://minedbuildings.z5.web.core.windows.net/global-buildings/2026-02-03/global-buildings.geojsonl/RegionName=UnitedStates/quadkey=032000111/part-00028-4feead82-d499-422b-94cb-c036c212127a.c000.csv.gz
032000112,https://minedbuildings.z5.web.core.windows.net/global-buildings/2026-02-03/global-buildings.geojsonl/RegionName=UnitedStates/quadkey=032000112/part-00047-4feead82-d499-422b-94cb-c036c212127a.c000.csv.gz
032000113,https://minedbuildings.z5.web.core.windows.net/global-buildings/2026-02-03/global-buildings.geojsonl/RegionName=UnitedStates/quadkey=032000113/part-00017-4feead82-d499-422b-94cb-c036c212127a.c000.csv.gz
032000120,https://minedbuildings.z5.web.core.windows.net/global-buildings/2026-02-03/global-buildings.geojsonl/RegionName=UnitedStates/quadkey=032000120/part-00176-4feead82-d499-422b-94cb-c036c212127a.c000.csv.gz
032000121,https://minedbuildings.z5.web.core.windows.net/global-buildings/2026-02-03/global-buildings.geojsonl/RegionName=UnitedStates/quadkey=032000121/part-00115-4feead82-d499-422b-94cb-c036c212127a.c000.csv.gz
032000122,https://minedbuildings.z5.web.core.windows.net/global-buildings/2026-02-03/global-buildings.geojsonl/RegionName=UnitedStates/quadkey=032000122/part-00121-4feead82-d499-422b-94cb-c036c212127a.c000.csv.gz
032000123,https://minedbuildings.z5.web.core.windows.net/global-buildings/2026-02-03/global-buildings.geojsonl/RegionName=UnitedStates/quadkey=032000123/part-00127-4feead82-d499-422b-94cb-c036c212127a.c000.csv.gz
032000130,https://minedbuildings.z5.web.core.windows.net/global-buildings/2026-02-03/global-buildings.geojsonl/RegionName=UnitedStates/quadkey=032000130/part-00180-4feead82-d499-422b-94cb-c036c212127a.c000.csv.gz
032000131,https://minedbuildings.z5.web.core.windows.net/global-buildings/2026-02-03/global-buildings.geojsonl/RegionName=UnitedStates/quadkey=032000131/part-00058-4feead82-d499-422b-94cb-c036c212127a.c000.csv.gz
032000132,https://minedbuildings.z5.web.core.windows.net/global-buildings/2026-02-03/global-buildings.geojsonl/RegionName=UnitedStates/quadkey=032000132/part-00165-4feead82-d499-422b-94cb-c036c212127a.c000.csv.gz
032000133,https://minedbuildings.z5.web.core.windows.net/global-buildings/2026-02-03/global-buildings.geojsonl/RegionName=UnitedStates/quadkey=032000133/part-00177-4feead82-d499-422b-94cb-c036c212127a.c000.csv.gz
032000200,https://minedbuildings.z5.web.core.windows.net/global-buildings/2026-02-03/global-buildings.geojsonl/RegionName=UnitedStates/quadkey=032000200/part-00110-4feead82-d499-422b-94cb-c036c212127a.c000.csv.gz
032000201,https://minedbuildings.z5.web.core.windows.net/global-buildings/2026-02-03/global-buildings.geojsonl/RegionName=UnitedStates/quadkey=032000201/part-00008-4feead82-d499-422b-94cb-c036c212127a.c000.csv.gz
032000202,https://minedbuildings.z5.web.core.windows.net/global-buildings/2026-02-03/global-buildings.geojsonl/RegionName=UnitedStates/quadkey=032000202/part-00179-4feead82-d499-422b-94cb-c036c212127a.c000.csv.gz
032000203,https://minedbuildings.z5.web.core.windows.net/global-buildings/2026-02-03/global-buildings.geojsonl/RegionName=UnitedStates/quadkey=032000203/part-00148-4feead82-d499-422b-94cb-c036c212127a.c000.csv.gz
032000210,https://minedbuildings.z5.web.core.windows.net/global-buildings/2026-02-03/global-buildings.geojsonl/RegionName=UnitedStates/quadkey=032000210/part-00101-4feead82-d499-422b-94cb-c036c212127a.c000.csv.gz
032000211,https://minedbuildings.z5.web.core.windows.net/global-buildings/2026-02-03/global-buildings.geojsonl/RegionName=UnitedStates/quadkey=032000211/part-00138-4feead82-d499-422b-94cb-c036c212127a.c000.csv.gz
032000212,https://minedbuildings.z5.web.core.windows.net/global-buildings/2026-02-03/global-buildings.geojsonl/RegionName=UnitedStates/quadkey=032000212/part-00080-4feead82-d499-422b-94cb-c036c212127a.c000.csv.gz
032000213,https://minedbuildings.z5.web.core.windows.net/global-buildings/2026-02-03/global-buildings.geojsonl/RegionName=UnitedStates/quadkey=032000213/part-00004-4feead82-d499-422b-94cb-c036c212127a.c000.csv.gz
032000220,https://minedbuildings.z5.web.core.windows.net/global-buildings/2026-02-03/global-buildings.geojsonl/RegionName=UnitedStates/quadkey=032000220/part-00102-4feead82-d499-422b-94cb-c036c212127a.c000.csv.gz
032000221,https://minedbuildings.z5.web.core.windows.net/global-buildings/2026-02-03/global-buildings.geojsonl/RegionName=UnitedStates/quadkey=032000221/part-00141-4feead82-d499-422b-94cb-c036c212127a.c000.csv.gz
032000222,https://minedbuildings.z5.web.core.windows.net/global-buildings/2026-02-03/global-buildings.geojsonl/RegionName=UnitedStates/quadkey=032000222/part-00184-4feead82-d499-422b-94cb-c036c212127a.c000.csv.gz
032000223,https://minedbuildings.z5.web.core.windows.net/global-buildings/2026-02-03/global-buildings.geojsonl/RegionName=UnitedStates/quadkey=032000223/part-00144-4feead82-d499-422b-94cb-c036c212127a.c000.csv.gz
032000230,https://minedbuildings.z5.web.core.windows.net/global-buildings/2026-02-03/global-buildings.geojsonl/RegionName=UnitedStates/quadkey=032000230/part-00005-4feead82-d499-422b-94cb-c036c212127a.c000.csv.gz
032000231,https://minedbuildings.z5.web.core.windows.net/global-buildings/2026-02-03/global-buildings.geojsonl/RegionName=UnitedStates/quadkey=032000231/part-00061-4feead82-d499-422b-94cb-c036c212127a.c000.csv.gz
032000232,https://minedbuildings.z5.web.core.windows.net/global-buildings/2026-02-03/global-buildings.geojsonl/RegionName=UnitedStates/quadkey=032000232/part-00019-4feead82-d499-422b-94cb-c036c212127a.c000.csv.gz
032000233,https://minedbuildings.z5.web.core.windows.net/global-buildings/2026-02-03/global-buildings.geojsonl/RegionName=UnitedStates/quadkey=032000233/part-00091-4feead82-d499-422b-94cb-c036c212127a.c000.csv.gz
032000300,https://minedbuildings.z5.web.core.windows.net/global-buildings/2026-02-03/global-buildings.geojsonl/RegionName=UnitedStates/quadkey=032000300/part-00103-4feead82-d499-422b-94cb-c036c212127a.c000.csv.gz
032000301,https://minedbuildings.z5.web.core.windows.net/global-buildings/2026-02-03/global-buildings.geojsonl/RegionName=UnitedStates/quadkey=032000301/part-00029-4feead82-d499-422b-94cb-c036c212127a.c000.csv.gz
032000302,https://minedbuildings.z5.web.core.windows.net/global-buildings/2026-02-03/global-buildings.geojsonl/RegionName=UnitedStates/quadkey=032000302/part-00007-4feead82-d499-422b-94cb-c036c212127a.c000.csv.gz
032000303,https://minedbuildings.z5.web.core.windows.net/global-buildings/2026-02-03/global-buildings.geojsonl/RegionName=UnitedStates/quadkey=032000303/part-00154-4feead82-d499-422b-94cb-c036c212127a.c000.csv.gz
032000310,https://minedbuildings.z5.web.core.windows.net/global-buildings/2026-02-03/global-buildings.geojsonl/RegionName=UnitedStates/quadkey=032000310/part-00046-4feead82-d499-422b-94cb-c036c212127a.c000.csv.gz
032000311,https://minedbuildings.z5.web.core.windows.net/global-buildings/2026-02-03/global-buildings.geojsonl/RegionName=UnitedStates/quadkey=032000311/part-00181-4feead82-d499-422b-94cb-c036c212127a.c000.csv.gz
032000312,https://minedbuildings.z5.web.core.windows.net/global-buildings/2026-02-03/global-buildings.geojsonl/RegionName=UnitedStates/quadkey=032000312/part-00153-4feead82-d499-422b-94cb-c036c212127a.c000.csv.gz
032000313,https://minedbuildings.z5.web.core.windows.net/global-buildings/2026-02-03/global-buildings.geojsonl/RegionName=UnitedStates/quadkey=032000313/part-00137-4feead82-d499-422b-94cb-c036c212127a.c000.csv.gz
032000320,https://minedbuildings.z5.web.core.windows.net/global-buildings/2026-02-03/global-buildings.geojsonl/RegionName=UnitedStates/quadkey=032000320/part-00194-4feead82-d499-422b-94cb-c036c212127a.c000.csv.gz
032000321,https://minedbuildings.z5.web.core.windows.net/global-buildings/2026-02-03/global-buildings.geojsonl/RegionName=UnitedStates/quadkey=032000321/part-00034-4feead82-d499-422b-94cb-c036c212127a.c000.csv.gz
032000322,https://minedbuildings.z5.web.core.windows.net/global-buildings/2026-02-03/global-buildings.geojsonl/RegionName=UnitedStates/quadkey=032000322/part-00105-4feead82-d499-422b-94cb-c036c212127a.c000.csv.gz
032000323,https://minedbuildings.z5.web.core.windows.net/global-buildings/2026-02-03/global-buildings.geojsonl/RegionName=UnitedStates/quadkey=032000323/part-00002-4feead82-d499-422b-94cb-c036c212127a.c000.csv.gz
032000330,https://minedbuildings.z5.web.core.windows.net/global-buildings/2026-02-03/global-buildings.geojsonl/RegionName=UnitedStates/quadkey=032000330/part-00172-4feead82-d499-422b-94cb-c036c212127a.c000.csv.gz
032000331,https://minedbuildings.z5.web.core.windows.net/global-buildings/2026-02-03/global-buildings.geojsonl/RegionName=UnitedStates/quadkey=032000331/part-00106-4feead82-d499-422b-94cb-c036c212127a.c000.csv.gz
032000332,https://minedbuildings.z5.web.core.windows.net/global-buildings/2026-02-03/global-buildings.geojsonl/RegionName=UnitedStates/quadkey=032000332/part-00074-4feead82-d499-422b-94cb-c036c212127a.c000.csv.gz
032000333,https://minedbuildings.z5.web.core.windows.net/global-buildings/2026-02-03/global-buildings.geojsonl/RegionName=UnitedStates/quadkey=032000333/part-00028-4feead82-d499-422b-94cb-c036c212127a.c000.csv.gz
032001000,https://minedbuildings.z5.web.core.windows.net/global-buildings/2026-02-03/global-buildings.geojsonl/RegionName=UnitedStates/quadkey=032001000/part-00078-4feead82-d499-422b-94cb-c036c212127a.c000.csv.gz
032001001,https://minedbuildings.z5.web.core.windows.net/global-buildings/2026-02-03/global-buildings.geojsonl/RegionName=UnitedStates/quadkey=032001001/part-00035-4feead82-d499-422b-94cb-c036c212127a.c000.csv.gz
032001002,https://minedbuildings.z5.web.core.windows.net/global-buildings/2026-02-03/global-buildings.geojsonl/RegionName=UnitedStates/quadkey=032001002/part-00030-4feead82-d499-422b-94cb-c036c212127a.c000.csv.gz
032001003,https://minedbuildings.z5.web.core.windows.net/global-buildings/2026-02-03/global-buildings.geojsonl/RegionName=UnitedStates/quadkey=032001003/part-00186-4feead82-d499-422b-94cb-c036c212127a.c000.csv.gz
032001010,https://minedbuildings.z5.web.core.windows.net/global-buildings/2026-02-03/global-buildings.geojsonl/RegionName=UnitedStates/quadkey=032001010/part-00086-4feead82-d499-422b-94cb-c036c212127a.c000.csv.gz
032001011,https://minedbuildings.z5.web.core.windows.net/global-buildings/2026-02-03/global-buildings.geojsonl/RegionName=UnitedStates/quadkey=032001011/part-00128-4feead82-d499-422b-94cb-c036c212127a.c000.csv.gz
032001012,https://minedbuildings.z5.web.core.windows.net/global-buildings/2026-02-03/global-buildings.geojsonl/RegionName=UnitedStates/quadkey=032001012/part-00099-4feead82-d499-422b-94cb-c036c212127a.c000.csv.gz
032001013,https://minedbuildings.z5.web.core.windows.net/global-buildings/2026-02-03/global-buildings.geojsonl/RegionName=UnitedStates/quadkey=032001013/part-00017-4feead82-d499-422b-94cb-c036c212127a.c000.csv.gz
032001020,https://minedbuildings.z5.web.core.windows.net/global-buildings/2026-02-03/global-buildings.geojsonl/RegionName=UnitedStates/quadkey=032001020/part-00034-4feead82-d499-422b-94cb-c036c212127a.c000.csv.gz
032001021,https://minedbuildings.z5.web.core.windows.net/global-buildings/2026-02-03/global-buildings.geojsonl/RegionName=UnitedStates/quadkey=032001021/part-00164-4feead82-d499-422b-94cb-c036c212127a.c000.csv.gz
032001022,https://minedbuildings.z5.web.core.windows.net/global-buildings/2026-02-03/global-buildings.geojsonl/RegionName=UnitedStates/quadkey=032001022/part-00011-4feead82-d499-422b-94cb-c036c212127a.c000.csv.gz
032001023,https://minedbuildings.z5.web.core.windows.net/global-buildings/2026-02-03/global-buildings.geojsonl/RegionName=UnitedStates/quadkey=032001023/part-00096-4feead82-d499-422b-94cb-c036c212127a.c000.csv.gz
032001030,https://minedbuildings.z5.web.core.windows.net/global-buildings/2026-02-03/global-buildings.geojsonl/RegionName=UnitedStates/quadkey=032001030/part-00174-4feead82-d499-422b-94cb-c036c212127a.c000.csv.gz
032001031,https://minedbuildings.z5.web.core.windows.net/global-buildings/2026-02-03/global-buildings.geojsonl/RegionName=UnitedStates/quadkey=032001031/part-00011-4feead82-d499-422b-94cb-c036c212127a.c000.csv.gz
032001032,https://minedbuildings.z5.web.core.windows.net/global-buildings/2026-02-03/global-buildings.geojsonl/RegionName=UnitedStates/quadkey=032001032/part-00162-4feead82-d499-422b-94cb-c036c212127a.c000.csv.gz
032001033,https://minedbuildings.z5.web.core.windows.net/global-buildings/2026-02-03/global-buildings.geojsonl/RegionName=UnitedStates/quadkey=032001033/part-00020-4feead82-d499-422b-94cb-c036c212127a.c000.csv.gz
032001100,https://minedbuildings.z5.web.core.windows.net/global-buildings/2026-02-03/global-buildings.geojsonl/RegionName=UnitedStates/quadkey=032001100/part-00153-4feead82-d499-422b-94cb-c036c212127a.c000.csv.gz
032001101,https://minedbuildings.z5.web.core.windows.net/global-buildings/2026-02-03/global-buildings.geojsonl/RegionName=UnitedStates/quadkey=032001101/part-00189-4feead82-d499-422b-94cb-c036c212127a.c000.csv.gz
032001102,https://minedbuildings.z5.web.core.windows.net/global-buildings/2026-02-03/global-buildings.geojsonl/RegionName=UnitedStates/quadkey=032001102/part-00178-4feead82-d499-422b-94cb-c036c212127a.c000.csv.gz
032001103,https://minedbuildings.z5.web.core.windows.net/global-buildings/2026-02-03/global-buildings.geojsonl/RegionName=UnitedStates/quadkey=032001103/part-00050-4feead82-d499-422b-94cb-c036c212127a.c000.csv.gz
032001110,https://minedbuildings.z5.web.core.windows.net/global-buildings/2026-02-03/global-buildings.geojsonl/RegionName=UnitedStates/quadkey=032001110/part-00178-4feead82-d499-422b-94cb-c036c212127a.c000.csv.gz
032001111,https://minedbuildings.z5.web.core.windows.net/global-buildings/2026-02-03/global-buildings.geojsonl/RegionName=UnitedStates/quadkey=032001111/part-00057-4feead82-d499-422b-94cb-c036c212127a.c000.csv.gz
032001112,https://minedbuildings.z5.web.core.windows.net/global-buildings/2026-02-03/global-buildings.geojsonl/RegionName=UnitedStates/quadkey=032001112/part-00164-4feead82-d499-422b-94cb-c036c212127a.c000.csv.gz
032001113,https://minedbuildings.z5.web.core.windows.net/global-buildings/2026-02-03/global-buildings.geojsonl/RegionName=UnitedStates/quadkey=032001113/part-00079-4feead82-d499-422b-94cb-c036c212127a.c000.csv.gz
032001120,https://minedbuildings.z5.web.core.windows.net/global-buildings/2026-02-03/global-buildings.geojsonl/RegionName=UnitedStates/quadkey=032001120/part-00169-4feead82-d499-422b-94cb-c036c212127a.c000.csv.gz
032001121,https://minedbuildings.z5.web.core.windows.net/global-buildings/2026-02-03/global-buildings.geojsonl/RegionName=UnitedStates/quadkey=032001121/part-00024-4feead82-d499-422b-94cb-c036c212127a.c000.csv.gz
032001122,https://minedbuildings.z5.web.core.windows.net/global-buildings/2026-02-03/global-buildings.geojsonl/RegionName=UnitedStates/quadkey=032001122/part-00032-4feead82-d499-422b-94cb-c036c212127a.c000.csv.gz
032001123,https://minedbuildings.z5.web.core.windows.net/global-buildings/2026-02-03/global-buildings.geojsonl/RegionName=UnitedStates/quadkey=032001123/part-00012-4feead82-d499-422b-94cb-c036c212127a.c000.csv.gz
032001130,https://minedbuildings.z5.web.core.windows.net/global-buildings/2026-02-03/global-buildings.geojsonl/RegionName=UnitedStates/quadkey=032001130/part-00121-4feead82-d499-422b-94cb-c036c212127a.c000.csv.gz
032001131,https://minedbuildings.z5.web.core.windows.net/global-buildings/2026-02-03/global-buildings.geojsonl/RegionName=UnitedStates/quadkey=032001131/part-00187-4feead82-d499-422b-94cb-c036c212127a.c000.csv.gz
032001132,https://minedbuildings.z5.web.core.windows.net/global-buildings/2026-02-03/global-buildings.geojsonl/RegionName=UnitedStates/quadkey=032001132/part-00002-4feead82-d499-422b-94cb-c036c212127a.c000.csv.gz
032001133,https://minedbuildings.z5.web.core.windows.net/global-buildings/2026-02-03/global-buildings.geojsonl/RegionName=UnitedStates/quadkey=032001133/part-00004-4feead82-d499-422b-94cb-c036c212127a.c000.csv.gz
032001200,https://minedbuildings.z5.web.core.windows.net/global-buildings/2026-02-03/global-buildings.geojsonl/RegionName=UnitedStates/quadkey=032001200/part-00133-4feead82-d499-422b-94cb-c036c212127a.c000.csv.gz
032001201,https://minedbuildings.z5.web.core.windows.net/global-buildings/2026-02-03/global-buildings.geojsonl/RegionName=UnitedStates/quadkey=032001201/part-00088-4feead82-d499-422b-94cb-c036c212127a.c000.csv.gz
032001202,https://minedbuildings.z5.web.core.windows.net/global-buildings/2026-02-03/global-buildings.geojsonl/RegionName=UnitedStates/quadkey=032001202/part-00027-4feead82-d499-422b-94cb-c036c212127a.c000.csv.gz
032001203,https://minedbuildings.z5.web.core.windows.net/global-buildings/2026-02-03/global-buildings.geojsonl/RegionName=UnitedStates/quadkey=032001203/part-00189-4feead82-d499-422b-94cb-c036c212127a.c000.csv.gz
032001210,https://minedbuildings.z5.web.core.windows.net/global-buildings/2026-02-03/global-buildings.geojsonl/RegionName=UnitedStates/quadkey=032001210/part-00058-4feead82-d499-422b-94cb-c036c212127a.c000.csv.gz
032001211,https://minedbuildings.z5.web.core.windows.net/global-buildings/2026-02-03/global-buildings.geojsonl/RegionName=UnitedStates/quadkey=032001211/part-00106-4feead82-d499-422b-94cb-c036c212127a.c000.csv.gz
032001212,https://minedbuildings.z5.web.core.windows.net/global-buildings/2026-02-03/global-buildings.geojsonl/RegionName=UnitedStates/quadkey=032001212/part-00090-4feead82-d499-422b-94cb-c036c212127a.c000.csv.gz
032001213,https://minedbuildings.z5.web.core.windows.net/global-buildings/2026-02-03/global-buildings.geojsonl/RegionName=UnitedStates/quadkey=032001213/part-00147-4feead82-d499-422b-94cb-c036c212127a.c000.csv.gz
032001220,https://minedbuildings.z5.web.core.windows.net/global-buildings/2026-02-03/global-buildings.geojsonl/RegionName=UnitedStates/quadkey=032001220/part-00176-4feead82-d499-422b-94cb-c036c212127a.c000.csv.gz
032001221,https://minedbuildings.z5.web.core.windows.net/global-buildings/2026-02-03/global-buildings.geojsonl/RegionName=UnitedStates/quadkey=032001221/part-00169-4feead82-d499-422b-94cb-c036c212127a.c000.csv.gz
032001222,https://minedbuildings.z5.web.core.windows.net/global-buildings/2026-02-03/global-buildings.geojsonl/RegionName=UnitedStates/quadkey=032001222/part-00025-4feead82-d499-422b-94cb-c036c212127a.c000.csv.gz
032001223,https://minedbuildings.z5.web.core.windows.net/global-buildings/2026-02-03/global-buildings.geojsonl/RegionName=UnitedStates/quadkey=032001223/part-00040-4feead82-d499-422b-94cb-c036c212127a.c000.csv.gz
032001230,https://minedbuildings.z5.web.core.windows.net/global-buildings/2026-02-03/global-buildings.geojsonl/RegionName=UnitedStates/quadkey=032001230/part-00038-4feead82-d499-422b-94cb-c036c212127a.c000.csv.gz
032001231,https://minedbuildings.z5.web.core.windows.net/global-buildings/2026-02-03/global-buildings.geojsonl/RegionName=UnitedStates/quadkey=032001231/part-00175-4feead82-d499-422b-94cb-c036c212127a.c000.csv.gz
032001232,https://minedbuildings.z5.web.core.windows.net/global-buildings/2026-02-03/global-buildings.geojsonl/RegionName=UnitedStates/quadkey=032001232/part-00046-4feead82-d499-422b-94cb-c036c212127a.c000.csv.gz
032001233,https://minedbuildings.z5.web.core.windows.net/global-buildings/2026-02-03/global-buildings.geojsonl/RegionName=UnitedStates/quadkey=032001233/part-00015-4feead82-d499-422b-94cb-c036c212127a.c000.csv.gz
032001300,https://minedbuildings.z5.web.core.windows.net/global-buildings/2026-02-03/global-buildings.geojsonl/RegionName=UnitedStates/quadkey=032001300/part-00041-4feead82-d499-422b-94cb-c036c212127a.c000.csv.gz
032001301,https://minedbuildings.z5.web.core.windows.net/global-buildings/2026-02-03/global-buildings.geojsonl/RegionName=UnitedStates/quadkey=032001301/part-00056-4feead82-d499-422b-94cb-c036c212127a.c000.csv.gz
032001302,https://minedbuildings.z5.web.core.windows.net/global-buildings/2026-02-03/global-buildings.geojsonl/RegionName=UnitedStates/quadkey=032001302/part-00008-4feead82-d499-422b-94cb-c036c212127a.c000.csv.gz
032001303,https://minedbuildings.z5.web.core.windows.net/global-buildings/2026-02-03/global-buildings.geojsonl/RegionName=UnitedStates/quadkey=032001303/part-00134-4feead82-d499-422b-94cb-c036c212127a.c000.csv.gz
032001310,https://minedbuildings.z5.web.core.windows.net/global-buildings/2026-02-03/global-buildings.geojsonl/RegionName=UnitedStates/quadkey=032001310/part-00172-4feead82-d499-422b-94cb-c036c212127a.c000.csv.gz
032001311,https://minedbuildings.z5.web.core.windows.net/global-buildings/2026-02-03/global-buildings.geojsonl/RegionName=UnitedStates/quadkey=032001311/part-00169-4feead82-d499-422b-94cb-c036c212127a.c000.csv.gz
032001312,https://minedbuildings.z5.web.core.windows.net/global-buildings/2026-02-03/global-buildings.geojsonl/RegionName=UnitedStates/quadkey=032001312/part-00004-4feead82-d499-422b-94cb-c036c212127a.c000.csv.gz
032001313,https://minedbuildings.z5.web.core.windows.net/global-buildings/2026-02-03/global-buildings.geojsonl/RegionName=UnitedStates/quadkey=032001313/part-00058-4feead82-d499-422b-94cb-c036c212127a.c000.csv.gz
032001320,https://minedbuildings.z5.web.core.windows.net/global-buildings/2026-02-03/global-buildings.geojsonl/RegionName=UnitedStates/quadkey=032001320/part-00164-4feead82-d499-422b-94cb-c036c212127a.c000.csv.gz
032001321,https://minedbuildings.z5.web.core.windows.net/global-buildings/2026-02-03/global-buildings.geojsonl/RegionName=UnitedStates/quadkey=032001321/part-00141-4feead82-d499-422b-94cb-c036c212127a.c000.csv.gz
032001322,https://minedbuildings.z5.web.core.windows.net/global-buildings/2026-02-03/global-buildings.geojsonl/RegionName=UnitedStates/quadkey=032001322/part-00153-4feead82-d499-422b-94cb-c036c212127a.c000.csv.gz
032001323,https://minedbuildings.z5.web.core.windows.net/global-buildings/2026-02-03/global-buildings.geojsonl/RegionName=UnitedStates/quadkey=032001323/part-00195-4feead82-d499-422b-94cb-c036c212127a.c000.csv.gz
032001330,https://minedbuildings.z5.web.core.windows.net/global-buildings/2026-02-03/global-buildings.geojsonl/RegionName=UnitedStates/quadkey=032001330/part-00161-4feead82-d499-422b-94cb-c036c212127a.c000.csv.gz
032001331,https://minedbuildings.z5.web.core.windows.net/global-buildings/2026-02-03/global-buildings.geojsonl/RegionName=UnitedStates/quadkey=032001331/part-00132-4feead82-d499-422b-94cb-c036c212127a.c000.csv.gz
032001332,https://minedbuildings.z5.web.core.windows.net/global-buildings/2026-02-03/global-buildings.geojsonl/RegionName=UnitedStates/quadkey=032001332/part-00103-4feead82-d499-422b-94cb-c036c212127a.c000.csv.gz
032001333,https://minedbuildings.z5.web.core.windows.net/global-buildings/2026-02-03/global-buildings.geojsonl/RegionName=UnitedStates/quadkey=032001333/part-00187-4feead82-d499-422b-94cb-c036c212127a.c000.csv.gz
032002000,https://minedbuildings.z5.web.core.windows.net/global-buildings/2026-02-03/global-buildings.geojsonl/RegionName=UnitedStates/quadkey=032002000/part-00161-4feead82-d499-422b-94cb-c036c212127a.c000.csv.gz
032002001,https://minedbuildings.z5.web.core.windows.net/global-buildings/2026-02-03/global-buildings.geojsonl/RegionName=UnitedStates/quadkey=032002001/part-00063-4feead82-d499-422b-94cb-c036c212127a.c000.csv.gz
032002002,https://minedbuildings.z5.web.core.windows.net/global-buildings/2026-02-03/global-buildings.geojsonl/RegionName=UnitedStates/quadkey=032002002/part-00141-4feead82-d499-422b-94cb-c036c212127a.c000.csv.gz
032002003,https://minedbuildings.z5.web.core.windows.net/global-buildings/2026-02-03/global-buildings.geojsonl/RegionName=UnitedStates/quadkey=032002003/part-00198-4feead82-d499-422b-94cb-c036c212127a.c000.csv.gz
032002010,https://minedbuildings.z5.web.core.windows.net/global-buildings/2026-02-03/global-buildings.geojsonl/RegionName=UnitedStates/quadkey=032002010/part-00155-4feead82-d499-422b-94cb-c036c212127a.c000.csv.gz
032002011,https://minedbuildings.z5.web.core.windows.net/global-buildings/2026-02-03/global-buildings.geojsonl/RegionName=UnitedStates/quadkey=032002011/part-00078-4feead82-d499-422b-94cb-c036c212127a.c000.csv.gz
032002012,https://minedbuildings.z5.web.core.windows.net/global-buildings/2026-02-03/global-buildings.geojsonl/RegionName=UnitedStates/quadkey=032002012/part-00166-4feead82-d499-422b-94cb-c036c212127a.c000.csv.gz
032002013,https://minedbuildings.z5.web.core.windows.net/global-buildings/2026-02-03/global-buildings.geojsonl/RegionName=UnitedStates/quadkey=032002013/part-00170-4feead82-d499-422b-94cb-c036c212127a.c000.csv.gz
032002020,https://minedbuildings.z5.web.core.windows.net/global-buildings/2026-02-03/global-buildings.geojsonl/RegionName=UnitedStates/quadkey=032002020/part-00177-4feead82-d499-422b-94cb-c036c212127a.c000.csv.gz
032002021,https://minedbuildings.z5.web.core.windows.net/global-buildings/2026-02-03/global-buildings.geojsonl/RegionName=UnitedStates/quadkey=032002021/part-00122-4feead82-d499-422b-94cb-c036c212127a.c000.csv.gz
032002022,https://minedbuildings.z5.web.core.windows.net/global-buildings/2026-02-03/global-buildings.geojsonl/RegionName=UnitedStates/quadkey=032002022/part-00062-4feead82-d499-422b-94cb-c036c212127a.c000.csv.gz
032002023,https://minedbuildings.z5.web.core.windows.net/global-buildings/2026-02-03/global-buildings.geojsonl/RegionName=UnitedStates/quadkey=032002023/part-00174-4feead82-d499-422b-94cb-c036c212127a.c000.csv.gz
032002030,https://minedbuildings.z5.web.core.windows.net/global-buildings/2026-02-03/global-buildings.geojsonl/RegionName=UnitedStates/quadkey=032002030/part-00178-4feead82-d499-422b-94cb-c036c212127a.c000.csv.gz
032002031,https://minedbuildings.z5.web.core.windows.net/global-buildings/2026-02-03/global-buildings.geojsonl/RegionName=UnitedStates/quadkey=032002031/part-00040-4feead82-d499-422b-94cb-c036c212127a.c000.csv.gz
032002032,https://minedbuildings.z5.web.core.windows.net/global-buildings/2026-02-03/global-buildings.geojsonl/RegionName=UnitedStates/quadkey=032002032/part-00043-4feead82-d499-422b-94cb-c036c212127a.c000.csv.gz
032002033,https://minedbuildings.z5.web.core.windows.net/global-buildings/2026-02-03/global-buildings.geojsonl/RegionName=UnitedStates/quadkey=032002033/part-00146-4feead82-d499-422b-94cb-c036c212127a.c000.csv.gz
032002100,https://minedbuildings.z5.web.core.windows.net/global-buildings/2026-02-03/global-buildings.geojsonl/RegionName=UnitedStates/quadkey=032002100/part-00097-4feead82-d499-422b-94cb-c036c212127a.c000.csv.gz
032002101,https://minedbuildings.z5.web.core.windows.net/global-buildings/2026-02-03/global-buildings.geojsonl/RegionName=UnitedStates/quadkey=032002101/part-00054-4feead82-d499-422b-94cb-c036c212127a.c000.csv.gz
032002102,https://minedbuildings.z5.web.core.windows.net/global-buildings/2026-02-03/global-buildings.geojsonl/RegionName=UnitedStates/quadkey=032002102/part-00026-4feead82-d499-422b-94cb-c036c212127a.c000.csv.gz
032002103,https://minedbuildings.z5.web.core.windows.net/global-buildings/2026-02-03/global-buildings.geojsonl/RegionName=UnitedStates/quadkey=032002103/part-00193-4feead82-d499-422b-94cb-c036c212127a.c000.csv.gz
032002110,https://minedbuildings.z5.web.core.windows.net/global-buildings/2026-02-03/global-buildings.geojsonl/RegionName=UnitedStates/quadkey=032002110/part-00029-4feead82-d499-422b-94cb-c036c212127a.c000.csv.gz
032002111,https://minedbuildings.z5.web.core.windows.net/global-buildings/2026-02-03/global-buildings.geojsonl/RegionName=UnitedStates/quadkey=032002111/part-00115-4feead82-d499-422b-94cb-c036c212127a.c000.csv.gz
032002112,https://minedbuildings.z5.web.core.windows.net/global-buildings/2026-02-03/global-buildings.geojsonl/RegionName=UnitedStates/quadkey=032002112/part-00147-4feead82-d499-422b-94cb-c036c212127a.c000.csv.gz
032002113,https://minedbuildings.z5.web.core.windows.net/global-buildings/2026-02-03/global-buildings.geojsonl/RegionName=UnitedStates/quadkey=032002113/part-00158-4feead82-d499-422b-94cb-c036c212127a.c000.csv.gz
032002120,https://minedbuildings.z5.web.core.windows.net/global-buildings/2026-02-03/global-buildings.geojsonl/RegionName=UnitedStates/quadkey=032002120/part-00038-4feead82-d499-422b-94cb-c036c212127a.c000.csv.gz
032002121,https://minedbuildings.z5.web.core.windows.net/global-buildings/2026-02-03/global-buildings.geojsonl/RegionName=UnitedStates/quadkey=032002121/part-00081-4feead82-d499-422b-94cb-c036c212127a.c000.csv.gz
032002122,https://minedbuildings.z5.web.core.windows.net/global-buildings/2026-02-03/global-buildings.geojsonl/RegionName=UnitedStates/quadkey=032002122/part-00006-4feead82-d499-422b-94cb-c036c212127a.c000.csv.gz
032002123,https://minedbuildings.z5.web.core.windows.net/global-buildings/2026-02-03/global-buildings.geojsonl/RegionName=UnitedStates/quadkey=032002123/part-00109-4feead82-d499-422b-94cb-c036c212127a.c000.csv.gz
032002130,https://minedbuildings.z5.web.core.windows.net/global-buildings/2026-02-03/global-buildings.geojsonl/RegionName=UnitedStates/quadkey=032002130/part-00198-4feead82-d499-422b-94cb-c036c212127a.c000.csv.gz
032002131,https://minedbuildings.z5.web.core.windows.net/global-buildings/2026-02-03/global-buildings.geojsonl/RegionName=UnitedStates/quadkey=032002131/part-00131-4feead82-d499-422b-94cb-c036c212127a.c000.csv.gz
032002132,https://minedbuildings.z5.web.core.windows.net/global-buildings/2026-02-03/global-buildings.geojsonl/RegionName=UnitedStates/quadkey=032002132/part-00021-4feead82-d499-422b-94cb-c036c212127a.c000.csv.gz
032002133,https://minedbuildings.z5.web.core.windows.net/global-buildings/2026-02-03/global-buildings.geojsonl/RegionName=UnitedStates/quadkey=032002133/part-00005-4feead82-d499-422b-94cb-c036c212127a.c000.csv.gz
032002200,https://minedbuildings.z5.web.core.windows.net/global-buildings/2026-02-03/global-buildings.geojsonl/RegionName=UnitedStates/quadkey=032002200/part-00185-4feead82-d499-422b-94cb-c036c212127a.c000.csv.gz
032002201,https://minedbuildings.z5.web.core.windows.net/global-buildings/2026-02-03/global-buildings.geojsonl/RegionName=UnitedStates/quadkey=032002201/part-00096-4feead82-d499-422b-94cb-c036c212127a.c000.csv.gz
032002202,https://minedbuildings.z5.web.core.windows.net/global-buildings/2026-02-03/global-buildings.geojsonl/RegionName=UnitedStates/quadkey=032002202/part-00032-4feead82-d499-422b-94cb-c036c212127a.c000.csv.gz
032002203,https://minedbuildings.z5.web.core.windows.net/global-buildings/2026-02-03/global-buildings.geojsonl/RegionName=UnitedStates/quadkey=032002203/part-00056-4feead82-d499-422b-94cb-c036c212127a.c000.csv.gz
032002210,https://minedbuildings.z5.web.core.windows.net/global-buildings/2026-02-03/global-buildings.geojsonl/RegionName=UnitedStates/quadkey=032002210/part-00105-4feead82-d499-422b-94cb-c036c212127a.c000.csv.gz
032002211,https://minedbuildings.z5.web.core.windows.net/global-buildings/2026-02-03/global-buildings.geojsonl/RegionName=UnitedStates/quadkey=032002211/part-00195-4feead82-d499-422b-94cb-c036c212127a.c000.csv.gz
032002212,https://minedbuildings.z5.web.core.windows.net/global-buildings/2026-02-03/global-buildings.geojsonl/RegionName=UnitedStates/quadkey=032002212/part-00085-4feead82-d499-422b-94cb-c036c212127a.c000.csv.gz
032002213,https://minedbuildings.z5.web.core.windows.net/global-buildings/2026-02-03/global-buildings.geojsonl/RegionName=UnitedStates/quadkey=032002213/part-00136-4feead82-d499-422b-94cb-c036c212127a.c000.csv.gz
032002220,https://minedbuildings.z5.web.core.windows.net/global-buildings/2026-02-03/global-buildings.geojsonl/RegionName=UnitedStates/quadkey=032002220/part-00129-4feead82-d499-422b-94cb-c036c212127a.c000.csv.gz
032002221,https://minedbuildings.z5.web.core.windows.net/global-buildings/2026-02-03/global-buildings.geojsonl/RegionName=UnitedStates/quadkey=032002221/part-00007-4feead82-d499-422b-94cb-c036c212127a.c000.csv.gz
032002222,https://minedbuildings.z5.web.core.windows.net/global-buildings/2026-02-03/global-buildings.geojsonl/RegionName=UnitedStates/quadkey=032002222/part-00173-4feead82-d499-422b-94cb-c036c212127a.c000.csv.gz
032002223,https://minedbuildings.z5.web.core.windows.net/global-buildings/2026-02-03/global-buildings.geojsonl/RegionName=UnitedStates/quadkey=032002223/part-00110-4feead82-d499-422b-94cb-c036c212127a.c000.csv.gz
032002230,https://minedbuildings.z5.web.core.windows.net/global-buildings/2026-02-03/global-buildings.geojsonl/RegionName=UnitedStates/quadkey=032002230/part-00156-4feead82-d499-422b-94cb-c036c212127a.c000.csv.gz
032002231,https://minedbuildings.z5.web.core.windows.net/global-buildings/2026-02-03/global-buildings.geojsonl/RegionName=UnitedStates/quadkey=032002231/part-00025-4feead82-d499-422b-94cb-c036c212127a.c000.csv.gz
032002232,https://minedbuildings.z5.web.core.windows.net/global-buildings/2026-02-03/global-buildings.geojsonl/RegionName=UnitedStates/quadkey=032002232/part-00028-4feead82-d499-422b-94cb-c036c212127a.c000.csv.gz
032002233,https://minedbuildings.z5.web.core.windows.net/global-buildings/2026-02-03/global-buildings.geojsonl/RegionName=UnitedStates/quadkey=032002233/part-00156-4feead82-d499-422b-94cb-c036c212127a.c000.csv.gz
032002300,https://minedbuildings.z5.web.core.windows.net/global-buildings/2026-02-03/global-buildings.geojsonl/RegionName=UnitedStates/quadkey=032002300/part-00052-4feead82-d499-422b-94cb-c036c212127a.c000.csv.gz
032002301,https://minedbuildings.z5.web.core.windows.net/global-buildings/2026-02-03/global-buildings.geojsonl/RegionName=UnitedStates/quadkey=032002301/part-00046-4feead82-d499-422b-94cb-c036c212127a.c000.csv.gz
032002302,https://minedbuildings.z5.web.core.windows.net/global-buildings/2026-02-03/global-buildings.geojsonl/RegionName=UnitedStates/quadkey=032002302/part-00084-4feead82-d499-422b-94cb-c036c212127a.c000.csv.gz
032002303,https://minedbuildings.z5.web.core.windows.net/global-buildings/2026-02-03/global-buildings.geojsonl/RegionName=UnitedStates/quadkey=032002303/part-00058-4feead82-d499-422b-94cb-c036c212127a.c000.csv.gz
032002310,https://minedbuildings.z5.web.core.windows.net/global-buildings/2026-02-03/global-buildings.geojsonl/RegionName=UnitedStates/quadkey=032002310/part-00067-4feead82-d499-422b-94cb-c036c212127a.c000.csv.gz
032002311,https://minedbuildings.z5.web.core.windows.net/global-buildings/2026-02-03/global-buildings.geojsonl/RegionName=UnitedStates/quadkey=032002311/part-00003-4feead82-d499-422b-94cb-c036c212127a.c000.csv.gz
032002312,https://minedbuildings.z5.web.core.windows.net/global-buildings/2026-02-03/global-buildings.geojsonl/RegionName=UnitedStates/quadkey=032002312/part-00098-4feead82-d499-422b-94cb-c036c212127a.c000.csv.gz
032002313,https://minedbuildings.z5.web.core.windows.net/global-buildings/2026-02-03/global-buildings.geojsonl/RegionName=UnitedStates/quadkey=032002313/part-00024-4feead82-d499-422b-94cb-c036c212127a.c000.csv.gz
032002320,https://minedbuildings.z5.web.core.windows.net/global-buildings/2026-02-03/global-buildings.geojsonl/RegionName=UnitedStates/quadkey=032002320/part-00121-4feead82-d499-422b-94cb-c036c212127a.c000.csv.gz
032002321,https://minedbuildings.z5.web.core.windows.net/global-buildings/2026-02-03/global-buildings.geojsonl/RegionName=UnitedStates/quadkey=032002321/part-00127-4feead82-d499-422b-94cb-c036c212127a.c000.csv.gz
032002322,https://minedbuildings.z5.web.core.windows.net/global-buildings/2026-02-03/global-buildings.geojsonl/RegionName=UnitedStates/quadkey=032002322/part-00086-4feead82-d499-422b-94cb-c036c212127a.c000.csv.gz
032002323,https://minedbuildings.z5.web.core.windows.net/global-buildings/2026-02-03/global-buildings.geojsonl/RegionName=UnitedStates/quadkey=032002323/part-00174-4feead82-d499-422b-94cb-c036c212127a.c000.csv.gz
032002330,https://minedbuildings.z5.web.core.windows.net/global-buildings/2026-02-03/global-buildings.geojsonl/RegionName=UnitedStates/quadkey=032002330/part-00020-4feead82-d499-422b-94cb-c036c212127a.c000.csv.gz
032002331,https://minedbuildings.z5.web.core.windows.net/global-buildings/2026-02-03/global-buildings.geojsonl/RegionName=UnitedStates/quadkey=032002331/part-00117-4feead82-d499-422b-94cb-c036c212127a.c000.csv.gz
032002332,https://minedbuildings.z5.web.core.windows.net/global-buildings/2026-02-03/global-buildings.geojsonl/RegionName=UnitedStates/quadkey=032002332/part-00037-4feead82-d499-422b-94cb-c036c212127a.c000.csv.gz
032002333,https://minedbuildings.z5.web.core.windows.net/global-buildings/2026-02-03/global-buildings.geojsonl/RegionName=UnitedStates/quadkey=032002333/part-00075-4feead82-d499-422b-94cb-c036c212127a.c000.csv.gz
032003000,https://minedbuildings.z5.web.core.windows.net/global-buildings/2026-02-03/global-buildings.geojsonl/RegionName=UnitedStates/quadkey=032003000/part-00014-4feead82-d499-422b-94cb-c036c212127a.c000.csv.gz
032003001,https://minedbuildings.z5.web.core.windows.net/global-buildings/2026-02-03/global-buildings.geojsonl/RegionName=UnitedStates/quadkey=032003001/part-00027-4feead82-d499-422b-94cb-c036c212127a.c000.csv.gz
032003002,https://minedbuildings.z5.web.core.windows.net/global-buildings/2026-02-03/global-buildings.geojsonl/RegionName=UnitedStates/quadkey=032003002/part-00079-4feead82-d499-422b-94cb-c036c212127a.c000.csv.gz
032003003,https://minedbuildings.z5.web.core.windows.net/global-buildings/2026-02-03/global-buildings.geojsonl/RegionName=UnitedStates/quadkey=032003003/part-00109-4feead82-d499-422b-94cb-c036c212127a.c000.csv.gz
032003010,https://minedbuildings.z5.web.core.windows.net/global-buildings/2026-02-03/global-buildings.geojsonl/RegionName=UnitedStates/quadkey=032003010/part-00186-4feead82-d499-422b-94cb-c036c212127a.c000.csv.gz
032003011,https://minedbuildings.z5.web.core.windows.net/global-buildings/2026-02-03/global-buildings.geojsonl/RegionName=UnitedStates/quadkey=032003011/part-00141-4feead82-d499-422b-94cb-c036c212127a.c000.csv.gz
032003012,https://minedbuildings.z5.web.core.windows.net/global-buildings/2026-02-03/global-buildings.geojsonl/RegionName=UnitedStates/quadkey=032003012/part-00080-4feead82-d499-422b-94cb-c036c212127a.c000.csv.gz
032003013,https://minedbuildings.z5.web.core.windows.net/global-buildings/2026-02-03/global-buildings.geojsonl/RegionName=UnitedStates/quadkey=032003013/part-00019-4feead82-d499-422b-94cb-c036c212127a.c000.csv.gz
032003020,https://minedbuildings.z5.web.core.windows.net/global-buildings/2026-02-03/global-buildings.geojsonl/RegionName=UnitedStates/quadkey=032003020/part-00081-4feead82-d499-422b-94cb-c036c212127a.c000.csv.gz
032003021,https://minedbuildings.z5.web.core.windows.net/global-buildings/2026-02-03/global-buildings.geojsonl/RegionName=UnitedStates/quadkey=032003021/part-00117-4feead82-d499-422b-94cb-c036c212127a.c000.csv.gz
032003022,https://minedbuildings.z5.web.core.windows.net/global-buildings/2026-02-03/global-buildings.geojsonl/RegionName=UnitedStates/quadkey=032003022/part-00075-4feead82-d499-422b-94cb-c036c212127a.c000.csv.gz
032003023,https://minedbuildings.z5.web.core.windows.net/global-buildings/2026-02-03/global-buildings.geojsonl/RegionName=UnitedStates/quadkey=032003023/part-00060-4feead82-d499-422b-94cb-c036c212127a.c000.csv.gz
032003030,https://minedbuildings.z5.web.core.windows.net/global-buildings/2026-02-03/global-buildings.geojsonl/RegionName=UnitedStates/quadkey=032003030/part-00155-4feead82-d499-422b-94cb-c036c212127a.c000.csv.gz
032003031,https://minedbuildings.z5.web.core.windows.net/global-buildings/2026-02-03/global-buildings.geojsonl/RegionName=UnitedStates/quadkey=032003031/part-00054-4feead82-d499-422b-94cb-c036c212127a.c000.csv.gz
032003032,https://minedbuildings.z5.web.core.windows.net/global-buildings/2026-02-03/global-buildings.geojsonl/RegionName=UnitedStates/quadkey=032003032/part-00040-4feead82-d499-422b-94cb-c036c212127a.c000.csv.gz
032003033,https://minedbuildings.z5.web.core.windows.net/global-buildings/2026-02-03/global-buildings.geojsonl/RegionName=UnitedStates/quadkey=032003033/part-00033-4feead82-d499-422b-94cb-c036c212127a.c000.csv.gz
032003100,https://minedbuildings.z5.web.core.windows.net/global-buildings/2026-02-03/global-buildings.geojsonl/RegionName=UnitedStates/quadkey=032003100/part-00194-4feead82-d499-422b-94cb-c036c212127a.c000.csv.gz
032003101,https://minedbuildings.z5.web.core.windows.net/global-buildings/2026-02-03/global-buildings.geojsonl/RegionName=UnitedStates/quadkey=032003101/part-00144-4feead82-d499-422b-94cb-c036c212127a.c000.csv.gz
032003102,https://minedbuildings.z5.web.core.windows.net/global-buildings/2026-02-03/global-buildings.geojsonl/RegionName=UnitedStates/quadkey=032003102/part-00018-4feead82-d499-422b-94cb-c036c212127a.c000.csv.gz
032003103,https://minedbuildings.z5.web.core.windows.net/global-buildings/2026-02-03/global-buildings.geojsonl/RegionName=UnitedStates/quadkey=032003103/part-00149-4feead82-d499-422b-94cb-c036c212127a.c000.csv.gz
032003110,https://minedbuildings.z5.web.core.windows.net/global-buildings/2026-02-03/global-buildings.geojsonl/RegionName=UnitedStates/quadkey=032003110/part-00004-4feead82-d499-422b-94cb-c036c212127a.c000.csv.gz
032003111,https://minedbuildings.z5.web.core.windows.net/global-buildings/2026-02-03/global-buildings.geojsonl/RegionName=UnitedStates/quadkey=032003111/part-00098-4feead82-d499-422b-94cb-c036c212127a.c000.csv.gz
032003112,https://minedbuildings.z5.web.core.windows.net/global-buildings/2026-02-03/global-buildings.geojsonl/RegionName=UnitedStates/quadkey=032003112/part-00155-4feead82-d499-422b-94cb-c036c212127a.c000.csv.gz
032003113,https://minedbuildings.z5.web.core.windows.net/global-buildings/2026-02-03/global-buildings.geojsonl/RegionName=UnitedStates/quadkey=032003113/part-00178-4feead82-d499-422b-94cb-c036c212127a.c000.csv.gz
032003120,https://minedbuildings.z5.web.core.windows.net/global-buildings/2026-02-03/global-buildings.geojsonl/RegionName=UnitedStates/quadkey=032003120/part-00051-4feead82-d499-422b-94cb-c036c212127a.c000.csv.gz
032003121,https://minedbuildings.z5.web.core.windows.net/global-buildings/2026-02-03/global-buildings.geojsonl/RegionName=UnitedStates/quadkey=032003121/part-00123-4feead82-d499-422b-94cb-c036c212127a.c000.csv.gz
032003122,https://minedbuildings.z5.web.core.windows.net/global-buildings/2026-02-03/global-buildings.geojsonl/RegionName=UnitedStates/quadkey=032003122/part-00068-4feead82-d499-422b-94cb-c036c212127a.c000.csv.gz
032003123,https://minedbuildings.z5.web.core.windows.net/global-buildings/2026-02-03/global-buildings.geojsonl/RegionName=UnitedStates/quadkey=032003123/part-00071-4feead82-d499-422b-94cb-c036c212127a.c000.csv.gz
032003130,https://minedbuildings.z5.web.core.windows.net/global-buildings/2026-02-03/global-buildings.geojsonl/RegionName=UnitedStates/quadkey=032003130/part-00030-4feead82-d499-422b-94cb-c036c212127a.c000.csv.gz
032003131,https://minedbuildings.z5.web.core.windows.net/global-buildings/2026-02-03/global-buildings.geojsonl/RegionName=UnitedStates/quadkey=032003131/part-00006-4feead82-d499-422b-94cb-c036c212127a.c000.csv.gz
032003132,https://minedbuildings.z5.web.core.windows.net/global-buildings/2026-02-03/global-buildings.geojsonl/RegionName=UnitedStates/quadkey=032003132/part-00087-4feead82-d499-422b-94cb-c036c212127a.c000.csv.gz
032003133,https://minedbuildings.z5.web.core.windows.net/global-buildings/2026-02-03/global-buildings.geojsonl/RegionName=UnitedStates/quadkey=032003133/part-00162-4feead82-d499-422b-94cb-c036c212127a.c000.csv.gz
032003200,https://minedbuildings.z5.web.core.windows.net/global-buildings/2026-02-03/global-buildings.geojsonl/RegionName=UnitedStates/quadkey=032003200/part-00047-4feead82-d499-422b-94cb-c036c212127a.c000.csv.gz
032003201,https://minedbuildings.z5.web.core.windows.net/global-buildings/2026-02-03/global-buildings.geojsonl/RegionName=UnitedStates/quadkey=032003201/part-00002-4feead82-d499-422b-94cb-c036c212127a.c000.csv.gz
032003202,https://minedbuildings.z5.web.core.windows.net/global-buildings/2026-02-03/global-buildings.geojsonl/RegionName=UnitedStates/quadkey=032003202/part-00136-4feead82-d499-422b-94cb-c036c212127a.c000.csv.gz
032003203,https://minedbuildings.z5.web.core.windows.net/global-buildings/2026-02-03/global-buildings.geojsonl/RegionName=UnitedStates/quadkey=032003203/part-00080-4feead82-d499-422b-94cb-c036c212127a.c000.csv.gz
032003210,https://minedbuildings.z5.web.core.windows.net/global-buildings/2026-02-03/global-buildings.geojsonl/RegionName=UnitedStates/quadkey=032003210/part-00140-4feead82-d499-422b-94cb-c036c212127a.c000.csv.gz
032003211,https://minedbuildings.z5.web.core.windows.net/global-buildings/2026-02-03/global-buildings.geojsonl/RegionName=UnitedStates/quadkey=032003211/part-00097-4feead82-d499-422b-94cb-c036c212127a.c000.csv.gz
032003212,https://minedbuildings.z5.web.core.windows.net/global-buildings/2026-02-03/global-buildings.geojsonl/RegionName=UnitedStates/quadkey=032003212/part-00067-4feead82-d499-422b-94cb-c036c212127a.c000.csv.gz
032003213,https://minedbuildings.z5.web.core.windows.net/global-buildings/2026-02-03/global-buildings.geojsonl/RegionName=UnitedStates/quadkey=032003213/part-00185-4feead82-d499-422b-94cb-c036c212127a.c000.csv.gz
032003220,https://minedbuildings.z5.web.core.windows.net/global-buildings/2026-02-03/global-buildings.geojsonl/RegionName=UnitedStates/quadkey=032003220/part-00185-4feead82-d499-422b-94cb-c036c212127a.c000.csv.gz
032003221,https://minedbuildings.z5.web.core.windows.net/global-buildings/2026-02-03/global-buildings.geojsonl/RegionName=UnitedStates/quadkey=032003221/part-00069-4feead82-d499-422b-94cb-c036c212127a.c000.csv.gz
032003222,https://minedbuildings.z5.web.core.windows.net/global-buildings/2026-02-03/global-buildings.geojsonl/RegionName=UnitedStates/quadkey=032003222/part-00048-4feead82-d499-422b-94cb-c036c212127a.c000.csv.gz
032003223,https://minedbuildings.z5.web.core.windows.net/global-buildings/2026-02-03/global-buildings.geojsonl/RegionName=UnitedStates/quadkey=032003223/part-00043-4feead82-d499-422b-94cb-c036c212127a.c000.csv.gz
032003230,https://minedbuildings.z5.web.core.windows.net/global-buildings/2026-02-03/global-buildings.geojsonl/RegionName=UnitedStates/quadkey=032003230/part-00040-4feead82-d499-422b-94cb-c036c212127a.c000.csv.gz
032003231,https://minedbuildings.z5.web.core.windows.net/global-buildings/2026-02-03/global-buildings.geojsonl/RegionName=UnitedStates/quadkey=032003231/part-00014-4feead82-d499-422b-94cb-c036c212127a.c000.csv.gz
032003232,https://minedbuildings.z5.web.core.windows.net/global-buildings/2026-02-03/global-buildings.geojsonl/RegionName=UnitedStates/quadkey=032003232/part-00188-4feead82-d499-422b-94cb-c036c212127a.c000.csv.gz
032003233,https://minedbuildings.z5.web.core.windows.net/global-buildings/2026-02-03/global-buildings.geojsonl/RegionName=UnitedStates/quadkey=032003233/part-00105-4feead82-d499-422b-94cb-c036c212127a.c000.csv.gz
032003300,https://minedbuildings.z5.web.core.windows.net/global-buildings/2026-02-03/global-buildings.geojsonl/RegionName=UnitedStates/quadkey=032003300/part-00136-4feead82-d499-422b-94cb-c036c212127a.c000.csv.gz
032003301,https://minedbuildings.z5.web.core.windows.net/global-buildings/2026-02-03/global-buildings.geojsonl/RegionName=UnitedStates/quadkey=032003301/part-00142-4feead82-d499-422b-94cb-c036c212127a.c000.csv.gz
032003302,https://minedbuildings.z5.web.core.windows.net/global-buildings/2026-02-03/global-buildings.geojsonl/RegionName=UnitedStates/quadkey=032003302/part-00095-4feead82-d499-422b-94cb-c036c212127a.c000.csv.gz
032003303,https://minedbuildings.z5.web.core.windows.net/global-buildings/2026-02-03/global-buildings.geojsonl/RegionName=UnitedStates/quadkey=032003303/part-00000-4feead82-d499-422b-94cb-c036c212127a.c000.csv.gz
032003310,https://minedbuildings.z5.web.core.windows.net/global-buildings/2026-02-03/global-buildings.geojsonl/RegionName=UnitedStates/quadkey=032003310/part-00110-4feead82-d499-422b-94cb-c036c212127a.c000.csv.gz
032003311,https://minedbuildings.z5.web.core.windows.net/global-buildings/2026-02-03/global-buildings.geojsonl/RegionName=UnitedStates/quadkey=032003311/part-00058-4feead82-d499-422b-94cb-c036c212127a.c000.csv.gz
032003312,https://minedbuildings.z5.web.core.windows.net/global-buildings/2026-02-03/global-buildings.geojsonl/RegionName=UnitedStates/quadkey=032003312/part-00039-4feead82-d499-422b-94cb-c036c212127a.c000.csv.gz
032003313,https://minedbuildings.z5.web.core.windows.net/global-buildings/2026-02-03/global-buildings.geojsonl/RegionName=UnitedStates/quadkey=032003313/part-00059-4feead82-d499-422b-94cb-c036c212127a.c000.csv.gz
032003320,https://minedbuildings.z5.web.core.windows.net/global-buildings/2026-02-03/global-buildings.geojsonl/RegionName=UnitedStates/quadkey=032003320/part-00074-4feead82-d499-422b-94cb-c036c212127a.c000.csv.gz
032003321,https://minedbuildings.z5.web.core.windows.net/global-buildings/2026-02-03/global-buildings.geojsonl/RegionName=UnitedStates/quadkey=032003321/part-00087-4feead82-d499-422b-94cb-c036c212127a.c000.csv.gz
032003322,https://minedbuildings.z5.web.core.windows.net/global-buildings/2026-02-03/global-buildings.geojsonl/RegionName=UnitedStates/quadkey=032003322/part-00056-4feead82-d499-422b-94cb-c036c212127a.c000.csv.gz
032003323,https://minedbuildings.z5.web.core.windows.net/global-buildings/2026-02-03/global-buildings.geojsonl/RegionName=UnitedStates/quadkey=032003323/part-00004-4feead82-d499-422b-94cb-c036c212127a.c000.csv.gz
032003330,https://minedbuildings.z5.web.core.windows.net/global-buildings/2026-02-03/global-buildings.geojsonl/RegionName=UnitedStates/quadkey=032003330/part-00189-4feead82-d499-422b-94cb-c036c212127a.c000.csv.gz
032003331,https://minedbuildings.z5.web.core.windows.net/global-buildings/2026-02-03/global-buildings.geojsonl/RegionName=UnitedStates/quadkey=032003331/part-00097-4feead82-d499-422b-94cb-c036c212127a.c000.csv.gz
032010000,https://minedbuildings.z5.web.core.windows.net/global-buildings/2026-02-03/global-buildings.geojsonl/RegionName=UnitedStates/quadkey=032010000/part-00058-4feead82-d499-422b-94cb-c036c212127a.c000.csv.gz
032010001,https://minedbuildings.z5.web.core.windows.net/global-buildings/2026-02-03/global-buildings.geojsonl/RegionName=UnitedStates/quadkey=032010001/part-00134-4feead82-d499-422b-94cb-c036c212127a.c000.csv.gz
032010002,https://minedbuildings.z5.web.core.windows.net/global-buildings/2026-02-03/global-buildings.geojsonl/RegionName=UnitedStates/quadkey=032010002/part-00093-4feead82-d499-422b-94cb-c036c212127a.c000.csv.gz
032010003,https://minedbuildings.z5.web.core.windows.net/global-buildings/2026-02-03/global-buildings.geojsonl/RegionName=UnitedStates/quadkey=032010003/part-00091-4feead82-d499-422b-94cb-c036c212127a.c000.csv.gz
032010010,https://minedbuildings.z5.web.core.windows.net/global-buildings/2026-02-03/global-buildings.geojsonl/RegionName=UnitedStates/quadkey=032010010/part-00158-4feead82-d499-422b-94cb-c036c212127a.c000.csv.gz
032010011,https://minedbuildings.z5.web.core.windows.net/global-buildings/2026-02-03/global-buildings.geojsonl/RegionName=UnitedStates/quadkey=032010011/part-00159-4feead82-d499-422b-94cb-c036c212127a.c000.csv.gz
032010012,https://minedbuildings.z5.web.core.windows.net/global-buildings/2026-02-03/global-buildings.geojsonl/RegionName=UnitedStates/quadkey=032010012/part-00143-4feead82-d499-422b-94cb-c036c212127a.c000.csv.gz
032010013,https://minedbuildings.z5.web.core.windows.net/global-buildings/2026-02-03/global-buildings.geojsonl/RegionName=UnitedStates/quadkey=032010013/part-00153-4feead82-d499-422b-94cb-c036c212127a.c000.csv.gz
032010020,https://minedbuildings.z5.web.core.windows.net/global-buildings/2026-02-03/global-buildings.geojsonl/RegionName=UnitedStates/quadkey=032010020/part-00064-4feead82-d499-422b-94cb-c036c212127a.c000.csv.gz
032010021,https://minedbuildings.z5.web.core.windows.net/global-buildings/2026-02-03/global-buildings.geojsonl/RegionName=UnitedStates/quadkey=032010021/part-00168-4feead82-d499-422b-94cb-c036c212127a.c000.csv.gz
032010022,https://minedbuildings.z5.web.core.windows.net/global-buildings/2026-02-03/global-buildings.geojsonl/RegionName=UnitedStates/quadkey=032010022/part-00101-4feead82-d499-422b-94cb-c036c212127a.c000.csv.gz
032010023,https://minedbuildings.z5.web.core.windows.net/global-buildings/2026-02-03/global-buildings.geojsonl/RegionName=UnitedStates/quadkey=032010023/part-00124-4feead82-d499-422b-94cb-c036c212127a.c000.csv.gz
032010030,https://minedbuildings.z5.web.core.windows.net/global-buildings/2026-02-03/global-buildings.geojsonl/RegionName=UnitedStates/quadkey=032010030/part-00013-4feead82-d499-422b-94cb-c036c212127a.c000.csv.gz
032010031,https://minedbuildings.z5.web.core.windows.net/global-buildings/2026-02-03/global-buildings.geojsonl/RegionName=UnitedStates/quadkey=032010031/part-00173-4feead82-d499-422b-94cb-c036c212127a.c000.csv.gz
032010032,https://minedbuildings.z5.web.core.windows.net/global-buildings/2026-02-03/global-buildings.geojsonl/RegionName=UnitedStates/quadkey=032010032/part-00100-4feead82-d499-422b-94cb-c036c212127a.c000.csv.gz
032010033,https://minedbuildings.z5.web.core.windows.net/global-buildings/2026-02-03/global-buildings.geojsonl/RegionName=UnitedStates/quadkey=032010033/part-00027-4feead82-d499-422b-94cb-c036c212127a.c000.csv.gz
032010100,https://minedbuildings.z5.web.core.windows.net/global-buildings/2026-02-03/global-buildings.geojsonl/RegionName=UnitedStates/quadkey=032010100/part-00023-4feead82-d499-422b-94cb-c036c212127a.c000.csv.gz
032010101,https://minedbuildings.z5.web.core.windows.net/global-buildings/2026-02-03/global-buildings.geojsonl/RegionName=UnitedStates/quadkey=032010101/part-00117-4feead82-d499-422b-94cb-c036c212127a.c000.csv.gz
032010102,https://minedbuildings.z5.web.core.windows.net/global-buildings/2026-02-03/global-buildings.geojsonl/RegionName=UnitedStates/quadkey=032010102/part-00147-4feead82-d499-422b-94cb-c036c212127a.c000.csv.gz
032010103,https://minedbuildings.z5.web.core.windows.net/global-buildings/2026-02-03/global-buildings.geojsonl/RegionName=UnitedStates/quadkey=032010103/part-00152-4feead82-d499-422b-94cb-c036c212127a.c000.csv.gz
032010110,https://minedbuildings.z5.web.core.windows.net/global-buildings/2026-02-03/global-buildings.geojsonl/RegionName=UnitedStates/quadkey=032010110/part-00032-4feead82-d499-422b-94cb-c036c212127a.c000.csv.gz
032010111,https://minedbuildings.z5.web.core.windows.net/global-buildings/2026-02-03/global-buildings.geojsonl/RegionName=UnitedStates/quadkey=032010111/part-00185-4feead82-d499-422b-94cb-c036c212127a.c000.csv.gz
032010112,https://minedbuildings.z5.web.core.windows.net/global-buildings/2026-02-03/global-buildings.geojsonl/RegionName=UnitedStates/quadkey=032010112/part-00168-4feead82-d499-422b-94cb-c036c212127a.c000.csv.gz
032010120,https://minedbuildings.z5.web.core.windows.net/global-buildings/2026-02-03/global-buildings.geojsonl/RegionName=UnitedStates/quadkey=032010120/part-00025-4feead82-d499-422b-94cb-c036c212127a.c000.csv.gz
032010121,https://minedbuildings.z5.web.core.windows.net/global-buildings/2026-02-03/global-buildings.geojsonl/RegionName=UnitedStates/quadkey=032010121/part-00177-4feead82-d499-422b-94cb-c036c212127a.c000.csv.gz
032010122,https://minedbuildings.z5.web.core.windows.net/global-buildings/2026-02-03/global-buildings.geojsonl/RegionName=UnitedStates/quadkey=032010122/part-00168-4feead82-d499-422b-94cb-c036c212127a.c000.csv.gz
032010123,https://minedbuildings.z5.web.core.windows.net/global-buildings/2026-02-03/global-buildings.geojsonl/RegionName=UnitedStates/quadkey=032010123/part-00000-4feead82-d499-422b-94cb-c036c212127a.c000.csv.gz
032010130,https://minedbuildings.z5.web.core.windows.net/global-buildings/2026-02-03/global-buildings.geojsonl/RegionName=UnitedStates/quadkey=032010130/part-00109-4feead82-d499-422b-94cb-c036c212127a.c000.csv.gz
032010132,https://minedbuildings.z5.web.core.windows.net/global-buildings/2026-02-03/global-buildings.geojsonl/RegionName=UnitedStates/quadkey=032010132/part-00156-4feead82-d499-422b-94cb-c036c212127a.c000.csv.gz
032010200,https://minedbuildings.z5.web.core.windows.net/global-buildings/2026-02-03/global-buildings.geojsonl/RegionName=UnitedStates/quadkey=032010200/part-00118-4feead82-d499-422b-94cb-c036c212127a.c000.csv.gz
032010201,https://minedbuildings.z5.web.core.windows.net/global-buildings/2026-02-03/global-buildings.geojsonl/RegionName=UnitedStates/quadkey=032010201/part-00053-4feead82-d499-422b-94cb-c036c212127a.c000.csv.gz
032010202,https://minedbuildings.z5.web.core.windows.net/global-buildings/2026-02-03/global-buildings.geojsonl/RegionName=UnitedStates/quadkey=032010202/part-00083-4feead82-d499-422b-94cb-c036c212127a.c000.csv.gz
032010203,https://minedbuildings.z5.web.core.windows.net/global-buildings/2026-02-03/global-buildings.geojsonl/RegionName=UnitedStates/quadkey=032010203/part-00174-4feead82-d499-422b-94cb-c036c212127a.c000.csv.gz
032010210,https://minedbuildings.z5.web.core.windows.net/global-buildings/2026-02-03/global-buildings.geojsonl/RegionName=UnitedStates/quadkey=032010210/part-00094-4feead82-d499-422b-94cb-c036c212127a.c000.csv.gz
032010211,https://minedbuildings.z5.web.core.windows.net/global-buildings/2026-02-03/global-buildings.geojsonl/RegionName=UnitedStates/quadkey=032010211/part-00178-4feead82-d499-422b-94cb-c036c212127a.c000.csv.gz
032010212,https://minedbuildings.z5.web.core.windows.net/global-buildings/2026-02-03/global-buildings.geojsonl/RegionName=UnitedStates/quadkey=032010212/part-00198-4feead82-d499-422b-94cb-c036c212127a.c000.csv.gz
032010213,https://minedbuildings.z5.web.core.windows.net/global-buildings/2026-02-03/global-buildings.geojsonl/RegionName=UnitedStates/quadkey=032010213/part-00129-4feead82-d499-422b-94cb-c036c212127a.c000.csv.gz
032010220,https://minedbuildings.z5.web.core.windows.net/global-buildings/2026-02-03/global-buildings.geojsonl/RegionName=UnitedStates/quadkey=032010220/part-00156-4feead82-d499-422b-94cb-c036c212127a.c000.csv.gz
032010221,https://minedbuildings.z5.web.core.windows.net/global-buildings/2026-02-03/global-buildings.geojsonl/RegionName=UnitedStates/quadkey=032010221/part-00049-4feead82-d499-422b-94cb-c036c212127a.c000.csv.gz
032010222,https://minedbuildings.z5.web.core.windows.net/global-buildings/2026-02-03/global-buildings.geojsonl/RegionName=UnitedStates/quadkey=032010222/part-00129-4feead82-d499-422b-94cb-c036c212127a.c000.csv.gz
032010223,https://minedbuildings.z5.web.core.windows.net/global-buildings/2026-02-03/global-buildings.geojsonl/RegionName=UnitedStates/quadkey=032010223/part-00175-4feead82-d499-422b-94cb-c036c212127a.c000.csv.gz
032010230,https://minedbuildings.z5.web.core.windows.net/global-buildings/2026-02-03/global-buildings.geojsonl/RegionName=UnitedStates/quadkey=032010230/part-00065-4feead82-d499-422b-94cb-c036c212127a.c000.csv.gz
032010231,https://minedbuildings.z5.web.core.windows.net/global-buildings/2026-02-03/global-buildings.geojsonl/RegionName=UnitedStates/quadkey=032010231/part-00016-4feead82-d499-422b-94cb-c036c212127a.c000.csv.gz
032010232,https://minedbuildings.z5.web.core.windows.net/global-buildings/2026-02-03/global-buildings.geojsonl/RegionName=UnitedStates/quadkey=032010232/part-00195-4feead82-d499-422b-94cb-c036c212127a.c000.csv.gz
032010233,https://minedbuildings.z5.web.core.windows.net/global-buildings/2026-02-03/global-buildings.geojsonl/RegionName=UnitedStates/quadkey=032010233/part-00061-4feead82-d499-422b-94cb-c036c212127a.c000.csv.gz
032010300,https://minedbuildings.z5.web.core.windows.net/global-buildings/2026-02-03/global-buildings.geojsonl/RegionName=UnitedStates/quadkey=032010300/part-00049-4feead82-d499-422b-94cb-c036c212127a.c000.csv.gz
032010301,https://minedbuildings.z5.web.core.windows.net/global-buildings/2026-02-03/global-buildings.geojsonl/RegionName=UnitedStates/quadkey=032010301/part-00199-4feead82-d499-422b-94cb-c036c212127a.c000.csv.gz
032010302,https://minedbuildings.z5.web.core.windows.net/global-buildings/2026-02-03/global-buildings.geojsonl/RegionName=UnitedStates/quadkey=032010302/part-00159-4feead82-d499-422b-94cb-c036c212127a.c000.csv.gz
032010303,https://minedbuildings.z5.web.core.windows.net/global-buildings/2026-02-03/global-buildings.geojsonl/RegionName=UnitedStates/quadkey=032010303/part-00158-4feead82-d499-422b-94cb-c036c212127a.c000.csv.gz
032010320,https://minedbuildings.z5.web.core.windows.net/global-buildings/2026-02-03/global-buildings.geojsonl/RegionName=UnitedStates/quadkey=032010320/part-00037-4feead82-d499-422b-94cb-c036c212127a.c000.csv.gz
032010322,https://minedbuildings.z5.web.core.windows.net/global-buildings/2026-02-03/global-buildings.geojsonl/RegionName=UnitedStates/quadkey=032010322/part-00040-4feead82-d499-422b-94cb-c036c212127a.c000.csv.gz
032011000,https://minedbuildings.z5.web.core.windows.net/global-buildings/2026-02-03/global-buildings.geojsonl/RegionName=UnitedStates/quadkey=032011000/part-00089-4feead82-d499-422b-94cb-c036c212127a.c000.csv.gz
032011001,https://minedbuildings.z5.web.core.windows.net/global-buildings/2026-02-03/global-buildings.geojsonl/RegionName=UnitedStates/quadkey=032011001/part-00111-4feead82-d499-422b-94cb-c036c212127a.c000.csv.gz
032012000,https://minedbuildings.z5.web.core.windows.net/global-buildings/2026-02-03/global-buildings.geojsonl/RegionName=UnitedStates/quadkey=032012000/part-00162-4feead82-d499-422b-94cb-c036c212127a.c000.csv.gz
032012001,https://minedbuildings.z5.web.core.windows.net/global-buildings/2026-02-03/global-buildings.geojsonl/RegionName=UnitedStates/quadkey=032012001/part-00180-4feead82-d499-422b-94cb-c036c212127a.c000.csv.gz
032012002,https://minedbuildings.z5.web.core.windows.net/global-buildings/2026-02-03/global-buildings.geojsonl/RegionName=UnitedStates/quadkey=032012002/part-00015-4feead82-d499-422b-94cb-c036c212127a.c000.csv.gz
032012003,https://minedbuildings.z5.web.core.windows.net/global-buildings/2026-02-03/global-buildings.geojsonl/RegionName=UnitedStates/quadkey=032012003/part-00034-4feead82-d499-422b-94cb-c036c212127a.c000.csv.gz
032012010,https://minedbuildings.z5.web.core.windows.net/global-buildings/2026-02-03/global-buildings.geojsonl/RegionName=UnitedStates/quadkey=032012010/part-00191-4feead82-d499-422b-94cb-c036c212127a.c000.csv.gz
032012011,https://minedbuildings.z5.web.core.windows.net/global-buildings/2026-02-03/global-buildings.geojsonl/RegionName=UnitedStates/quadkey=032012011/part-00052-4feead82-d499-422b-94cb-c036c212127a.c000.csv.gz
032012012,https://minedbuildings.z5.web.core.windows.net/global-buildings/2026-02-03/global-buildings.geojsonl/RegionName=UnitedStates/quadkey=032012012/part-00123-4feead82-d499-422b-94cb-c036c212127a.c000.csv.gz
032012013,https://minedbuildings.z5.web.core.windows.net/global-buildings/2026-02-03/global-buildings.geojsonl/RegionName=UnitedStates/quadkey=032012013/part-00085-4feead82-d499-422b-94cb-c036c212127a.c000.csv.gz
032012020,https://minedbuildings.z5.web.core.windows.net/global-buildings/2026-02-03/global-buildings.geojsonl/RegionName=UnitedStates/quadkey=032012020/part-00093-4feead82-d499-422b-94cb-c036c212127a.c000.csv.gz
032012021,https://minedbuildings.z5.web.core.windows.net/global-buildings/2026-02-03/global-buildings.geojsonl/RegionName=UnitedStates/quadkey=032012021/part-00018-4feead82-d499-422b-94cb-c036c212127a.c000.csv.gz
032012022,https://minedbuildings.z5.web.core.windows.net/global-buildings/2026-02-03/global-buildings.geojsonl/RegionName=UnitedStates/quadkey=032012022/part-00115-4feead82-d499-422b-94cb-c036c212127a.c000.csv.gz
032012023,https://minedbuildings.z5.web.core.windows.net/global-buildings/2026-02-03/global-buildings.geojsonl/RegionName=UnitedStates/quadkey=032012023/part-00036-4feead82-d499-422b-94cb-c036c212127a.c000.csv.gz
032012030,https://minedbuildings.z5.web.core.windows.net/global-buildings/2026-02-03/global-buildings.geojsonl/RegionName=UnitedStates/quadkey=032012030/part-00062-4feead82-d499-422b-94cb-c036c212127a.c000.csv.gz
032012031,https://minedbuildings.z5.web.core.windows.net/global-buildings/2026-02-03/global-buildings.geojsonl/RegionName=UnitedStates/quadkey=032012031/part-00128-4feead82-d499-422b-94cb-c036c212127a.c000.csv.gz
032012032,https://minedbuildings.z5.web.core.windows.net/global-buildings/2026-02-03/global-buildings.geojsonl/RegionName=UnitedStates/quadkey=032012032/part-00078-4feead82-d499-422b-94cb-c036c212127a.c000.csv.gz
032012033,https://minedbuildings.z5.web.core.windows.net/global-buildings/2026-02-03/global-buildings.geojsonl/RegionName=UnitedStates/quadkey=032012033/part-00171-4feead82-d499-422b-94cb-c036c212127a.c000.csv.gz
032012100,https://minedbuildings.z5.web.core.windows.net/global-buildings/2026-02-03/global-buildings.geojsonl/RegionName=UnitedStates/quadkey=032012100/part-00081-4feead82-d499-422b-94cb-c036c212127a.c000.csv.gz
032012102,https://minedbuildings.z5.web.core.windows.net/global-buildings/2026-02-03/global-buildings.geojsonl/RegionName=UnitedStates/quadkey=032012102/part-00018-4feead82-d499-422b-94cb-c036c212127a.c000.csv.gz
032012120,https://minedbuildings.z5.web.core.windows.net/global-buildings/2026-02-03/global-buildings.geojsonl/RegionName=UnitedStates/quadkey=032012120/part-00147-4feead82-d499-422b-94cb-c036c212127a.c000.csv.gz
032012200,https://minedbuildings.z5.web.core.windows.net/global-buildings/2026-02-03/global-buildings.geojsonl/RegionName=UnitedStates/quadkey=032012200/part-00156-4feead82-d499-422b-94cb-c036c212127a.c000.csv.gz
032012201,https://minedbuildings.z5.web.core.windows.net/global-buildings/2026-02-03/global-buildings.geojsonl/RegionName=UnitedStates/quadkey=032012201/part-00125-4feead82-d499-422b-94cb-c036c212127a.c000.csv.gz
032020000,https://minedbuildings.z5.web.core.windows.net/global-buildings/2026-02-03/global-buildings.geojsonl/RegionName=UnitedStates/quadkey=032020000/part-00128-4feead82-d499-422b-94cb-c036c212127a.c000.csv.gz
032020001,https://minedbuildings.z5.web.core.windows.net/global-buildings/2026-02-03/global-buildings.geojsonl/RegionName=UnitedStates/quadkey=032020001/part-00092-4feead82-d499-422b-94cb-c036c212127a.c000.csv.gz
032020002,https://minedbuildings.z5.web.core.windows.net/global-buildings/2026-02-03/global-buildings.geojsonl/RegionName=UnitedStates/quadkey=032020002/part-00100-4feead82-d499-422b-94cb-c036c212127a.c000.csv.gz
032020003,https://minedbuildings.z5.web.core.windows.net/global-buildings/2026-02-03/global-buildings.geojsonl/RegionName=UnitedStates/quadkey=032020003/part-00097-4feead82-d499-422b-94cb-c036c212127a.c000.csv.gz
032020010,https://minedbuildings.z5.web.core.windows.net/global-buildings/2026-02-03/global-buildings.geojsonl/RegionName=UnitedStates/quadkey=032020010/part-00035-4feead82-d499-422b-94cb-c036c212127a.c000.csv.gz
032020011,https://minedbuildings.z5.web.core.windows.net/global-buildings/2026-02-03/global-buildings.geojsonl/RegionName=UnitedStates/quadkey=032020011/part-00086-4feead82-d499-422b-94cb-c036c212127a.c000.csv.gz
032020012,https://minedbuildings.z5.web.core.windows.net/global-buildings/2026-02-03/global-buildings.geojsonl/RegionName=UnitedStates/quadkey=032020012/part-00059-4feead82-d499-422b-94cb-c036c212127a.c000.csv.gz
032020013,https://minedbuildings.z5.web.core.windows.net/global-buildings/2026-02-03/global-buildings.geojsonl/RegionName=UnitedStates/quadkey=032020013/part-00058-4feead82-d499-422b-94cb-c036c212127a.c000.csv.gz
032020020,https://minedbuildings.z5.web.core.windows.net/global-buildings/2026-02-03/global-buildings.geojsonl/RegionName=UnitedStates/quadkey=032020020/part-00192-4feead82-d499-422b-94cb-c036c212127a.c000.csv.gz
032020021,https://minedbuildings.z5.web.core.windows.net/global-buildings/2026-02-03/global-buildings.geojsonl/RegionName=UnitedStates/quadkey=032020021/part-00134-4feead82-d499-422b-94cb-c036c212127a.c000.csv.gz
032020022,https://minedbuildings.z5.web.core.windows.net/global-buildings/2026-02-03/global-buildings.geojsonl/RegionName=UnitedStates/quadkey=032020022/part-00048-4feead82-d499-422b-94cb-c036c212127a.c000.csv.gz
032020023,https://minedbuildings.z5.web.core.windows.net/global-buildings/2026-02-03/global-buildings.geojsonl/RegionName=UnitedStates/quadkey=032020023/part-00177-4feead82-d499-422b-94cb-c036c212127a.c000.csv.gz
032020030,https://minedbuildings.z5.web.core.windows.net/global-buildings/2026-02-03/global-buildings.geojsonl/RegionName=UnitedStates/quadkey=032020030/part-00117-4feead82-d499-422b-94cb-c036c212127a.c000.csv.gz
032020031,https://minedbuildings.z5.web.core.windows.net/global-buildings/2026-02-03/global-buildings.geojsonl/RegionName=UnitedStates/quadkey=032020031/part-00178-4feead82-d499-422b-94cb-c036c212127a.c000.csv.gz
032020100,https://minedbuildings.z5.web.core.windows.net/global-buildings/2026-02-03/global-buildings.geojsonl/RegionName=UnitedStates/quadkey=032020100/part-00137-4feead82-d499-422b-94cb-c036c212127a.c000.csv.gz
032020101,https://minedbuildings.z5.web.core.windows.net/global-buildings/2026-02-03/global-buildings.geojsonl/RegionName=UnitedStates/quadkey=032020101/part-00129-4feead82-d499-422b-94cb-c036c212127a.c000.csv.gz
032020102,https://minedbuildings.z5.web.core.windows.net/global-buildings/2026-02-03/global-buildings.geojsonl/RegionName=UnitedStates/quadkey=032020102/part-00170-4feead82-d499-422b-94cb-c036c212127a.c000.csv.gz
032020103,https://minedbuildings.z5.web.core.windows.net/global-buildings/2026-02-03/global-buildings.geojsonl/RegionName=UnitedStates/quadkey=032020103/part-00073-4feead82-d499-422b-94cb-c036c212127a.c000.csv.gz
032020110,https://minedbuildings.z5.web.core.windows.net/global-buildings/2026-02-03/global-buildings.geojsonl/RegionName=UnitedStates/quadkey=032020110/part-00011-4feead82-d499-422b-94cb-c036c212127a.c000.csv.gz
032020111,https://minedbuildings.z5.web.core.windows.net/global-buildings/2026-02-03/global-buildings.geojsonl/RegionName=UnitedStates/quadkey=032020111/part-00057-4feead82-d499-422b-94cb-c036c212127a.c000.csv.gz
032020112,https://minedbuildings.z5.web.core.windows.net/global-buildings/2026-02-03/global-buildings.geojsonl/RegionName=UnitedStates/quadkey=032020112/part-00016-4feead82-d499-422b-94cb-c036c212127a.c000.csv.gz
032020113,https://minedbuildings.z5.web.core.windows.net/global-buildings/2026-02-03/global-buildings.geojsonl/RegionName=UnitedStates/quadkey=032020113/part-00007-4feead82-d499-422b-94cb-c036c212127a.c000.csv.gz
032020120,https://minedbuildings.z5.web.core.windows.net/global-buildings/2026-02-03/global-buildings.geojsonl/RegionName=UnitedStates/quadkey=032020120/part-00192-4feead82-d499-422b-94cb-c036c212127a.c000.csv.gz
032020121,https://minedbuildings.z5.web.core.windows.net/global-buildings/2026-02-03/global-buildings.geojsonl/RegionName=UnitedStates/quadkey=032020121/part-00130-4feead82-d499-422b-94cb-c036c212127a.c000.csv.gz
032020130,https://minedbuildings.z5.web.core.windows.net/global-buildings/2026-02-03/global-buildings.geojsonl/RegionName=UnitedStates/quadkey=032020130/part-00176-4feead82-d499-422b-94cb-c036c212127a.c000.csv.gz
032020131,https://minedbuildings.z5.web.core.windows.net/global-buildings/2026-02-03/global-buildings.geojsonl/RegionName=UnitedStates/quadkey=032020131/part-00129-4feead82-d499-422b-94cb-c036c212127a.c000.csv.gz
032020132,https://minedbuildings.z5.web.core.windows.net/global-buildings/2026-02-03/global-buildings.geojsonl/RegionName=UnitedStates/quadkey=032020132/part-00002-4feead82-d499-422b-94cb-c036c212127a.c000.csv.gz
032020133,https://minedbuildings.z5.web.core.windows.net/global-buildings/2026-02-03/global-buildings.geojsonl/RegionName=UnitedStates/quadkey=032020133/part-00025-4feead82-d499-422b-94cb-c036c212127a.c000.csv.gz
032020200,https://minedbuildings.z5.web.core.windows.net/global-buildings/2026-02-03/global-buildings.geojsonl/RegionName=UnitedStates/quadkey=032020200/part-00164-4feead82-d499-422b-94cb-c036c212127a.c000.csv.gz
032020201,https://minedbuildings.z5.web.core.windows.net/global-buildings/2026-02-03/global-buildings.geojsonl/RegionName=UnitedStates/quadkey=032020201/part-00074-4feead82-d499-422b-94cb-c036c212127a.c000.csv.gz
032021000,https://minedbuildings.z5.web.core.windows.net/global-buildings/2026-02-03/global-buildings.geojsonl/RegionName=UnitedStates/quadkey=032021000/part-00068-4feead82-d499-422b-94cb-c036c212127a.c000.csv.gz
032021001,https://minedbuildings.z5.web.core.windows.net/global-buildings/2026-02-03/global-buildings.geojsonl/RegionName=UnitedStates/quadkey=032021001/part-00148-4feead82-d499-422b-94cb-c036c212127a.c000.csv.gz
032021002,https://minedbuildings.z5.web.core.windows.net/global-buildings/2026-02-03/global-buildings.geojsonl/RegionName=UnitedStates/quadkey=032021002/part-00147-4feead82-d499-422b-94cb-c036c212127a.c000.csv.gz
032021003,https://minedbuildings.z5.web.core.windows.net/global-buildings/2026-02-03/global-buildings.geojsonl/RegionName=UnitedStates/quadkey=032021003/part-00182-4feead82-d499-422b-94cb-c036c212127a.c000.csv.gz
032021010,https://minedbuildings.z5.web.core.windows.net/global-buildings/2026-02-03/global-buildings.geojsonl/RegionName=UnitedStates/quadkey=032021010/part-00127-4feead82-d499-422b-94cb-c036c212127a.c000.csv.gz
032021011,https://minedbuildings.z5.web.core.windows.net/global-buildings/2026-02-03/global-buildings.geojsonl/RegionName=UnitedStates/quadkey=032021011/part-00004-4feead82-d499-422b-94cb-c036c212127a.c000.csv.gz
032021012,https://minedbuildings.z5.web.core.windows.net/global-buildings/2026-02-03/global-buildings.geojsonl/RegionName=UnitedStates/quadkey=032021012/part-00118-4feead82-d499-422b-94cb-c036c212127a.c000.csv.gz
032021013,https://minedbuildings.z5.web.core.windows.net/global-buildings/2026-02-03/global-buildings.geojsonl/RegionName=UnitedStates/quadkey=032021013/part-00018-4feead82-d499-422b-94cb-c036c212127a.c000.csv.gz
032021020,https://minedbuildings.z5.web.core.windows.net/global-buildings/2026-02-03/global-buildings.geojsonl/RegionName=UnitedStates/quadkey=032021020/part-00066-4feead82-d499-422b-94cb-c036c212127a.c000.csv.gz
032021021,https://minedbuildings.z5.web.core.windows.net/global-buildings/2026-02-03/global-buildings.geojsonl/RegionName=UnitedStates/quadkey=032021021/part-00170-4feead82-d499-422b-94cb-c036c212127a.c000.csv.gz
032021022,https://minedbuildings.z5.web.core.windows.net/global-buildings/2026-02-03/global-buildings.geojsonl/RegionName=UnitedStates/quadkey=032021022/part-00104-4feead82-d499-422b-94cb-c036c212127a.c000.csv.gz
032021023,https://minedbuildings.z5.web.core.windows.net/global-buildings/2026-02-03/global-buildings.geojsonl/RegionName=UnitedStates/quadkey=032021023/part-00185-4feead82-d499-422b-94cb-c036c212127a.c000.csv.gz
032021030,https://minedbuildings.z5.web.core.windows.net/global-buildings/2026-02-03/global-buildings.geojsonl/RegionName=UnitedStates/quadkey=032021030/part-00136-4feead82-d499-422b-94cb-c036c212127a.c000.csv.gz
032021031,https://minedbuildings.z5.web.core.windows.net/global-buildings/2026-02-03/global-buildings.geojsonl/RegionName=UnitedStates/quadkey=032021031/part-00009-4feead82-d499-422b-94cb-c036c212127a.c000.csv.gz
032021032,https://minedbuildings.z5.web.core.windows.net/global-buildings/2026-02-03/global-buildings.geojsonl/RegionName=UnitedStates/quadkey=032021032/part-00035-4feead82-d499-422b-94cb-c036c212127a.c000.csv.gz
032021033,https://minedbuildings.z5.web.core.windows.net/global-buildings/2026-02-03/global-buildings.geojsonl/RegionName=UnitedStates/quadkey=032021033/part-00131-4feead82-d499-422b-94cb-c036c212127a.c000.csv.gz
032021100,https://minedbuildings.z5.web.core.windows.net/global-buildings/2026-02-03/global-buildings.geojsonl/RegionName=UnitedStates/quadkey=032021100/part-00052-4feead82-d499-422b-94cb-c036c212127a.c000.csv.gz
032021102,https://minedbuildings.z5.web.core.windows.net/global-buildings/2026-02-03/global-buildings.geojsonl/RegionName=UnitedStates/quadkey=032021102/part-00190-4feead82-d499-422b-94cb-c036c212127a.c000.csv.gz
032021120,https://minedbuildings.z5.web.core.windows.net/global-buildings/2026-02-03/global-buildings.geojsonl/RegionName=UnitedStates/quadkey=032021120/part-00006-4feead82-d499-422b-94cb-c036c212127a.c000.csv.gz
032021122,https://minedbuildings.z5.web.core.windows.net/global-buildings/2026-02-03/global-buildings.geojsonl/RegionName=UnitedStates/quadkey=032021122/part-00081-4feead82-d499-422b-94cb-c036c212127a.c000.csv.gz
032021201,https://minedbuildings.z5.web.core.windows.net/global-buildings/2026-02-03/global-buildings.geojsonl/RegionName=UnitedStates/quadkey=032021201/part-00131-4feead82-d499-422b-94cb-c036c212127a.c000.csv.gz
032021210,https://minedbuildings.z5.web.core.windows.net/global-buildings/2026-02-03/global-buildings.geojsonl/RegionName=UnitedStates/quadkey=032021210/part-00030-4feead82-d499-422b-94cb-c036c212127a.c000.csv.gz
032021211,https://minedbuildings.z5.web.core.windows.net/global-buildings/2026-02-03/global-buildings.geojsonl/RegionName=UnitedStates/quadkey=032021211/part-00105-4feead82-d499-422b-94cb-c036c212127a.c000.csv.gz
032021212,https://minedbuildings.z5.web.core.windows.net/global-buildings/2026-02-03/global-buildings.geojsonl/RegionName=UnitedStates/quadkey=032021212/part-00040-4feead82-d499-422b-94cb-c036c212127a.c000.csv.gz
032021213,https://minedbuildings.z5.web.core.windows.net/global-buildings/2026-02-03/global-buildings.geojsonl/RegionName=UnitedStates/quadkey=032021213/part-00001-4feead82-d499-422b-94cb-c036c212127a.c000.csv.gz
032021230,https://minedbuildings.z5.web.core.windows.net/global-buildings/2026-02-03/global-buildings.geojsonl/RegionName=UnitedStates/quadkey=032021230/part-00174-4feead82-d499-422b-94cb-c036c212127a.c000.csv.gz
032021231,https://minedbuildings.z5.web.core.windows.net/global-buildings/2026-02-03/global-buildings.geojsonl/RegionName=UnitedStates/quadkey=032021231/part-00020-4feead82-d499-422b-94cb-c036c212127a.c000.csv.gz
032021232,https://minedbuildings.z5.web.core.windows.net/global-buildings/2026-02-03/global-buildings.geojsonl/RegionName=UnitedStates/quadkey=032021232/part-00104-4feead82-d499-422b-94cb-c036c212127a.c000.csv.gz
032021233,https://minedbuildings.z5.web.core.windows.net/global-buildings/2026-02-03/global-buildings.geojsonl/RegionName=UnitedStates/quadkey=032021233/part-00133-4feead82-d499-422b-94cb-c036c212127a.c000.csv.gz
032021300,https://minedbuildings.z5.web.core.windows.net/global-buildings/2026-02-03/global-buildings.geojsonl/RegionName=UnitedStates/quadkey=032021300/part-00086-4feead82-d499-422b-94cb-c036c212127a.c000.csv.gz
032021301,https://minedbuildings.z5.web.core.windows.net/global-buildings/2026-02-03/global-buildings.geojsonl/RegionName=UnitedStates/quadkey=032021301/part-00084-4feead82-d499-422b-94cb-c036c212127a.c000.csv.gz
032021302,https://minedbuildings.z5.web.core.windows.net/global-buildings/2026-02-03/global-buildings.geojsonl/RegionName=UnitedStates/quadkey=032021302/part-00155-4feead82-d499-422b-94cb-c036c212127a.c000.csv.gz
032021303,https://minedbuildings.z5.web.core.windows.net/global-buildings/2026-02-03/global-buildings.geojsonl/RegionName=UnitedStates/quadkey=032021303/part-00003-4feead82-d499-422b-94cb-c036c212127a.c000.csv.gz
032021320,https://minedbuildings.z5.web.core.windows.net/global-buildings/2026-02-03/global-buildings.geojsonl/RegionName=UnitedStates/quadkey=032021320/part-00130-4feead82-d499-422b-94cb-c036c212127a.c000.csv.gz
032021321,https://minedbuildings.z5.web.core.windows.net/global-buildings/2026-02-03/global-buildings.geojsonl/RegionName=UnitedStates/quadkey=032021321/part-00026-4feead82-d499-422b-94cb-c036c212127a.c000.csv.gz
032021322,https://minedbuildings.z5.web.core.windows.net/global-buildings/2026-02-03/global-buildings.geojsonl/RegionName=UnitedStates/quadkey=032021322/part-00157-4feead82-d499-422b-94cb-c036c212127a.c000.csv.gz
032021323,https://minedbuildings.z5.web.core.windows.net/global-buildings/2026-02-03/global-buildings.geojsonl/RegionName=UnitedStates/quadkey=032021323/part-00185-4feead82-d499-422b-94cb-c036c212127a.c000.csv.gz
032021332,https://minedbuildings.z5.web.core.windows.net/global-buildings/2026-02-03/global-buildings.geojsonl/RegionName=UnitedStates/quadkey=032021332/part-00150-4feead82-d499-422b-94cb-c036c212127a.c000.csv.gz
032023010,https://minedbuildings.z5.web.core.windows.net/global-buildings/2026-02-03/global-buildings.geojsonl/RegionName=UnitedStates/quadkey=032023010/part-00185-4feead82-d499-422b-94cb-c036c212127a.c000.csv.gz
032023011,https://minedbuildings.z5.web.core.windows.net/global-buildings/2026-02-03/global-buildings.geojsonl/RegionName=UnitedStates/quadkey=032023011/part-00035-4feead82-d499-422b-94cb-c036c212127a.c000.csv.gz
032023013,https://minedbuildings.z5.web.core.windows.net/global-buildings/2026-02-03/global-buildings.geojsonl/RegionName=UnitedStates/quadkey=032023013/part-00125-4feead82-d499-422b-94cb-c036c212127a.c000.csv.gz
032023032,https://minedbuildings.z5.web.core.windows.net/global-buildings/2026-02-03/global-buildings.geojsonl/RegionName=UnitedStates/quadkey=032023032/part-00187-4feead82-d499-422b-94cb-c036c212127a.c000.csv.gz
032023033,https://minedbuildings.z5.web.core.windows.net/global-buildings/2026-02-03/global-buildings.geojsonl/RegionName=UnitedStates/quadkey=032023033/part-00065-4feead82-d499-422b-94cb-c036c212127a.c000.csv.gz
032023100,https://minedbuildings.z5.web.core.windows.net/global-buildings/2026-02-03/global-buildings.geojsonl/RegionName=UnitedStates/quadkey=032023100/part-00061-4feead82-d499-422b-94cb-c036c212127a.c000.csv.gz
032023101,https://minedbuildings.z5.web.core.windows.net/global-buildings/2026-02-03/global-buildings.geojsonl/RegionName=UnitedStates/quadkey=032023101/part-00008-4feead82-d499-422b-94cb-c036c212127a.c000.csv.gz
032023102,https://minedbuildings.z5.web.core.windows.net/global-buildings/2026-02-03/global-buildings.geojsonl/RegionName=UnitedStates/quadkey=032023102/part-00158-4feead82-d499-422b-94cb-c036c212127a.c000.csv.gz
032023103,https://minedbuildings.z5.web.core.windows.net/global-buildings/2026-02-03/global-buildings.geojsonl/RegionName=UnitedStates/quadkey=032023103/part-00184-4feead82-d499-422b-94cb-c036c212127a.c000.csv.gz
032023110,https://minedbuildings.z5.web.core.windows.net/global-buildings/2026-02-03/global-buildings.geojsonl/RegionName=UnitedStates/quadkey=032023110/part-00127-4feead82-d499-422b-94cb-c036c212127a.c000.csv.gz
032023112,https://minedbuildings.z5.web.core.windows.net/global-buildings/2026-02-03/global-buildings.geojsonl/RegionName=UnitedStates/quadkey=032023112/part-00067-4feead82-d499-422b-94cb-c036c212127a.c000.csv.gz
032023120,https://minedbuildings.z5.web.core.windows.net/global-buildings/2026-02-03/global-buildings.geojsonl/RegionName=UnitedStates/quadkey=032023120/part-00067-4feead82-d499-422b-94cb-c036c212127a.c000.csv.gz
032023121,https://minedbuildings.z5.web.core.windows.net/global-buildings/2026-02-03/global-buildings.geojsonl/RegionName=UnitedStates/quadkey=032023121/part-00187-4feead82-d499-422b-94cb-c036c212127a.c000.csv.gz
032023122,https://minedbuildings.z5.web.core.windows.net/global-buildings/2026-02-03/global-buildings.geojsonl/RegionName=UnitedStates/quadkey=032023122/part-00133-4feead82-d499-422b-94cb-c036c212127a.c000.csv.gz
032023123,https://minedbuildings.z5.web.core.windows.net/global-buildings/2026-02-03/global-buildings.geojsonl/RegionName=UnitedStates/quadkey=032023123/part-00022-4feead82-d499-422b-94cb-c036c212127a.c000.csv.gz
032023130,https://minedbuildings.z5.web.core.windows.net/global-buildings/2026-02-03/global-buildings.geojsonl/RegionName=UnitedStates/quadkey=032023130/part-00029-4feead82-d499-422b-94cb-c036c212127a.c000.csv.gz
